2026-06-08 20:17:25 [main] INFO  Baseclass - config.property file loaded
2026-06-08 20:17:26 [main] INFO  Baseclass - ChromeDriver Instance is created
2026-06-08 20:17:35 [main] INFO  Baseclass - WebDriver initialized and Browser MAximized
2026-06-08 20:17:35 [main] TRACE Baseclass - this is a Trace message
2026-06-08 20:17:35 [main] DEBUG Baseclass - this is a debug message
2026-06-08 20:17:35 [main] WARN  Baseclass - this is a warn message
2026-06-08 20:17:35 [main] INFO  ActionDriver - WebDriver instance is created
2026-06-08 20:17:35 [main] INFO  Baseclass - ActionDrievr instance is created.
2026-06-08 20:17:35 [main] INFO  ActionDriver - entered textadmin
2026-06-08 20:17:36 [main] INFO  ActionDriver - entered textadmin
2026-06-08 20:17:36 [main] INFO  ActionDriver - clicked an elment
2026-06-08 20:17:40 [main] INFO  Baseclass - WebDriver instance is closed
2026-06-08 20:17:41 [main] INFO  Baseclass - ChromeDriver Instance is created
2026-06-08 20:17:51 [main] INFO  Baseclass - WebDriver initialized and Browser MAximized
2026-06-08 20:17:51 [main] TRACE Baseclass - this is a Trace message
2026-06-08 20:17:51 [main] DEBUG Baseclass - this is a debug message
2026-06-08 20:17:51 [main] WARN  Baseclass - this is a warn message
2026-06-08 20:17:51 [main] INFO  ActionDriver - WebDriver instance is created
2026-06-08 20:17:51 [main] INFO  Baseclass - ActionDrievr instance is created.
2026-06-08 20:17:51 [main] INFO  ActionDriver - entered textadmin
2026-06-08 20:17:51 [main] INFO  ActionDriver - entered textadmin123
2026-06-08 20:17:51 [main] INFO  ActionDriver - clicked an elment
2026-06-08 20:17:55 [main] INFO  Baseclass - WebDriver instance is closed
2026-06-09 08:04:55 [main] INFO  Baseclass - config.property file loaded
2026-06-09 08:05:00 [main] INFO  Baseclass - ChromeDriver Instance is created
2026-06-09 08:05:07 [main] INFO  Baseclass - WebDriver initialized and Browser MAximized
2026-06-09 08:05:07 [main] TRACE Baseclass - this is a Trace message
2026-06-09 08:05:07 [main] DEBUG Baseclass - this is a debug message
2026-06-09 08:05:07 [main] WARN  Baseclass - this is a warn message
2026-06-09 08:05:07 [main] INFO  ActionDriver - WebDriver instance is created
2026-06-09 08:05:07 [main] INFO  Baseclass - ActionDrievr instance is created.
2026-06-09 08:05:07 [main] INFO  ActionDriver - entered textElement with name;username admin
2026-06-09 08:05:07 [main] INFO  ActionDriver - entered textElement with name;password admin
2026-06-09 08:05:07 [main] INFO  ActionDriver - clicked an elment-->Element with text;Login
2026-06-09 08:05:09 [main] INFO  Baseclass - WebDriver instance is closed
2026-06-09 08:05:10 [main] INFO  Baseclass - ChromeDriver Instance is created
2026-06-09 08:05:13 [main] INFO  Baseclass - WebDriver initialized and Browser MAximized
2026-06-09 08:05:13 [main] TRACE Baseclass - this is a Trace message
2026-06-09 08:05:13 [main] DEBUG Baseclass - this is a debug message
2026-06-09 08:05:13 [main] WARN  Baseclass - this is a warn message
2026-06-09 08:05:13 [main] INFO  ActionDriver - WebDriver instance is created
2026-06-09 08:05:13 [main] INFO  Baseclass - ActionDrievr instance is created.
2026-06-09 08:05:16 [main] INFO  ActionDriver - entered textElement with name;username admin
2026-06-09 08:05:17 [main] INFO  ActionDriver - entered textElement with name;password admin123
2026-06-09 08:05:18 [main] INFO  ActionDriver - clicked an elment-->Element with text;Login
2026-06-09 08:05:20 [main] INFO  ActionDriver - element is displayed: Element with text;Admin
2026-06-09 08:05:23 [main] INFO  Baseclass - WebDriver instance is closed
2026-06-09 08:08:49 [main] INFO  Baseclass - config.property file loaded
2026-06-09 08:08:52 [main] INFO  Baseclass - ChromeDriver Instance is created
2026-06-09 08:08:59 [main] INFO  Baseclass - WebDriver initialized and Browser MAximized
2026-06-09 08:08:59 [main] TRACE Baseclass - this is a Trace message
2026-06-09 08:08:59 [main] DEBUG Baseclass - this is a debug message
2026-06-09 08:08:59 [main] WARN  Baseclass - this is a warn message
2026-06-09 08:08:59 [main] INFO  ActionDriver - WebDriver instance is created
2026-06-09 08:08:59 [main] INFO  Baseclass - ActionDrievr instance is created.
2026-06-09 08:08:59 [main] INFO  ActionDriver - entered text on Element with name;username--> admin
2026-06-09 08:09:00 [main] INFO  ActionDriver - entered text on Element with name;password--> admin
2026-06-09 08:09:00 [main] INFO  ActionDriver - clicked an elment-->Element with text;Login
2026-06-09 08:09:03 [main] INFO  Baseclass - WebDriver instance is closed
2026-06-09 08:09:05 [main] INFO  Baseclass - ChromeDriver Instance is created
2026-06-09 08:09:13 [main] INFO  Baseclass - WebDriver initialized and Browser MAximized
2026-06-09 08:09:13 [main] TRACE Baseclass - this is a Trace message
2026-06-09 08:09:13 [main] DEBUG Baseclass - this is a debug message
2026-06-09 08:09:13 [main] WARN  Baseclass - this is a warn message
2026-06-09 08:09:13 [main] INFO  ActionDriver - WebDriver instance is created
2026-06-09 08:09:13 [main] INFO  Baseclass - ActionDrievr instance is created.
2026-06-09 08:09:13 [main] INFO  ActionDriver - entered text on Element with name;username--> admin
2026-06-09 08:09:13 [main] INFO  ActionDriver - entered text on Element with name;password--> admin123
2026-06-09 08:09:13 [main] INFO  ActionDriver - clicked an elment-->Element with text;Login
2026-06-09 08:09:15 [main] INFO  ActionDriver - element is displayed: Element with text;Admin
2026-06-09 08:09:16 [main] INFO  Baseclass - WebDriver instance is closed
2026-06-09 08:10:45 [main] INFO  Baseclass - config.property file loaded
2026-06-09 08:10:47 [main] INFO  Baseclass - ChromeDriver Instance is created
2026-06-09 08:10:56 [main] INFO  Baseclass - WebDriver initialized and Browser MAximized
2026-06-09 08:10:56 [main] TRACE Baseclass - this is a Trace message
2026-06-09 08:10:56 [main] DEBUG Baseclass - this is a debug message
2026-06-09 08:10:56 [main] WARN  Baseclass - this is a warn message
2026-06-09 08:10:56 [main] INFO  ActionDriver - WebDriver instance is created
2026-06-09 08:10:56 [main] INFO  Baseclass - ActionDrievr instance is created.
2026-06-09 08:10:56 [main] INFO  ActionDriver - entered text on Element with name;username--> admin
2026-06-09 08:10:56 [main] INFO  ActionDriver - entered text on Element with name;password--> admin
2026-06-09 08:10:56 [main] INFO  ActionDriver - clicked an elment-->Element with text;Login
2026-06-09 08:10:58 [main] INFO  Baseclass - WebDriver instance is closed
2026-06-09 08:11:00 [main] INFO  Baseclass - ChromeDriver Instance is created
2026-06-09 08:11:05 [main] INFO  Baseclass - WebDriver initialized and Browser MAximized
2026-06-09 08:11:05 [main] TRACE Baseclass - this is a Trace message
2026-06-09 08:11:05 [main] DEBUG Baseclass - this is a debug message
2026-06-09 08:11:05 [main] WARN  Baseclass - this is a warn message
2026-06-09 08:11:05 [main] INFO  ActionDriver - WebDriver instance is created
2026-06-09 08:11:05 [main] INFO  Baseclass - ActionDrievr instance is created.
2026-06-09 08:11:06 [main] INFO  ActionDriver - entered text on Element with name;username--> admin
2026-06-09 08:11:06 [main] INFO  ActionDriver - entered text on Element with name;password--> admin123
2026-06-09 08:11:06 [main] INFO  ActionDriver - clicked an elment-->Element with text;Login
2026-06-09 08:11:08 [main] INFO  ActionDriver - element is displayed: Element with text;Admin
2026-06-09 08:11:08 [main] INFO  Baseclass - WebDriver instance is closed
2026-06-09 08:11:24 [main] INFO  Baseclass - config.property file loaded
2026-06-09 08:11:26 [main] INFO  Baseclass - config.property file loaded
2026-06-09 08:11:28 [main] INFO  Baseclass - ChromeDriver Instance is created
2026-06-09 08:11:28 [main] INFO  Baseclass - config.property file loaded
2026-06-09 08:11:31 [main] INFO  Baseclass - ChromeDriver Instance is created
2026-06-09 08:11:33 [main] INFO  Baseclass - ChromeDriver Instance is created
2026-06-09 08:11:34 [main] INFO  Baseclass - WebDriver initialized and Browser MAximized
2026-06-09 08:11:34 [main] TRACE Baseclass - this is a Trace message
2026-06-09 08:11:34 [main] DEBUG Baseclass - this is a debug message
2026-06-09 08:11:34 [main] WARN  Baseclass - this is a warn message
2026-06-09 08:11:34 [main] INFO  ActionDriver - WebDriver instance is created
2026-06-09 08:11:34 [main] INFO  Baseclass - ActionDrievr instance is created.
2026-06-09 08:11:35 [main] INFO  Baseclass - WebDriver initialized and Browser MAximized
2026-06-09 08:11:35 [main] TRACE Baseclass - this is a Trace message
2026-06-09 08:11:35 [main] DEBUG Baseclass - this is a debug message
2026-06-09 08:11:35 [main] WARN  Baseclass - this is a warn message
2026-06-09 08:11:35 [main] INFO  ActionDriver - WebDriver instance is created
2026-06-09 08:11:35 [main] INFO  Baseclass - ActionDrievr instance is created.
2026-06-09 08:11:36 [main] INFO  ActionDriver - entered text on Element with name;username--> admin
2026-06-09 08:11:36 [main] INFO  ActionDriver - entered text on Element with name;password--> admin123
2026-06-09 08:11:38 [main] INFO  ActionDriver - clicked an elment-->Element with text;Login
2026-06-09 08:11:39 [main] INFO  ActionDriver - element is displayed: Element with text;Admin
2026-06-09 08:11:40 [main] INFO  Baseclass - WebDriver instance is closed
2026-06-09 08:11:50 [main] INFO  Baseclass - WebDriver initialized and Browser MAximized
2026-06-09 08:11:50 [main] TRACE Baseclass - this is a Trace message
2026-06-09 08:11:50 [main] DEBUG Baseclass - this is a debug message
2026-06-09 08:11:50 [main] WARN  Baseclass - this is a warn message
2026-06-09 08:11:50 [main] INFO  ActionDriver - WebDriver instance is created
2026-06-09 08:11:50 [main] INFO  Baseclass - ActionDrievr instance is created.
2026-06-09 08:11:50 [main] INFO  ActionDriver - entered text on Element with name;username--> admin
2026-06-09 08:11:50 [main] INFO  ActionDriver - entered text on Element with name;password--> admin123
2026-06-09 08:11:52 [main] INFO  ActionDriver - clicked an elment-->Element with text;Login
2026-06-09 08:11:53 [main] INFO  ActionDriver - element is displayed: Element with text;Admin
2026-06-09 08:11:53 [main] INFO  Baseclass - WebDriver instance is closed
2026-06-09 08:12:46 [main] INFO  Baseclass - config.property file loaded
2026-06-09 08:12:50 [main] INFO  Baseclass - config.property file loaded
2026-06-09 08:12:50 [main] INFO  Baseclass - ChromeDriver Instance is created
2026-06-09 08:12:51 [main] INFO  Baseclass - config.property file loaded
2026-06-09 08:12:54 [main] INFO  Baseclass - ChromeDriver Instance is created
2026-06-09 08:12:55 [main] INFO  Baseclass - ChromeDriver Instance is created
2026-06-09 08:12:57 [main] INFO  Baseclass - WebDriver initialized and Browser MAximized
2026-06-09 08:12:57 [main] TRACE Baseclass - this is a Trace message
2026-06-09 08:12:57 [main] DEBUG Baseclass - this is a debug message
2026-06-09 08:12:57 [main] WARN  Baseclass - this is a warn message
2026-06-09 08:12:57 [main] INFO  ActionDriver - WebDriver instance is created
2026-06-09 08:12:57 [main] INFO  Baseclass - ActionDrievr instance is created.
2026-06-09 08:12:58 [main] INFO  ActionDriver - entered text on Element with name;username--> admin
2026-06-09 08:12:58 [main] INFO  ActionDriver - entered text on Element with name;password--> admin123
2026-06-09 08:12:58 [main] INFO  Baseclass - WebDriver initialized and Browser MAximized
2026-06-09 08:12:58 [main] TRACE Baseclass - this is a Trace message
2026-06-09 08:12:58 [main] DEBUG Baseclass - this is a debug message
2026-06-09 08:12:58 [main] WARN  Baseclass - this is a warn message
2026-06-09 08:12:58 [main] INFO  ActionDriver - WebDriver instance is created
2026-06-09 08:12:58 [main] INFO  Baseclass - ActionDrievr instance is created.
2026-06-09 08:12:59 [main] INFO  ActionDriver - clicked an elment-->Element with text;Login
2026-06-09 08:13:00 [main] INFO  Baseclass - WebDriver initialized and Browser MAximized
2026-06-09 08:13:00 [main] TRACE Baseclass - this is a Trace message
2026-06-09 08:13:00 [main] DEBUG Baseclass - this is a debug message
2026-06-09 08:13:00 [main] WARN  Baseclass - this is a warn message
2026-06-09 08:13:00 [main] INFO  ActionDriver - WebDriver instance is created
2026-06-09 08:13:00 [main] INFO  Baseclass - ActionDrievr instance is created.
2026-06-09 08:13:00 [main] INFO  ActionDriver - element is displayed: Element with text;Admin
2026-06-09 08:13:01 [main] INFO  ActionDriver - entered text on Element with name;username--> admin
2026-06-09 08:13:02 [main] INFO  ActionDriver - entered text on Element with name;password--> admin123
2026-06-09 08:13:02 [main] INFO  ActionDriver - clicked an elment-->Element with text;Login
2026-06-09 08:13:02 [main] INFO  Baseclass - WebDriver instance is closed
2026-06-09 08:13:03 [main] INFO  ActionDriver - entered text on Element with name;username--> admin
2026-06-09 08:13:04 [main] INFO  ActionDriver - element is displayed: Element with text;Admin
2026-06-09 08:13:04 [main] INFO  ActionDriver - entered text on Element with name;password--> admin123
2026-06-09 08:13:04 [main] INFO  ActionDriver - clicked an elment-->Element with text;Login
2026-06-09 08:13:05 [main] INFO  Baseclass - WebDriver instance is closed
2026-06-09 08:13:06 [main] INFO  ActionDriver - element is displayed: Element with text;Admin
2026-06-09 08:13:06 [main] INFO  Baseclass - WebDriver instance is closed
2026-06-09 08:14:01 [main] INFO  ActionDriver - element is displayed: Unable to describe the element
2026-06-09 08:14:02 [main] INFO  Baseclass - WebDriver instance is closed
2026-06-09 08:32:02 [main] INFO  Baseclass - config.property file loaded
2026-06-09 08:32:05 [main] INFO  Baseclass - ChromeDriver Instance is created
2026-06-09 08:32:09 [main] INFO  Baseclass - WebDriver initialized and Browser MAximized
2026-06-09 08:32:09 [main] TRACE Baseclass - this is a Trace message
2026-06-09 08:32:09 [main] DEBUG Baseclass - this is a debug message
2026-06-09 08:32:09 [main] WARN  Baseclass - this is a warn message
2026-06-09 08:32:09 [main] INFO  ActionDriver - WebDriver instance is created
2026-06-09 08:32:09 [main] INFO  Baseclass - ActionDrievr instance is created.
2026-06-09 08:32:09 [main] INFO  Baseclass - WebDriver instance is closed
2026-06-09 08:32:11 [main] INFO  Baseclass - ChromeDriver Instance is created
2026-06-09 08:32:14 [main] INFO  Baseclass - WebDriver initialized and Browser MAximized
2026-06-09 08:32:14 [main] TRACE Baseclass - this is a Trace message
2026-06-09 08:32:14 [main] DEBUG Baseclass - this is a debug message
2026-06-09 08:32:14 [main] WARN  Baseclass - this is a warn message
2026-06-09 08:32:14 [main] INFO  ActionDriver - WebDriver instance is created
2026-06-09 08:32:14 [main] INFO  Baseclass - ActionDrievr instance is created.
2026-06-09 08:32:14 [main] INFO  Baseclass - WebDriver instance is closed
2026-06-09 08:37:37 [main] INFO  Baseclass - config.property file loaded
2026-06-09 08:37:41 [TestNG-test-OrangeHRmTest-4] INFO  Baseclass - ChromeDriver Instance is created
2026-06-09 08:37:41 [TestNG-test-OrangeHRmTest-2] INFO  Baseclass - ChromeDriver Instance is created
2026-06-09 08:37:41 [TestNG-test-OrangeHRmTest-3] INFO  Baseclass - ChromeDriver Instance is created
2026-06-09 08:37:41 [TestNG-test-OrangeHRmTest-1] INFO  Baseclass - ChromeDriver Instance is created
2026-06-09 08:38:18 [TestNG-test-OrangeHRmTest-1] INFO  Baseclass - WebDriver initialized and Browser MAximized
2026-06-09 08:38:18 [TestNG-test-OrangeHRmTest-1] TRACE Baseclass - this is a Trace message
2026-06-09 08:38:18 [TestNG-test-OrangeHRmTest-1] DEBUG Baseclass - this is a debug message
2026-06-09 08:38:18 [TestNG-test-OrangeHRmTest-1] WARN  Baseclass - this is a warn message
2026-06-09 08:38:18 [TestNG-test-OrangeHRmTest-1] INFO  ActionDriver - WebDriver instance is created
2026-06-09 08:38:18 [TestNG-test-OrangeHRmTest-1] INFO  Baseclass - ActionDrievr instance is created.28
2026-06-09 08:38:18 [TestNG-test-OrangeHRmTest-2] INFO  Baseclass - WebDriver initialized and Browser MAximized
2026-06-09 08:38:18 [TestNG-test-OrangeHRmTest-3] INFO  Baseclass - WebDriver initialized and Browser MAximized
2026-06-09 08:38:18 [TestNG-test-OrangeHRmTest-2] TRACE Baseclass - this is a Trace message
2026-06-09 08:38:18 [TestNG-test-OrangeHRmTest-3] TRACE Baseclass - this is a Trace message
2026-06-09 08:38:18 [TestNG-test-OrangeHRmTest-2] DEBUG Baseclass - this is a debug message
2026-06-09 08:38:18 [TestNG-test-OrangeHRmTest-2] WARN  Baseclass - this is a warn message
2026-06-09 08:38:18 [TestNG-test-OrangeHRmTest-3] DEBUG Baseclass - this is a debug message
2026-06-09 08:38:18 [TestNG-test-OrangeHRmTest-3] WARN  Baseclass - this is a warn message
2026-06-09 08:38:18 [TestNG-test-OrangeHRmTest-4] INFO  Baseclass - WebDriver initialized and Browser MAximized
2026-06-09 08:38:18 [TestNG-test-OrangeHRmTest-4] TRACE Baseclass - this is a Trace message
2026-06-09 08:38:18 [TestNG-test-OrangeHRmTest-4] DEBUG Baseclass - this is a debug message
2026-06-09 08:38:18 [TestNG-test-OrangeHRmTest-4] WARN  Baseclass - this is a warn message
2026-06-09 08:38:18 [TestNG-test-OrangeHRmTest-2] INFO  Baseclass - WebDriver instance is closed
2026-06-09 08:38:18 [TestNG-test-OrangeHRmTest-1] INFO  Baseclass - WebDriver instance is closed
2026-06-09 08:38:19 [TestNG-test-OrangeHRmTest-3] INFO  Baseclass - WebDriver instance is closed
2026-06-09 08:38:19 [TestNG-test-OrangeHRmTest-4] INFO  ActionDriver - element is displayed Unable to describe the element
2026-06-09 08:38:19 [TestNG-test-OrangeHRmTest-4] INFO  Baseclass - WebDriver instance is closed
2026-06-09 08:38:20 [TestNG-test-OrangeHRmTest-3] INFO  Baseclass - ChromeDriver Instance is created
2026-06-09 08:38:32 [TestNG-test-OrangeHRmTest-3] INFO  Baseclass - WebDriver initialized and Browser MAximized
2026-06-09 08:38:32 [TestNG-test-OrangeHRmTest-3] TRACE Baseclass - this is a Trace message
2026-06-09 08:38:32 [TestNG-test-OrangeHRmTest-3] DEBUG Baseclass - this is a debug message
2026-06-09 08:38:32 [TestNG-test-OrangeHRmTest-3] WARN  Baseclass - this is a warn message
2026-06-09 08:38:32 [TestNG-test-OrangeHRmTest-3] INFO  ActionDriver - WebDriver instance is created
2026-06-09 08:38:32 [TestNG-test-OrangeHRmTest-3] INFO  Baseclass - ActionDrievr instance is created.30
2026-06-09 08:38:32 [TestNG-test-OrangeHRmTest-3] INFO  ActionDriver - element is displayed Unable to describe the element
2026-06-09 08:38:32 [TestNG-test-OrangeHRmTest-3] INFO  Baseclass - WebDriver instance is closed
2026-06-09 09:04:39 [main] INFO  Baseclass - config.property file loaded
2026-06-09 09:04:41 [TestNG-test-OrangeHRmTest-3] INFO  Baseclass - ChromeDriver Instance is created
2026-06-09 09:04:41 [TestNG-test-OrangeHRmTest-2] INFO  Baseclass - ChromeDriver Instance is created
2026-06-09 09:04:41 [TestNG-test-OrangeHRmTest-4] INFO  Baseclass - ChromeDriver Instance is created
2026-06-09 09:04:43 [TestNG-test-OrangeHRmTest-1] INFO  Baseclass - ChromeDriver Instance is created
2026-06-09 09:28:34 [main] INFO  Baseclass - config.property file loaded
2026-06-09 09:29:14 [main] INFO  Baseclass - config.property file loaded
2026-06-09 09:31:49 [TestNG-test-OrangeHRmTest-4] INFO  Baseclass - ChromeDriver Instance is created
2026-06-09 09:31:53 [TestNG-test-OrangeHRmTest-4] INFO  Baseclass - WebDriver initialized and Browser MAximized
2026-06-09 09:31:53 [TestNG-test-OrangeHRmTest-4] TRACE Baseclass - this is a Trace message
2026-06-09 09:31:53 [TestNG-test-OrangeHRmTest-4] DEBUG Baseclass - this is a debug message
2026-06-09 09:31:53 [TestNG-test-OrangeHRmTest-4] WARN  Baseclass - this is a warn message
2026-06-09 09:31:53 [TestNG-test-OrangeHRmTest-4] INFO  ActionDriver - WebDriver instance is created
2026-06-09 09:31:53 [TestNG-test-OrangeHRmTest-4] INFO  Baseclass - WebDriver initialized for thread: 31
2026-06-09 09:32:00 [TestNG-test-OrangeHRmTest-1] INFO  Baseclass - ChromeDriver Instance is created
2026-06-09 09:32:06 [TestNG-test-OrangeHRmTest-1] INFO  Baseclass - WebDriver initialized and Browser MAximized
2026-06-09 09:32:06 [TestNG-test-OrangeHRmTest-1] TRACE Baseclass - this is a Trace message
2026-06-09 09:32:06 [TestNG-test-OrangeHRmTest-1] DEBUG Baseclass - this is a debug message
2026-06-09 09:32:06 [TestNG-test-OrangeHRmTest-1] WARN  Baseclass - this is a warn message
2026-06-09 09:32:06 [TestNG-test-OrangeHRmTest-1] INFO  ActionDriver - WebDriver instance is created
2026-06-09 09:32:06 [TestNG-test-OrangeHRmTest-1] INFO  Baseclass - WebDriver initialized for thread: 28
2026-06-09 09:32:06 [TestNG-test-OrangeHRmTest-1] INFO  Baseclass - WebDriver instance is closed
2026-06-09 09:32:30 [TestNG-test-OrangeHRmTest-2] INFO  Baseclass - ChromeDriver Instance is created
2026-06-09 09:32:59 [TestNG-test-OrangeHRmTest-2] INFO  Baseclass - WebDriver initialized and Browser MAximized
2026-06-09 09:32:59 [TestNG-test-OrangeHRmTest-2] TRACE Baseclass - this is a Trace message
2026-06-09 09:32:59 [TestNG-test-OrangeHRmTest-2] DEBUG Baseclass - this is a debug message
2026-06-09 09:32:59 [TestNG-test-OrangeHRmTest-2] WARN  Baseclass - this is a warn message
2026-06-09 09:32:59 [TestNG-test-OrangeHRmTest-2] INFO  ActionDriver - WebDriver instance is created
2026-06-09 09:32:59 [TestNG-test-OrangeHRmTest-2] INFO  Baseclass - WebDriver initialized for thread: 29
2026-06-09 09:32:59 [TestNG-test-OrangeHRmTest-2] INFO  Baseclass - WebDriver instance is closed
2026-06-09 09:33:16 [main] INFO  Baseclass - config.property file loaded
2026-06-09 09:34:01 [TestNG-test-OrangeHRmTest-4] INFO  Baseclass - ChromeDriver Instance is created
2026-06-09 09:34:01 [TestNG-test-OrangeHRmTest-3] INFO  Baseclass - ChromeDriver Instance is created
2026-06-09 09:34:36 [TestNG-test-OrangeHRmTest-4] INFO  Baseclass - WebDriver initialized and Browser MAximized
2026-06-09 09:34:36 [TestNG-test-OrangeHRmTest-4] TRACE Baseclass - this is a Trace message
2026-06-09 09:34:36 [TestNG-test-OrangeHRmTest-4] DEBUG Baseclass - this is a debug message
2026-06-09 09:34:36 [TestNG-test-OrangeHRmTest-4] WARN  Baseclass - this is a warn message
2026-06-09 09:34:36 [TestNG-test-OrangeHRmTest-4] INFO  ActionDriver - WebDriver instance is created
2026-06-09 09:34:36 [TestNG-test-OrangeHRmTest-4] INFO  Baseclass - WebDriver initialized for thread: 31
2026-06-09 09:34:38 [TestNG-test-OrangeHRmTest-3] INFO  Baseclass - WebDriver initialized and Browser MAximized
2026-06-09 09:34:38 [TestNG-test-OrangeHRmTest-3] TRACE Baseclass - this is a Trace message
2026-06-09 09:34:38 [TestNG-test-OrangeHRmTest-3] DEBUG Baseclass - this is a debug message
2026-06-09 09:34:38 [TestNG-test-OrangeHRmTest-3] WARN  Baseclass - this is a warn message
2026-06-09 09:34:38 [TestNG-test-OrangeHRmTest-3] INFO  ActionDriver - WebDriver instance is created
2026-06-09 09:34:38 [TestNG-test-OrangeHRmTest-3] INFO  Baseclass - WebDriver initialized for thread: 30
2026-06-09 09:34:38 [TestNG-test-OrangeHRmTest-3] INFO  Baseclass - WebDriver instance is closed
2026-06-09 09:35:18 [main] INFO  Baseclass - config.property file loaded
2026-06-09 09:35:41 [TestNG-test-OrangeHRmTest-4] INFO  Baseclass - ChromeDriver Instance is created
2026-06-09 09:35:41 [TestNG-test-OrangeHRmTest-3] INFO  Baseclass - ChromeDriver Instance is created
2026-06-09 09:35:41 [TestNG-test-OrangeHRmTest-1] INFO  Baseclass - ChromeDriver Instance is created
2026-06-09 09:35:53 [TestNG-test-OrangeHRmTest-3] INFO  Baseclass - WebDriver initialized and Browser MAximized
2026-06-09 09:35:53 [TestNG-test-OrangeHRmTest-3] TRACE Baseclass - this is a Trace message
2026-06-09 09:35:53 [TestNG-test-OrangeHRmTest-3] DEBUG Baseclass - this is a debug message
2026-06-09 09:35:53 [TestNG-test-OrangeHRmTest-3] WARN  Baseclass - this is a warn message
2026-06-09 09:35:53 [TestNG-test-OrangeHRmTest-3] INFO  ActionDriver - WebDriver instance is created
2026-06-09 09:35:53 [TestNG-test-OrangeHRmTest-3] INFO  Baseclass - WebDriver initialized for thread: 30
2026-06-09 09:35:53 [TestNG-test-OrangeHRmTest-3] INFO  Baseclass - WebDriver instance is closed
2026-06-09 09:36:06 [TestNG-test-OrangeHRmTest-1] INFO  Baseclass - WebDriver initialized and Browser MAximized
2026-06-09 09:36:06 [TestNG-test-OrangeHRmTest-1] TRACE Baseclass - this is a Trace message
2026-06-09 09:36:06 [TestNG-test-OrangeHRmTest-1] DEBUG Baseclass - this is a debug message
2026-06-09 09:36:06 [TestNG-test-OrangeHRmTest-1] WARN  Baseclass - this is a warn message
2026-06-09 09:36:06 [TestNG-test-OrangeHRmTest-1] INFO  ActionDriver - WebDriver instance is created
2026-06-09 09:36:06 [TestNG-test-OrangeHRmTest-1] INFO  Baseclass - WebDriver initialized for thread: 28
2026-06-09 09:36:06 [TestNG-test-OrangeHRmTest-1] INFO  Baseclass - WebDriver instance is closed
2026-06-09 09:45:57 [main] INFO  Baseclass - config.property file loaded
2026-06-09 09:47:25 [TestNG-test-OrangeHRmTest-2] INFO  Baseclass - ChromeDriver Instance is created
2026-06-09 09:47:25 [TestNG-test-OrangeHRmTest-4] INFO  Baseclass - ChromeDriver Instance is created
2026-06-09 09:47:29 [TestNG-test-OrangeHRmTest-4] INFO  Baseclass - WebDriver initialized and Browser MAximized
2026-06-09 09:47:29 [TestNG-test-OrangeHRmTest-4] TRACE Baseclass - this is a Trace message
2026-06-09 09:47:29 [TestNG-test-OrangeHRmTest-4] DEBUG Baseclass - this is a debug message
2026-06-09 09:47:29 [TestNG-test-OrangeHRmTest-4] WARN  Baseclass - this is a warn message
2026-06-09 09:47:29 [TestNG-test-OrangeHRmTest-4] INFO  ActionDriver - WebDriver instance is created
2026-06-09 09:47:29 [TestNG-test-OrangeHRmTest-4] INFO  Baseclass - WebDriver initialized for thread: 31
2026-06-09 09:47:31 [TestNG-test-OrangeHRmTest-2] INFO  Baseclass - WebDriver initialized and Browser MAximized
2026-06-09 09:47:31 [TestNG-test-OrangeHRmTest-2] TRACE Baseclass - this is a Trace message
2026-06-09 09:47:31 [TestNG-test-OrangeHRmTest-2] DEBUG Baseclass - this is a debug message
2026-06-09 09:47:31 [TestNG-test-OrangeHRmTest-2] WARN  Baseclass - this is a warn message
2026-06-09 09:47:31 [TestNG-test-OrangeHRmTest-2] INFO  ActionDriver - WebDriver instance is created
2026-06-09 09:47:31 [TestNG-test-OrangeHRmTest-2] INFO  Baseclass - WebDriver initialized for thread: 29
2026-06-09 09:47:31 [TestNG-test-OrangeHRmTest-2] INFO  Baseclass - WebDriver instance is closed
2026-06-09 09:49:44 [TestNG-test-OrangeHRmTest-3] INFO  Baseclass - ChromeDriver Instance is created
2026-06-09 09:49:49 [TestNG-test-OrangeHRmTest-3] INFO  Baseclass - WebDriver initialized and Browser MAximized
2026-06-09 09:49:49 [TestNG-test-OrangeHRmTest-3] TRACE Baseclass - this is a Trace message
2026-06-09 09:49:49 [TestNG-test-OrangeHRmTest-3] DEBUG Baseclass - this is a debug message
2026-06-09 09:49:49 [TestNG-test-OrangeHRmTest-3] WARN  Baseclass - this is a warn message
2026-06-09 09:49:49 [TestNG-test-OrangeHRmTest-3] INFO  ActionDriver - WebDriver instance is created
2026-06-09 09:49:49 [TestNG-test-OrangeHRmTest-3] INFO  Baseclass - WebDriver initialized for thread: 30
2026-06-09 10:03:15 [main] INFO  Baseclass - config.property file loaded
2026-06-09 10:03:24 [TestNG-test-OrangeHRmTest-2] INFO  Baseclass - ChromeDriver Instance is created
2026-06-09 10:03:24 [TestNG-test-OrangeHRmTest-3] INFO  Baseclass - ChromeDriver Instance is created
2026-06-09 10:03:26 [TestNG-test-OrangeHRmTest-1] INFO  Baseclass - ChromeDriver Instance is created
2026-06-09 10:03:26 [TestNG-test-OrangeHRmTest-4] INFO  Baseclass - ChromeDriver Instance is created
2026-06-09 10:03:29 [TestNG-test-OrangeHRmTest-1] INFO  Baseclass - WebDriver initialized and Browser MAximized
2026-06-09 10:03:29 [TestNG-test-OrangeHRmTest-1] TRACE Baseclass - this is a Trace message
2026-06-09 10:03:29 [TestNG-test-OrangeHRmTest-1] DEBUG Baseclass - this is a debug message
2026-06-09 10:03:29 [TestNG-test-OrangeHRmTest-1] WARN  Baseclass - this is a warn message
2026-06-09 10:03:29 [TestNG-test-OrangeHRmTest-1] INFO  ActionDriver - WebDriver instance is created
2026-06-09 10:03:29 [TestNG-test-OrangeHRmTest-1] INFO  Baseclass - WebDriver initialized for thread: 28
2026-06-09 10:03:32 [TestNG-test-OrangeHRmTest-3] INFO  Baseclass - WebDriver initialized and Browser MAximized
2026-06-09 10:03:32 [TestNG-test-OrangeHRmTest-3] TRACE Baseclass - this is a Trace message
2026-06-09 10:03:32 [TestNG-test-OrangeHRmTest-3] DEBUG Baseclass - this is a debug message
2026-06-09 10:03:32 [TestNG-test-OrangeHRmTest-3] WARN  Baseclass - this is a warn message
2026-06-09 10:03:32 [TestNG-test-OrangeHRmTest-3] INFO  ActionDriver - WebDriver instance is created
2026-06-09 10:03:32 [TestNG-test-OrangeHRmTest-3] INFO  Baseclass - WebDriver initialized for thread: 30
2026-06-09 10:03:34 [TestNG-test-OrangeHRmTest-2] INFO  Baseclass - WebDriver initialized and Browser MAximized
2026-06-09 10:03:34 [TestNG-test-OrangeHRmTest-2] TRACE Baseclass - this is a Trace message
2026-06-09 10:03:34 [TestNG-test-OrangeHRmTest-2] DEBUG Baseclass - this is a debug message
2026-06-09 10:03:34 [TestNG-test-OrangeHRmTest-2] WARN  Baseclass - this is a warn message
2026-06-09 10:03:34 [TestNG-test-OrangeHRmTest-2] INFO  ActionDriver - WebDriver instance is created
2026-06-09 10:03:34 [TestNG-test-OrangeHRmTest-2] INFO  Baseclass - WebDriver initialized for thread: 29
2026-06-09 10:03:35 [TestNG-test-OrangeHRmTest-2] INFO  Baseclass - WebDriver instance is closed
2026-06-09 10:03:35 [TestNG-test-OrangeHRmTest-4] INFO  Baseclass - WebDriver initialized and Browser MAximized
2026-06-09 10:03:35 [TestNG-test-OrangeHRmTest-4] TRACE Baseclass - this is a Trace message
2026-06-09 10:03:35 [TestNG-test-OrangeHRmTest-4] DEBUG Baseclass - this is a debug message
2026-06-09 10:03:35 [TestNG-test-OrangeHRmTest-4] WARN  Baseclass - this is a warn message
2026-06-09 10:03:35 [TestNG-test-OrangeHRmTest-4] INFO  ActionDriver - WebDriver instance is created
2026-06-09 10:03:35 [TestNG-test-OrangeHRmTest-4] INFO  Baseclass - WebDriver initialized for thread: 31
2026-06-09 10:03:52 [TestNG-test-OrangeHRmTest-1] INFO  Baseclass - WebDriver instance is closed
2026-06-09 10:10:48 [main] INFO  Baseclass - config.property file loaded
2026-06-09 10:10:51 [TestNG-test-OrangeHRmTest-4] INFO  Baseclass - ChromeDriver Instance is created
2026-06-09 10:10:51 [TestNG-test-OrangeHRmTest-2] INFO  Baseclass - ChromeDriver Instance is created
2026-06-09 10:10:51 [TestNG-test-OrangeHRmTest-3] INFO  Baseclass - ChromeDriver Instance is created
2026-06-09 10:10:51 [TestNG-test-OrangeHRmTest-1] INFO  Baseclass - ChromeDriver Instance is created
2026-06-09 10:10:55 [TestNG-test-OrangeHRmTest-2] INFO  Baseclass - WebDriver initialized and Browser MAximized
2026-06-09 10:10:55 [TestNG-test-OrangeHRmTest-2] TRACE Baseclass - this is a Trace message
2026-06-09 10:10:55 [TestNG-test-OrangeHRmTest-2] DEBUG Baseclass - this is a debug message
2026-06-09 10:10:55 [TestNG-test-OrangeHRmTest-2] WARN  Baseclass - this is a warn message
2026-06-09 10:10:55 [TestNG-test-OrangeHRmTest-2] INFO  ActionDriver - WebDriver instance is created
2026-06-09 10:10:55 [TestNG-test-OrangeHRmTest-2] INFO  Baseclass - WebDriver initialized for thread: 29
2026-06-09 10:10:55 [TestNG-test-OrangeHRmTest-4] INFO  Baseclass - WebDriver initialized and Browser MAximized
2026-06-09 10:10:55 [TestNG-test-OrangeHRmTest-4] TRACE Baseclass - this is a Trace message
2026-06-09 10:10:55 [TestNG-test-OrangeHRmTest-4] DEBUG Baseclass - this is a debug message
2026-06-09 10:10:55 [TestNG-test-OrangeHRmTest-4] WARN  Baseclass - this is a warn message
2026-06-09 10:10:55 [TestNG-test-OrangeHRmTest-4] INFO  ActionDriver - WebDriver instance is created
2026-06-09 10:10:55 [TestNG-test-OrangeHRmTest-4] INFO  Baseclass - WebDriver initialized for thread: 31
2026-06-09 10:11:04 [TestNG-test-OrangeHRmTest-2] INFO  Baseclass - WebDriver instance is closed
2026-06-09 10:11:08 [TestNG-test-OrangeHRmTest-3] INFO  Baseclass - WebDriver initialized and Browser MAximized
2026-06-09 10:11:08 [TestNG-test-OrangeHRmTest-3] TRACE Baseclass - this is a Trace message
2026-06-09 10:11:08 [TestNG-test-OrangeHRmTest-3] DEBUG Baseclass - this is a debug message
2026-06-09 10:11:08 [TestNG-test-OrangeHRmTest-3] WARN  Baseclass - this is a warn message
2026-06-09 10:11:08 [TestNG-test-OrangeHRmTest-3] INFO  ActionDriver - WebDriver instance is created
2026-06-09 10:11:08 [TestNG-test-OrangeHRmTest-3] INFO  Baseclass - WebDriver initialized for thread: 30
2026-06-09 10:11:08 [TestNG-test-OrangeHRmTest-1] INFO  Baseclass - WebDriver initialized and Browser MAximized
2026-06-09 10:11:08 [TestNG-test-OrangeHRmTest-1] TRACE Baseclass - this is a Trace message
2026-06-09 10:11:08 [TestNG-test-OrangeHRmTest-1] DEBUG Baseclass - this is a debug message
2026-06-09 10:11:08 [TestNG-test-OrangeHRmTest-1] WARN  Baseclass - this is a warn message
2026-06-09 10:11:08 [TestNG-test-OrangeHRmTest-1] INFO  ActionDriver - WebDriver instance is created
2026-06-09 10:11:08 [TestNG-test-OrangeHRmTest-1] INFO  Baseclass - WebDriver initialized for thread: 28
2026-06-09 10:11:09 [TestNG-test-OrangeHRmTest-1] INFO  Baseclass - WebDriver instance is closed
2026-06-09 10:26:27 [main] INFO  Baseclass - config.property file loaded
2026-06-09 10:34:00 [main] INFO  Baseclass - config.property file loaded
2026-06-09 10:37:44 [main] INFO  Baseclass - config.property file loaded
2026-06-09 10:58:56 [main] INFO  Baseclass - config.property file loaded
2026-06-09 10:59:01 [TestNG-test-OrangeHRmTest-4] INFO  Baseclass - ChromeDriver instance created
2026-06-09 10:59:01 [TestNG-test-OrangeHRmTest-1] INFO  Baseclass - ChromeDriver instance created
2026-06-09 10:59:01 [TestNG-test-OrangeHRmTest-2] INFO  Baseclass - ChromeDriver instance created
2026-06-09 10:59:01 [TestNG-test-OrangeHRmTest-3] INFO  Baseclass - ChromeDriver instance created
2026-06-09 10:59:05 [TestNG-test-OrangeHRmTest-3] INFO  ActionDriver - WebDriver instance is created
2026-06-09 10:59:05 [TestNG-test-OrangeHRmTest-2] INFO  ActionDriver - WebDriver instance is created
2026-06-09 10:59:14 [TestNG-test-OrangeHRmTest-1] INFO  ActionDriver - WebDriver instance is created
2026-06-09 10:59:14 [TestNG-test-OrangeHRmTest-4] INFO  ActionDriver - WebDriver instance is created
2026-06-09 10:59:15 [TestNG-test-OrangeHRmTest-1] INFO  Baseclass - WebDriver instance is closed
2026-06-09 11:01:56 [TestNG-test-OrangeHRmTest-2] INFO  Baseclass - WebDriver instance is closed
2026-06-09 11:31:48 [main] INFO  Baseclass - config.property file loaded
2026-06-09 11:31:54 [TestNG-test-OrangeHRmTest-3] INFO  Baseclass - ChromeDriver instance created
2026-06-09 11:31:54 [TestNG-test-OrangeHRmTest-2] INFO  Baseclass - ChromeDriver instance created
2026-06-09 11:31:57 [TestNG-test-OrangeHRmTest-4] INFO  Baseclass - ChromeDriver instance created
2026-06-09 11:31:58 [TestNG-test-OrangeHRmTest-1] INFO  Baseclass - ChromeDriver instance created
2026-06-09 11:31:59 [TestNG-test-OrangeHRmTest-1] INFO  ActionDriver - WebDriver instance is created
2026-06-09 11:32:10 [TestNG-test-OrangeHRmTest-1] INFO  Baseclass - WebDriver instance is closed
2026-06-09 11:33:26 [TestNG-test-OrangeHRmTest-4] INFO  ActionDriver - WebDriver instance is created
2026-06-09 11:33:26 [TestNG-test-OrangeHRmTest-3] INFO  ActionDriver - WebDriver instance is created
2026-06-09 11:33:27 [TestNG-test-OrangeHRmTest-2] INFO  ActionDriver - WebDriver instance is created
2026-06-09 11:33:27 [TestNG-test-OrangeHRmTest-2] INFO  Baseclass - WebDriver instance is closed
2026-06-09 11:35:18 [main] INFO  Baseclass - config.property file loaded
2026-06-09 11:35:24 [TestNG-test-OrangeHRmTest-3] INFO  Baseclass - ChromeDriver instance created
2026-06-09 11:35:24 [TestNG-test-OrangeHRmTest-4] INFO  Baseclass - ChromeDriver instance created
2026-06-09 11:35:24 [TestNG-test-OrangeHRmTest-2] INFO  Baseclass - ChromeDriver instance created
2026-06-09 11:35:24 [TestNG-test-OrangeHRmTest-1] INFO  Baseclass - ChromeDriver instance created
2026-06-09 11:35:26 [TestNG-test-OrangeHRmTest-4] INFO  ActionDriver - WebDriver instance is created
2026-06-09 11:35:26 [TestNG-test-OrangeHRmTest-2] INFO  ActionDriver - WebDriver instance is created
2026-06-09 11:35:29 [TestNG-test-OrangeHRmTest-2] INFO  Baseclass - WebDriver instance is closed
2026-06-09 11:35:29 [TestNG-test-OrangeHRmTest-1] INFO  ActionDriver - WebDriver instance is created
2026-06-09 11:35:29 [TestNG-test-OrangeHRmTest-1] INFO  Baseclass - WebDriver instance is closed
2026-06-09 11:35:50 [TestNG-test-OrangeHRmTest-3] INFO  ActionDriver - WebDriver instance is created
2026-06-09 11:41:58 [main] INFO  Baseclass - config.property file loaded
2026-06-09 11:42:03 [TestNG-test-OrangeHRmTest-2] INFO  Baseclass - ChromeDriver instance created
2026-06-09 11:42:03 [TestNG-test-OrangeHRmTest-1] INFO  Baseclass - ChromeDriver instance created
2026-06-09 11:42:03 [TestNG-test-OrangeHRmTest-4] INFO  Baseclass - ChromeDriver instance created
2026-06-09 11:42:03 [TestNG-test-OrangeHRmTest-3] INFO  Baseclass - ChromeDriver instance created
2026-06-09 11:42:05 [TestNG-test-OrangeHRmTest-4] INFO  ActionDriver - WebDriver instance is created
2026-06-09 11:42:05 [TestNG-test-OrangeHRmTest-1] INFO  ActionDriver - WebDriver instance is created
2026-06-09 11:42:11 [TestNG-test-OrangeHRmTest-2] INFO  ActionDriver - WebDriver instance is created
2026-06-09 11:42:11 [TestNG-test-OrangeHRmTest-3] INFO  ActionDriver - WebDriver instance is created
2026-06-09 11:42:11 [TestNG-test-OrangeHRmTest-2] INFO  Baseclass - WebDriver instance is closed
2026-06-09 11:42:14 [TestNG-test-OrangeHRmTest-1] INFO  Baseclass - WebDriver instance is closed
2026-06-09 11:50:27 [main] INFO  Baseclass - config.property file loaded
2026-06-09 11:50:31 [TestNG-test-OrangeHRmTest-1] INFO  Baseclass - ChromeDriver instance created
2026-06-09 11:50:31 [TestNG-test-OrangeHRmTest-4] INFO  Baseclass - ChromeDriver instance created
2026-06-09 11:50:31 [TestNG-test-OrangeHRmTest-2] INFO  Baseclass - ChromeDriver instance created
2026-06-09 11:50:32 [TestNG-test-OrangeHRmTest-3] INFO  Baseclass - ChromeDriver instance created
2026-06-09 11:50:33 [TestNG-test-OrangeHRmTest-4] INFO  ActionDriver - WebDriver instance is created
2026-06-09 11:50:34 [TestNG-test-OrangeHRmTest-2] INFO  ActionDriver - WebDriver instance is created
2026-06-09 11:50:37 [TestNG-test-OrangeHRmTest-3] INFO  ActionDriver - WebDriver instance is created
2026-06-09 11:50:37 [TestNG-test-OrangeHRmTest-3] INFO  ActionDriver - WebDriver instance is created
2026-06-09 11:50:37 [TestNG-test-OrangeHRmTest-3] INFO  ActionDriver - WebDriver instance is created
2026-06-09 11:50:38 [TestNG-test-OrangeHRmTest-3] INFO  ActionDriver - entered text on Element with name;username--> admin
2026-06-09 11:50:39 [TestNG-test-OrangeHRmTest-3] INFO  ActionDriver - entered text on Element with name;password--> admin
2026-06-09 11:50:39 [TestNG-test-OrangeHRmTest-1] INFO  ActionDriver - WebDriver instance is created
2026-06-09 11:50:40 [TestNG-test-OrangeHRmTest-1] INFO  Baseclass - WebDriver instance is closed
2026-06-09 11:50:41 [TestNG-test-OrangeHRmTest-3] INFO  ActionDriver - clicked an elment-->Element with text;Login
2026-06-09 11:50:41 [TestNG-test-OrangeHRmTest-3] INFO  ActionDriver - Texts are matching:Invalid credentialsequals Invalid credentials
2026-06-09 11:50:41 [TestNG-test-OrangeHRmTest-2] INFO  Baseclass - WebDriver instance is closed
2026-06-09 11:50:41 [TestNG-test-OrangeHRmTest-3] INFO  Baseclass - WebDriver instance is closed
2026-06-09 11:50:43 [TestNG-test-OrangeHRmTest-3] INFO  Baseclass - ChromeDriver instance created
2026-06-09 11:50:48 [TestNG-test-OrangeHRmTest-3] INFO  ActionDriver - WebDriver instance is created
2026-06-09 11:50:48 [TestNG-test-OrangeHRmTest-3] INFO  ActionDriver - WebDriver instance is created
2026-06-09 11:50:49 [TestNG-test-OrangeHRmTest-3] INFO  ActionDriver - entered text on Element with name;username--> admin
2026-06-09 11:50:49 [TestNG-test-OrangeHRmTest-3] INFO  ActionDriver - entered text on Element with name;password--> admin123
2026-06-09 11:50:49 [TestNG-test-OrangeHRmTest-3] INFO  ActionDriver - clicked an elment-->Element with text;Login
2026-06-09 11:50:52 [TestNG-test-OrangeHRmTest-3] INFO  ActionDriver - element is displayed Element with text;Admin
2026-06-09 11:50:52 [TestNG-test-OrangeHRmTest-3] INFO  Baseclass - WebDriver instance is closed
2026-06-09 11:54:11 [main] INFO  Baseclass - config.property file loaded
2026-06-09 11:54:16 [TestNG-test-OrangeHRmTest-4] INFO  Baseclass - ChromeDriver instance created
2026-06-09 11:54:16 [TestNG-test-OrangeHRmTest-2] INFO  Baseclass - ChromeDriver instance created
2026-06-09 11:54:16 [TestNG-test-OrangeHRmTest-3] INFO  Baseclass - ChromeDriver instance created
2026-06-09 11:54:17 [TestNG-test-OrangeHRmTest-1] INFO  Baseclass - ChromeDriver instance created
2026-06-09 11:54:19 [TestNG-test-OrangeHRmTest-4] INFO  ActionDriver - WebDriver instance is created
2026-06-09 11:54:22 [TestNG-test-OrangeHRmTest-2] INFO  ActionDriver - WebDriver instance is created
2026-06-09 11:54:23 [TestNG-test-OrangeHRmTest-2] INFO  Baseclass - WebDriver instance is closed
2026-06-09 11:54:24 [TestNG-test-OrangeHRmTest-1] INFO  ActionDriver - WebDriver instance is created
2026-06-09 11:54:24 [TestNG-test-OrangeHRmTest-3] INFO  ActionDriver - WebDriver instance is created
2026-06-09 11:54:24 [TestNG-test-OrangeHRmTest-3] INFO  ActionDriver - WebDriver instance is created
2026-06-09 11:54:24 [TestNG-test-OrangeHRmTest-3] INFO  ActionDriver - WebDriver instance is created
2026-06-09 11:54:25 [TestNG-test-OrangeHRmTest-1] INFO  Baseclass - WebDriver instance is closed
2026-06-09 11:54:26 [TestNG-test-OrangeHRmTest-3] INFO  ActionDriver - entered text on Element with name;username--> admin
2026-06-09 11:54:26 [TestNG-test-OrangeHRmTest-3] INFO  ActionDriver - entered text on Element with name;password--> admin
2026-06-09 11:54:28 [TestNG-test-OrangeHRmTest-3] INFO  ActionDriver - clicked an elment-->Element with text;Login
2026-06-09 11:54:28 [TestNG-test-OrangeHRmTest-3] INFO  ActionDriver - Texts are matching:Invalid credentialsequals Invalid credentials
2026-06-09 11:54:30 [TestNG-test-OrangeHRmTest-3] INFO  Baseclass - WebDriver instance is closed
2026-06-09 11:54:31 [TestNG-test-OrangeHRmTest-3] INFO  Baseclass - ChromeDriver instance created
2026-06-09 11:54:33 [TestNG-test-OrangeHRmTest-3] INFO  ActionDriver - WebDriver instance is created
2026-06-09 11:54:33 [TestNG-test-OrangeHRmTest-3] INFO  ActionDriver - WebDriver instance is created
2026-06-09 11:54:43 [TestNG-test-OrangeHRmTest-3] INFO  ActionDriver - entered text on Element with name;username--> admin
2026-06-09 11:54:43 [TestNG-test-OrangeHRmTest-3] INFO  ActionDriver - entered text on Element with name;password--> admin123
2026-06-09 11:54:45 [TestNG-test-OrangeHRmTest-3] INFO  ActionDriver - clicked an elment-->Element with text;Login
2026-06-09 11:54:45 [TestNG-test-OrangeHRmTest-3] INFO  ActionDriver - element is displayed Element with text;Admin
2026-06-09 11:54:46 [TestNG-test-OrangeHRmTest-3] INFO  Baseclass - WebDriver instance is closed
2026-06-09 11:55:46 [main] INFO  Baseclass - config.property file loaded
2026-06-09 11:55:51 [TestNG-test-OrangeHRmTest-1] INFO  Baseclass - ChromeDriver instance created
2026-06-09 11:55:51 [TestNG-test-OrangeHRmTest-4] INFO  Baseclass - ChromeDriver instance created
2026-06-09 11:55:51 [TestNG-test-OrangeHRmTest-3] INFO  Baseclass - ChromeDriver instance created
2026-06-09 11:55:51 [TestNG-test-OrangeHRmTest-2] INFO  Baseclass - ChromeDriver instance created
2026-06-09 11:55:56 [TestNG-test-OrangeHRmTest-4] INFO  ActionDriver - WebDriver instance is created
2026-06-09 11:55:58 [TestNG-test-OrangeHRmTest-1] INFO  ActionDriver - WebDriver instance is created
2026-06-09 11:55:59 [TestNG-test-OrangeHRmTest-2] INFO  ActionDriver - WebDriver instance is created
2026-06-09 11:55:59 [TestNG-test-OrangeHRmTest-3] INFO  ActionDriver - WebDriver instance is created
2026-06-09 11:55:59 [TestNG-test-OrangeHRmTest-3] INFO  ActionDriver - WebDriver instance is created
2026-06-09 11:55:59 [TestNG-test-OrangeHRmTest-3] INFO  ActionDriver - WebDriver instance is created
2026-06-09 11:56:00 [TestNG-test-OrangeHRmTest-1] INFO  Baseclass - WebDriver instance is closed
2026-06-09 11:56:00 [TestNG-test-OrangeHRmTest-2] INFO  Baseclass - WebDriver instance is closed
2026-06-09 11:56:00 [TestNG-test-OrangeHRmTest-3] INFO  ActionDriver - entered text on Element with name;username--> admin
2026-06-09 11:56:01 [TestNG-test-OrangeHRmTest-3] INFO  ActionDriver - entered text on Element with name;password--> admin
2026-06-09 11:56:02 [TestNG-test-OrangeHRmTest-3] INFO  ActionDriver - clicked an elment-->Element with text;Login
2026-06-09 11:56:03 [TestNG-test-OrangeHRmTest-3] INFO  ActionDriver - Texts are matching:Invalid credentialsequals Invalid credentials
2026-06-09 11:56:03 [TestNG-test-OrangeHRmTest-3] INFO  Baseclass - WebDriver instance is closed
2026-06-09 11:56:05 [TestNG-test-OrangeHRmTest-3] INFO  Baseclass - ChromeDriver instance created
2026-06-09 11:56:09 [TestNG-test-OrangeHRmTest-3] INFO  ActionDriver - WebDriver instance is created
2026-06-09 11:56:09 [TestNG-test-OrangeHRmTest-3] INFO  ActionDriver - WebDriver instance is created
2026-06-09 11:56:11 [TestNG-test-OrangeHRmTest-3] INFO  ActionDriver - entered text on Element with name;username--> admin
2026-06-09 11:56:11 [TestNG-test-OrangeHRmTest-3] INFO  ActionDriver - entered text on Element with name;password--> admin123
2026-06-09 11:56:11 [TestNG-test-OrangeHRmTest-3] INFO  ActionDriver - clicked an elment-->Element with text;Login
2026-06-09 11:56:14 [TestNG-test-OrangeHRmTest-3] INFO  ActionDriver - element is displayed Element with text;Admin
2026-06-09 11:56:14 [TestNG-test-OrangeHRmTest-3] INFO  Baseclass - WebDriver instance is closed
2026-06-09 11:59:25 [main] INFO  Baseclass - config.property file loaded
2026-06-09 11:59:30 [TestNG-test-OrangeHRmTest-1] INFO  Baseclass - ChromeDriver instance created
2026-06-09 11:59:30 [TestNG-test-OrangeHRmTest-4] INFO  Baseclass - ChromeDriver instance created
2026-06-09 11:59:30 [TestNG-test-OrangeHRmTest-2] INFO  Baseclass - ChromeDriver instance created
2026-06-09 11:59:30 [TestNG-test-OrangeHRmTest-3] INFO  Baseclass - ChromeDriver instance created
2026-06-09 11:59:33 [TestNG-test-OrangeHRmTest-3] INFO  ActionDriver - WebDriver instance is created
2026-06-09 11:59:33 [TestNG-test-OrangeHRmTest-3] INFO  ActionDriver - WebDriver instance is created
2026-06-09 11:59:33 [TestNG-test-OrangeHRmTest-3] INFO  ActionDriver - WebDriver instance is created
2026-06-09 11:59:39 [TestNG-test-OrangeHRmTest-1] INFO  ActionDriver - WebDriver instance is created
2026-06-09 11:59:39 [TestNG-test-OrangeHRmTest-4] INFO  ActionDriver - WebDriver instance is created
2026-06-09 11:59:40 [TestNG-test-OrangeHRmTest-1] INFO  Baseclass - WebDriver instance is closed
2026-06-09 11:59:42 [TestNG-test-OrangeHRmTest-2] INFO  ActionDriver - WebDriver instance is created
2026-06-09 11:59:42 [TestNG-test-OrangeHRmTest-2] INFO  Baseclass - WebDriver instance is closed
2026-06-09 12:00:14 [main] INFO  Baseclass - config.property file loaded
2026-06-09 12:00:19 [TestNG-test-OrangeHRmTest-4] INFO  Baseclass - ChromeDriver instance created
2026-06-09 12:00:19 [TestNG-test-OrangeHRmTest-3] INFO  Baseclass - ChromeDriver instance created
2026-06-09 12:00:19 [TestNG-test-OrangeHRmTest-2] INFO  Baseclass - ChromeDriver instance created
2026-06-09 12:00:20 [TestNG-test-OrangeHRmTest-1] INFO  Baseclass - ChromeDriver instance created
2026-06-09 12:00:21 [TestNG-test-OrangeHRmTest-3] INFO  ActionDriver - WebDriver instance is created
2026-06-09 12:00:21 [TestNG-test-OrangeHRmTest-3] INFO  ActionDriver - WebDriver instance is created
2026-06-09 12:00:21 [TestNG-test-OrangeHRmTest-3] INFO  ActionDriver - WebDriver instance is created
2026-06-09 12:00:22 [TestNG-test-OrangeHRmTest-1] INFO  ActionDriver - WebDriver instance is created
2026-06-09 12:00:27 [TestNG-test-OrangeHRmTest-3] INFO  ActionDriver - entered text on Element with name;username--> admin
2026-06-09 12:00:28 [TestNG-test-OrangeHRmTest-3] INFO  ActionDriver - entered text on Element with name;password--> admin
2026-06-09 12:00:29 [TestNG-test-OrangeHRmTest-3] INFO  ActionDriver - clicked an elment-->Element with text;Login
2026-06-09 12:00:30 [TestNG-test-OrangeHRmTest-3] INFO  ActionDriver - Texts are matching:Invalid credentialsequals Invalid credentials
2026-06-09 12:00:30 [TestNG-test-OrangeHRmTest-3] INFO  Baseclass - WebDriver instance is closed
2026-06-09 12:00:31 [TestNG-test-OrangeHRmTest-3] INFO  Baseclass - ChromeDriver instance created
2026-06-09 12:00:32 [TestNG-test-OrangeHRmTest-1] INFO  Baseclass - WebDriver instance is closed
2026-06-09 12:00:33 [TestNG-test-OrangeHRmTest-3] INFO  ActionDriver - WebDriver instance is created
2026-06-09 12:00:33 [TestNG-test-OrangeHRmTest-3] INFO  ActionDriver - WebDriver instance is created
2026-06-09 12:00:39 [TestNG-test-OrangeHRmTest-3] INFO  ActionDriver - entered text on Element with name;username--> admin
2026-06-09 12:00:39 [TestNG-test-OrangeHRmTest-3] INFO  ActionDriver - entered text on Element with name;password--> admin123
2026-06-09 12:00:40 [TestNG-test-OrangeHRmTest-3] INFO  ActionDriver - clicked an elment-->Element with text;Login
2026-06-09 12:00:41 [TestNG-test-OrangeHRmTest-3] INFO  ActionDriver - element is displayed Element with text;Admin
2026-06-09 12:00:42 [TestNG-test-OrangeHRmTest-3] INFO  Baseclass - WebDriver instance is closed
2026-06-09 12:01:34 [TestNG-test-OrangeHRmTest-3] INFO  Baseclass - WebDriver instance is closed
2026-06-09 12:01:35 [TestNG-test-OrangeHRmTest-3] INFO  Baseclass - ChromeDriver instance created
2026-06-09 12:01:39 [TestNG-test-OrangeHRmTest-3] INFO  ActionDriver - WebDriver instance is created
2026-06-09 12:01:39 [TestNG-test-OrangeHRmTest-3] INFO  ActionDriver - WebDriver instance is created
2026-06-09 12:01:40 [TestNG-test-OrangeHRmTest-3] INFO  ActionDriver - entered text on Element with name;username--> admin
2026-06-09 12:01:41 [TestNG-test-OrangeHRmTest-3] INFO  ActionDriver - entered text on Element with name;password--> admin123
2026-06-09 12:01:41 [TestNG-test-OrangeHRmTest-3] INFO  ActionDriver - clicked an elment-->Element with text;Login
2026-06-09 12:01:42 [TestNG-test-OrangeHRmTest-3] INFO  ActionDriver - element is displayed Element with text;Admin
2026-06-09 12:01:43 [TestNG-test-OrangeHRmTest-3] INFO  Baseclass - WebDriver instance is closed
2026-06-09 12:02:06 [TestNG-test-OrangeHRmTest-4] INFO  ActionDriver - WebDriver instance is created
2026-06-09 12:02:06 [TestNG-test-OrangeHRmTest-2] INFO  ActionDriver - WebDriver instance is created
2026-06-09 12:02:06 [TestNG-test-OrangeHRmTest-2] INFO  Baseclass - WebDriver instance is closed
2026-06-09 12:06:10 [main] INFO  Baseclass - config.property file loaded
2026-06-09 12:06:15 [TestNG-test-OrangeHRmTest-2] INFO  Baseclass - ChromeDriver instance created
2026-06-09 12:06:15 [TestNG-test-OrangeHRmTest-1] INFO  Baseclass - ChromeDriver instance created
2026-06-09 12:06:15 [TestNG-test-OrangeHRmTest-4] INFO  Baseclass - ChromeDriver instance created
2026-06-09 12:06:15 [TestNG-test-OrangeHRmTest-3] INFO  Baseclass - ChromeDriver instance created
2026-06-09 12:06:17 [TestNG-test-OrangeHRmTest-3] INFO  ActionDriver - WebDriver instance is created
2026-06-09 12:06:17 [TestNG-test-OrangeHRmTest-3] INFO  ActionDriver - WebDriver instance is created
2026-06-09 12:06:17 [TestNG-test-OrangeHRmTest-3] INFO  ActionDriver - WebDriver instance is created
2026-06-09 12:06:17 [TestNG-test-OrangeHRmTest-1] INFO  ActionDriver - WebDriver instance is created
2026-06-09 12:06:21 [TestNG-test-OrangeHRmTest-3] INFO  ActionDriver - entered text on Element with name;username--> admin
2026-06-09 12:06:22 [TestNG-test-OrangeHRmTest-3] INFO  ActionDriver - entered text on Element with name;password--> admin
2026-06-09 12:06:22 [TestNG-test-OrangeHRmTest-2] INFO  ActionDriver - WebDriver instance is created
2026-06-09 12:06:23 [TestNG-test-OrangeHRmTest-2] INFO  Baseclass - WebDriver instance is closed
2026-06-09 12:06:23 [TestNG-test-OrangeHRmTest-4] INFO  ActionDriver - WebDriver instance is created
2026-06-09 12:06:24 [TestNG-test-OrangeHRmTest-3] INFO  ActionDriver - clicked an elment-->Element with text;Login
2026-06-09 12:06:25 [TestNG-test-OrangeHRmTest-3] INFO  ActionDriver - Texts are matching:Invalid credentialsequals Invalid credentials
2026-06-09 12:06:25 [TestNG-test-OrangeHRmTest-3] INFO  Baseclass - WebDriver instance is closed
2026-06-09 12:06:27 [TestNG-test-OrangeHRmTest-3] INFO  Baseclass - ChromeDriver instance created
2026-06-09 12:06:32 [TestNG-test-OrangeHRmTest-3] INFO  ActionDriver - WebDriver instance is created
2026-06-09 12:06:32 [TestNG-test-OrangeHRmTest-3] INFO  ActionDriver - WebDriver instance is created
2026-06-09 12:06:34 [TestNG-test-OrangeHRmTest-3] INFO  ActionDriver - entered text on Element with name;username--> admin
2026-06-09 12:06:34 [TestNG-test-OrangeHRmTest-3] INFO  ActionDriver - entered text on Element with name;password--> admin123
2026-06-09 12:06:36 [TestNG-test-OrangeHRmTest-3] INFO  ActionDriver - clicked an elment-->Element with text;Login
2026-06-09 12:06:36 [TestNG-test-OrangeHRmTest-3] INFO  ActionDriver - element is displayed Element with text;Admin
2026-06-09 12:06:37 [TestNG-test-OrangeHRmTest-3] INFO  Baseclass - WebDriver instance is closed
2026-06-09 12:08:14 [TestNG-test-OrangeHRmTest-1] INFO  Baseclass - WebDriver instance is closed
2026-06-09 12:13:04 [main] INFO  Baseclass - config.property file loaded
2026-06-09 12:13:09 [TestNG-test-OrangeHRmTest-1] INFO  Baseclass - ChromeDriver instance created
2026-06-09 12:13:09 [TestNG-test-OrangeHRmTest-3] INFO  Baseclass - ChromeDriver instance created
2026-06-09 12:13:09 [TestNG-test-OrangeHRmTest-4] INFO  Baseclass - ChromeDriver instance created
2026-06-09 12:13:09 [TestNG-test-OrangeHRmTest-2] INFO  Baseclass - ChromeDriver instance created
2026-06-09 12:13:16 [TestNG-test-OrangeHRmTest-2] INFO  ActionDriver - WebDriver instance is created
2026-06-09 12:13:16 [TestNG-test-OrangeHRmTest-2] INFO  Baseclass - WebDriver instance is closed
2026-06-09 12:13:17 [TestNG-test-OrangeHRmTest-4] INFO  ActionDriver - WebDriver instance is created
2026-06-09 12:13:17 [TestNG-test-OrangeHRmTest-3] INFO  ActionDriver - WebDriver instance is created
2026-06-09 12:13:17 [TestNG-test-OrangeHRmTest-3] INFO  ActionDriver - WebDriver instance is created
2026-06-09 12:13:17 [TestNG-test-OrangeHRmTest-3] INFO  ActionDriver - WebDriver instance is created
2026-06-09 12:13:17 [TestNG-test-OrangeHRmTest-1] INFO  ActionDriver - WebDriver instance is created
2026-06-09 12:13:19 [TestNG-test-OrangeHRmTest-1] INFO  Baseclass - WebDriver instance is closed
2026-06-09 12:13:19 [TestNG-test-OrangeHRmTest-3] INFO  ActionDriver - entered text on Element with name;username--> admin
2026-06-09 12:13:20 [TestNG-test-OrangeHRmTest-3] INFO  ActionDriver - entered text on Element with name;password--> admin
2026-06-09 12:13:20 [TestNG-test-OrangeHRmTest-3] INFO  ActionDriver - clicked an elment-->Element with text;Login
2026-06-09 12:13:25 [TestNG-test-OrangeHRmTest-3] INFO  ActionDriver - Texts are matching:Invalid credentialsequals Invalid credentials
2026-06-09 12:13:25 [TestNG-test-OrangeHRmTest-3] INFO  Baseclass - WebDriver instance is closed
2026-06-09 12:13:26 [TestNG-test-OrangeHRmTest-3] INFO  Baseclass - ChromeDriver instance created
2026-06-09 12:13:28 [TestNG-test-OrangeHRmTest-3] INFO  ActionDriver - WebDriver instance is created
2026-06-09 12:13:28 [TestNG-test-OrangeHRmTest-3] INFO  ActionDriver - WebDriver instance is created
2026-06-09 12:13:33 [TestNG-test-OrangeHRmTest-3] INFO  ActionDriver - entered text on Element with name;username--> admin
2026-06-09 12:13:33 [TestNG-test-OrangeHRmTest-3] INFO  ActionDriver - entered text on Element with name;password--> admin123
2026-06-09 12:13:33 [TestNG-test-OrangeHRmTest-3] INFO  ActionDriver - clicked an elment-->Element with text;Login
2026-06-09 12:13:35 [TestNG-test-OrangeHRmTest-3] INFO  ActionDriver - element is displayed Element with text;Admin
2026-06-09 12:13:36 [TestNG-test-OrangeHRmTest-3] INFO  Baseclass - WebDriver instance is closed
2026-06-09 12:18:09 [main] INFO  Baseclass - config.property file loaded
2026-06-09 12:18:12 [TestNG-test-OrangeHRmTest-2] INFO  Baseclass - ChromeDriver instance created
2026-06-09 12:18:12 [TestNG-test-OrangeHRmTest-1] INFO  Baseclass - ChromeDriver instance created
2026-06-09 12:18:14 [TestNG-test-OrangeHRmTest-2] INFO  ActionDriver - WebDriver instance is created
2026-06-09 12:18:17 [TestNG-test-OrangeHRmTest-1] INFO  ActionDriver - WebDriver instance is created
2026-06-09 12:18:17 [TestNG-test-OrangeHRmTest-1] INFO  Baseclass - WebDriver instance is closed
2026-06-09 12:18:18 [TestNG-test-OrangeHRmTest-1] INFO  Baseclass - ChromeDriver instance created
2026-06-09 12:18:21 [TestNG-test-OrangeHRmTest-2] INFO  Baseclass - WebDriver instance is closed
2026-06-09 12:18:22 [TestNG-test-OrangeHRmTest-2] INFO  Baseclass - ChromeDriver instance created
2026-06-09 12:18:23 [TestNG-test-OrangeHRmTest-1] INFO  ActionDriver - WebDriver instance is created
2026-06-09 12:18:26 [TestNG-test-OrangeHRmTest-1] INFO  ActionDriver - WebDriver instance is created
2026-06-09 12:18:26 [TestNG-test-OrangeHRmTest-1] INFO  ActionDriver - WebDriver instance is created
2026-06-09 12:18:26 [TestNG-test-OrangeHRmTest-2] INFO  ActionDriver - WebDriver instance is created
2026-06-09 12:18:28 [TestNG-test-OrangeHRmTest-1] INFO  ActionDriver - entered text on Element with name;username--> admin
2026-06-09 12:18:28 [TestNG-test-OrangeHRmTest-1] INFO  ActionDriver - entered text on Element with name;password--> admin
2026-06-09 12:18:28 [TestNG-test-OrangeHRmTest-1] INFO  ActionDriver - clicked an elment-->Element with text;Login
2026-06-09 12:18:30 [TestNG-test-OrangeHRmTest-1] INFO  ActionDriver - Texts are matching:Invalid credentialsequals Invalid credentials
2026-06-09 12:18:30 [TestNG-test-OrangeHRmTest-1] INFO  Baseclass - WebDriver instance is closed
2026-06-09 12:18:31 [TestNG-test-OrangeHRmTest-1] INFO  Baseclass - ChromeDriver instance created
2026-06-09 12:18:35 [TestNG-test-OrangeHRmTest-1] INFO  ActionDriver - WebDriver instance is created
2026-06-09 12:18:38 [TestNG-test-OrangeHRmTest-1] INFO  ActionDriver - WebDriver instance is created
2026-06-09 12:18:40 [TestNG-test-OrangeHRmTest-1] INFO  ActionDriver - entered text on Element with name;username--> admin
2026-06-09 12:18:40 [TestNG-test-OrangeHRmTest-1] INFO  ActionDriver - entered text on Element with name;password--> admin123
2026-06-09 12:18:44 [TestNG-test-OrangeHRmTest-1] INFO  ActionDriver - clicked an elment-->Element with text;Login
2026-06-09 12:18:45 [TestNG-test-OrangeHRmTest-1] INFO  ActionDriver - element is displayed Element with text;Admin
2026-06-09 12:18:45 [TestNG-test-OrangeHRmTest-1] INFO  Baseclass - WebDriver instance is closed
2026-06-09 12:21:27 [main] INFO  Baseclass - config.property file loaded
2026-06-09 12:21:30 [TestNG-test-OrangeHRmTest-2] INFO  Baseclass - ChromeDriver instance created
2026-06-09 12:21:30 [TestNG-test-OrangeHRmTest-1] INFO  Baseclass - ChromeDriver instance created
2026-06-09 12:21:34 [TestNG-test-OrangeHRmTest-2] INFO  ActionDriver - WebDriver instance is created
2026-06-09 12:21:35 [TestNG-test-OrangeHRmTest-1] INFO  ActionDriver - WebDriver instance is created
2026-06-09 12:21:35 [TestNG-test-OrangeHRmTest-2] INFO  Baseclass - WebDriver instance is closed
2026-06-09 12:21:35 [TestNG-test-OrangeHRmTest-1] INFO  Baseclass - WebDriver instance is closed
2026-06-09 12:21:37 [TestNG-test-OrangeHRmTest-1] INFO  Baseclass - ChromeDriver instance created
2026-06-09 12:21:38 [TestNG-test-OrangeHRmTest-2] INFO  Baseclass - ChromeDriver instance created
2026-06-09 12:21:42 [TestNG-test-OrangeHRmTest-2] INFO  ActionDriver - WebDriver instance is created
2026-06-09 12:21:45 [TestNG-test-OrangeHRmTest-2] INFO  ActionDriver - WebDriver instance is created
2026-06-09 12:21:45 [TestNG-test-OrangeHRmTest-2] INFO  ActionDriver - WebDriver instance is created
2026-06-09 12:21:47 [TestNG-test-OrangeHRmTest-2] INFO  ActionDriver - entered text on Element with name;username--> admin
2026-06-09 12:21:47 [TestNG-test-OrangeHRmTest-2] INFO  ActionDriver - entered text on Element with name;password--> admin
2026-06-09 12:21:50 [TestNG-test-OrangeHRmTest-2] INFO  ActionDriver - clicked an elment-->Element with text;Login
2026-06-09 12:21:50 [TestNG-test-OrangeHRmTest-2] INFO  ActionDriver - Texts are matching:Invalid credentialsequals Invalid credentials
2026-06-09 12:21:51 [TestNG-test-OrangeHRmTest-2] INFO  Baseclass - WebDriver instance is closed
2026-06-09 12:21:52 [TestNG-test-OrangeHRmTest-2] INFO  Baseclass - ChromeDriver instance created
2026-06-09 12:21:56 [TestNG-test-OrangeHRmTest-2] INFO  ActionDriver - WebDriver instance is created
2026-06-09 12:21:59 [TestNG-test-OrangeHRmTest-2] INFO  ActionDriver - WebDriver instance is created
2026-06-09 12:22:01 [TestNG-test-OrangeHRmTest-2] INFO  ActionDriver - entered text on Element with name;username--> admin
2026-06-09 12:22:01 [TestNG-test-OrangeHRmTest-2] INFO  ActionDriver - entered text on Element with name;password--> admin123
2026-06-09 12:22:01 [TestNG-test-OrangeHRmTest-2] INFO  ActionDriver - clicked an elment-->Element with text;Login
2026-06-09 12:22:03 [TestNG-test-OrangeHRmTest-2] INFO  ActionDriver - element is displayed Element with text;Admin
2026-06-09 12:22:04 [TestNG-test-OrangeHRmTest-2] INFO  Baseclass - WebDriver instance is closed
2026-06-09 12:23:21 [TestNG-test-OrangeHRmTest-1] INFO  ActionDriver - WebDriver instance is created
2026-06-09 12:23:21 [TestNG-test-OrangeHRmTest-1] INFO  ActionDriver - WebDriver instance is created
2026-06-09 12:23:27 [TestNG-test-OrangeHRmTest-1] INFO  ActionDriver - entered text on Element with name;username--> admin
2026-06-09 12:23:27 [TestNG-test-OrangeHRmTest-1] INFO  ActionDriver - entered text on Element with name;password--> admin123
2026-06-09 12:23:41 [TestNG-test-OrangeHRmTest-1] INFO  ActionDriver - clicked an elment-->Element with text;Login
2026-06-09 12:23:45 [TestNG-test-OrangeHRmTest-1] INFO  ActionDriver - element is displayed Unable to describe the element
2026-06-09 12:23:45 [TestNG-test-OrangeHRmTest-1] INFO  Baseclass - WebDriver instance is closed
2026-06-09 19:34:29 [main] INFO  Baseclass - config.property file loaded
2026-06-09 19:34:45 [TestNG-tests-1] INFO  Baseclass - ChromeDriver instance created
2026-06-09 19:35:05 [TestNG-tests-1] INFO  ActionDriver - WebDriver instance is created
2026-06-09 19:35:05 [TestNG-tests-1] INFO  Baseclass - WebDriver instance is closed
2026-06-09 19:35:06 [TestNG-tests-1] INFO  Baseclass - ChromeDriver instance created
2026-06-09 19:35:28 [TestNG-tests-1] INFO  ActionDriver - WebDriver instance is created
2026-06-09 19:35:28 [TestNG-tests-1] INFO  Baseclass - WebDriver instance is closed
2026-06-09 19:35:29 [TestNG-tests-1] INFO  Baseclass - ChromeDriver instance created
2026-06-09 19:36:01 [TestNG-tests-1] INFO  ActionDriver - WebDriver instance is created
2026-06-09 19:36:04 [TestNG-tests-1] INFO  ActionDriver - WebDriver instance is created
2026-06-09 19:36:04 [TestNG-tests-1] INFO  ActionDriver - WebDriver instance is created
2026-06-09 19:36:06 [TestNG-tests-1] INFO  ActionDriver - entered text on Element with name;username--> admin
2026-06-09 19:36:06 [TestNG-tests-1] INFO  ActionDriver - entered text on Element with name;password--> admin
2026-06-09 19:36:06 [TestNG-tests-1] INFO  ActionDriver - clicked an elment-->Element with text;Login
2026-06-09 19:36:09 [TestNG-tests-1] INFO  ActionDriver - Texts are matching:Invalid credentialsequals Invalid credentials
2026-06-09 19:36:10 [TestNG-tests-1] INFO  Baseclass - WebDriver instance is closed
2026-06-09 19:36:11 [TestNG-tests-1] INFO  Baseclass - ChromeDriver instance created
2026-06-09 19:36:23 [TestNG-tests-1] INFO  ActionDriver - WebDriver instance is created
2026-06-09 19:36:26 [TestNG-tests-1] INFO  ActionDriver - WebDriver instance is created
2026-06-09 19:36:28 [TestNG-tests-1] INFO  ActionDriver - entered text on Element with name;username--> admin
2026-06-09 19:36:28 [TestNG-tests-1] INFO  ActionDriver - entered text on Element with name;password--> admin123
2026-06-09 19:36:28 [TestNG-tests-1] INFO  ActionDriver - clicked an elment-->Element with text;Login
2026-06-09 19:36:31 [TestNG-tests-1] INFO  ActionDriver - element is displayed Element with text;Admin
2026-06-09 19:36:31 [TestNG-tests-1] INFO  Baseclass - WebDriver instance is closed
2026-06-09 19:36:32 [TestNG-tests-1] INFO  Baseclass - ChromeDriver instance created
2026-06-09 19:36:43 [TestNG-tests-1] INFO  ActionDriver - WebDriver instance is created
2026-06-09 19:36:43 [TestNG-tests-1] INFO  ActionDriver - WebDriver instance is created
2026-06-09 19:36:45 [TestNG-tests-1] INFO  ActionDriver - entered text on Element with name;username--> admin
2026-06-09 19:36:45 [TestNG-tests-1] INFO  ActionDriver - entered text on Element with name;password--> admin123
2026-06-09 19:36:45 [TestNG-tests-1] INFO  ActionDriver - clicked an elment-->Element with text;Login
2026-06-09 19:36:49 [TestNG-tests-1] INFO  ActionDriver - element is displayed Unable to describe the element
2026-06-09 19:36:49 [TestNG-tests-1] INFO  Baseclass - WebDriver instance is closed
2026-06-09 19:48:34 [main] INFO  Baseclass - config.property file loaded
2026-06-09 19:48:34 [TestNG-tests-1] INFO  Baseclass - Setting up WebDriver for: com.orangehrm.test.Dummyclass
2026-06-09 19:48:36 [TestNG-tests-1] INFO  Baseclass - ChromeDriver instance created
2026-06-09 19:48:46 [TestNG-tests-1] INFO  ActionDriver - WebDriver instance is created
2026-06-09 19:48:46 [TestNG-tests-1] INFO  Baseclass - WebDriver initialized and browser maximized
2026-06-09 19:48:46 [TestNG-tests-1] TRACE Baseclass - This is a TRACE message
2026-06-09 19:48:46 [TestNG-tests-1] DEBUG Baseclass - This is a DEBUG message
2026-06-09 19:48:46 [TestNG-tests-1] WARN  Baseclass - This is a WARN message
2026-06-09 19:48:46 [TestNG-tests-1] INFO  Baseclass - WebDriver instance is closed
2026-06-09 19:48:46 [TestNG-tests-1] INFO  Baseclass - Setting up WebDriver for: com.orangehrm.test.Dummyclass2
2026-06-09 19:48:47 [TestNG-tests-1] INFO  Baseclass - ChromeDriver instance created
2026-06-09 19:49:34 [TestNG-tests-1] INFO  ActionDriver - WebDriver instance is created
2026-06-09 19:49:34 [TestNG-tests-1] INFO  Baseclass - WebDriver initialized and browser maximized
2026-06-09 19:49:34 [TestNG-tests-1] TRACE Baseclass - This is a TRACE message
2026-06-09 19:49:34 [TestNG-tests-1] DEBUG Baseclass - This is a DEBUG message
2026-06-09 19:49:34 [TestNG-tests-1] WARN  Baseclass - This is a WARN message
2026-06-09 19:49:35 [TestNG-tests-1] INFO  Baseclass - WebDriver instance is closed
2026-06-09 19:49:35 [TestNG-tests-1] INFO  Baseclass - Setting up WebDriver for: com.orangehrm.test.LoginPageTest
2026-06-09 19:49:36 [TestNG-tests-1] INFO  Baseclass - ChromeDriver instance created
2026-06-09 19:50:29 [TestNG-tests-1] INFO  ActionDriver - WebDriver instance is created
2026-06-09 19:50:29 [TestNG-tests-1] INFO  Baseclass - WebDriver initialized and browser maximized
2026-06-09 19:50:29 [TestNG-tests-1] TRACE Baseclass - This is a TRACE message
2026-06-09 19:50:29 [TestNG-tests-1] DEBUG Baseclass - This is a DEBUG message
2026-06-09 19:50:29 [TestNG-tests-1] WARN  Baseclass - This is a WARN message
2026-06-09 19:50:32 [TestNG-tests-1] INFO  ActionDriver - WebDriver instance is created
2026-06-09 19:50:32 [TestNG-tests-1] INFO  ActionDriver - WebDriver instance is created
2026-06-09 19:50:49 [main] INFO  Baseclass - config.property file loaded
2026-06-09 19:50:49 [TestNG-tests-1] INFO  Baseclass - Setting up WebDriver for: com.orangehrm.test.Dummyclass
2026-06-09 19:50:51 [TestNG-tests-1] INFO  Baseclass - ChromeDriver instance created
2026-06-09 19:51:15 [TestNG-tests-1] INFO  Baseclass - WebDriver instance is closed
2026-06-09 19:51:15 [TestNG-tests-1] INFO  Baseclass - Setting up WebDriver for: com.orangehrm.test.LoginPageTest
2026-06-09 19:51:16 [TestNG-tests-1] INFO  Baseclass - ChromeDriver instance created
2026-06-09 19:51:22 [TestNG-tests-1] INFO  ActionDriver - WebDriver instance is created
2026-06-09 19:51:22 [TestNG-tests-1] INFO  Baseclass - WebDriver initialized and browser maximized
2026-06-09 19:51:22 [TestNG-tests-1] TRACE Baseclass - This is a TRACE message
2026-06-09 19:51:22 [TestNG-tests-1] DEBUG Baseclass - This is a DEBUG message
2026-06-09 19:51:22 [TestNG-tests-1] WARN  Baseclass - This is a WARN message
2026-06-09 19:51:23 [TestNG-tests-1] INFO  ActionDriver - WebDriver instance is created
2026-06-09 19:51:23 [TestNG-tests-1] INFO  Baseclass - WebDriver initialized and browser maximized
2026-06-09 19:51:23 [TestNG-tests-1] TRACE Baseclass - This is a TRACE message
2026-06-09 19:51:23 [TestNG-tests-1] DEBUG Baseclass - This is a DEBUG message
2026-06-09 19:51:23 [TestNG-tests-1] WARN  Baseclass - This is a WARN message
2026-06-09 19:51:23 [TestNG-tests-1] INFO  Baseclass - WebDriver instance is closed
2026-06-09 19:51:23 [TestNG-tests-1] INFO  Baseclass - Setting up WebDriver for: com.orangehrm.test.Dummyclass2
2026-06-09 19:51:24 [TestNG-tests-1] INFO  Baseclass - ChromeDriver instance created
2026-06-09 19:51:25 [TestNG-tests-1] INFO  ActionDriver - WebDriver instance is created
2026-06-09 19:51:28 [TestNG-tests-1] INFO  ActionDriver - WebDriver instance is created
2026-06-09 19:51:28 [TestNG-tests-1] INFO  Baseclass - WebDriver initialized and browser maximized
2026-06-09 19:51:28 [TestNG-tests-1] TRACE Baseclass - This is a TRACE message
2026-06-09 19:51:28 [TestNG-tests-1] DEBUG Baseclass - This is a DEBUG message
2026-06-09 19:51:28 [TestNG-tests-1] WARN  Baseclass - This is a WARN message
2026-06-09 19:51:28 [TestNG-tests-1] INFO  Baseclass - WebDriver instance is closed
2026-06-09 19:51:28 [TestNG-tests-1] INFO  Baseclass - Setting up WebDriver for: com.orangehrm.test.LoginPageTest
2026-06-09 19:51:29 [TestNG-tests-1] INFO  Baseclass - ChromeDriver instance created
2026-06-09 19:51:39 [TestNG-tests-1] INFO  ActionDriver - WebDriver instance is created
2026-06-09 19:51:39 [TestNG-tests-1] INFO  Baseclass - WebDriver initialized and browser maximized
2026-06-09 19:51:39 [TestNG-tests-1] TRACE Baseclass - This is a TRACE message
2026-06-09 19:51:39 [TestNG-tests-1] DEBUG Baseclass - This is a DEBUG message
2026-06-09 19:51:39 [TestNG-tests-1] WARN  Baseclass - This is a WARN message
2026-06-09 19:52:08 [TestNG-tests-1] INFO  ActionDriver - element is displayed Unable to describe the element
2026-06-09 19:52:08 [TestNG-tests-1] INFO  Baseclass - WebDriver instance is closed
2026-06-09 19:52:08 [TestNG-tests-1] INFO  Baseclass - Setting up WebDriver for: com.orangehrm.test.HomePageTest
2026-06-09 19:52:09 [TestNG-tests-1] INFO  Baseclass - ChromeDriver instance created
2026-06-09 19:52:14 [TestNG-tests-1] INFO  ActionDriver - WebDriver instance is created
2026-06-09 19:52:14 [TestNG-tests-1] INFO  Baseclass - WebDriver initialized and browser maximized
2026-06-09 19:52:14 [TestNG-tests-1] TRACE Baseclass - This is a TRACE message
2026-06-09 19:52:14 [TestNG-tests-1] DEBUG Baseclass - This is a DEBUG message
2026-06-09 19:52:14 [TestNG-tests-1] WARN  Baseclass - This is a WARN message
2026-06-09 19:52:14 [TestNG-tests-1] INFO  ActionDriver - WebDriver instance is created
2026-06-09 19:54:16 [main] INFO  Baseclass - config.property file loaded
2026-06-09 19:54:16 [TestNG-test-OrangeHRmTest-2] INFO  Baseclass - Setting up WebDriver for: com.orangehrm.test.Dummyclass2
2026-06-09 19:54:16 [TestNG-test-OrangeHRmTest-1] INFO  Baseclass - Setting up WebDriver for: com.orangehrm.test.Dummyclass
2026-06-09 19:54:18 [TestNG-test-OrangeHRmTest-2] INFO  Baseclass - ChromeDriver instance created
2026-06-09 19:54:18 [TestNG-test-OrangeHRmTest-1] INFO  Baseclass - ChromeDriver instance created
2026-06-09 19:54:21 [TestNG-test-OrangeHRmTest-2] INFO  ActionDriver - WebDriver instance is created
2026-06-09 19:54:21 [TestNG-test-OrangeHRmTest-2] INFO  Baseclass - WebDriver initialized and browser maximized
2026-06-09 19:54:21 [TestNG-test-OrangeHRmTest-2] TRACE Baseclass - This is a TRACE message
2026-06-09 19:54:21 [TestNG-test-OrangeHRmTest-2] DEBUG Baseclass - This is a DEBUG message
2026-06-09 19:54:21 [TestNG-test-OrangeHRmTest-2] WARN  Baseclass - This is a WARN message
2026-06-09 19:54:21 [TestNG-test-OrangeHRmTest-1] INFO  ActionDriver - WebDriver instance is created
2026-06-09 19:54:21 [TestNG-test-OrangeHRmTest-1] INFO  Baseclass - WebDriver initialized and browser maximized
2026-06-09 19:54:21 [TestNG-test-OrangeHRmTest-1] TRACE Baseclass - This is a TRACE message
2026-06-09 19:54:21 [TestNG-test-OrangeHRmTest-1] DEBUG Baseclass - This is a DEBUG message
2026-06-09 19:54:21 [TestNG-test-OrangeHRmTest-1] WARN  Baseclass - This is a WARN message
2026-06-09 19:54:21 [TestNG-test-OrangeHRmTest-1] INFO  Baseclass - WebDriver instance is closed
2026-06-09 19:54:21 [TestNG-test-OrangeHRmTest-1] INFO  Baseclass - Setting up WebDriver for: com.orangehrm.test.LoginPageTest
2026-06-09 19:54:21 [TestNG-test-OrangeHRmTest-2] INFO  Baseclass - WebDriver instance is closed
2026-06-09 19:54:21 [TestNG-test-OrangeHRmTest-2] INFO  Baseclass - Setting up WebDriver for: com.orangehrm.test.HomePageTest
2026-06-09 19:54:23 [TestNG-test-OrangeHRmTest-1] INFO  Baseclass - ChromeDriver instance created
2026-06-09 19:54:23 [TestNG-test-OrangeHRmTest-2] INFO  Baseclass - ChromeDriver instance created
2026-06-09 19:54:26 [TestNG-test-OrangeHRmTest-1] INFO  ActionDriver - WebDriver instance is created
2026-06-09 19:54:26 [TestNG-test-OrangeHRmTest-1] INFO  Baseclass - WebDriver initialized and browser maximized
2026-06-09 19:54:26 [TestNG-test-OrangeHRmTest-1] TRACE Baseclass - This is a TRACE message
2026-06-09 19:54:26 [TestNG-test-OrangeHRmTest-1] DEBUG Baseclass - This is a DEBUG message
2026-06-09 19:54:26 [TestNG-test-OrangeHRmTest-1] WARN  Baseclass - This is a WARN message
2026-06-09 19:54:26 [TestNG-test-OrangeHRmTest-2] INFO  ActionDriver - WebDriver instance is created
2026-06-09 19:54:26 [TestNG-test-OrangeHRmTest-2] INFO  Baseclass - WebDriver initialized and browser maximized
2026-06-09 19:54:26 [TestNG-test-OrangeHRmTest-2] TRACE Baseclass - This is a TRACE message
2026-06-09 19:54:26 [TestNG-test-OrangeHRmTest-2] DEBUG Baseclass - This is a DEBUG message
2026-06-09 19:54:26 [TestNG-test-OrangeHRmTest-2] WARN  Baseclass - This is a WARN message
2026-06-09 19:54:26 [TestNG-test-OrangeHRmTest-2] INFO  ActionDriver - WebDriver instance is created
2026-06-09 19:54:29 [TestNG-test-OrangeHRmTest-1] INFO  ActionDriver - WebDriver instance is created
2026-06-09 19:54:29 [TestNG-test-OrangeHRmTest-1] INFO  ActionDriver - WebDriver instance is created
2026-06-09 19:54:32 [TestNG-test-OrangeHRmTest-2] INFO  ActionDriver - element is displayed Unable to describe the element
2026-06-09 19:54:32 [TestNG-test-OrangeHRmTest-2] INFO  Baseclass - WebDriver instance is closed
2026-06-09 19:55:12 [TestNG-test-OrangeHRmTest-1] INFO  Baseclass - WebDriver instance is closed
2026-06-09 19:55:12 [TestNG-test-OrangeHRmTest-1] INFO  Baseclass - Setting up WebDriver for: com.orangehrm.test.LoginPageTest
2026-06-09 19:55:13 [TestNG-test-OrangeHRmTest-1] INFO  Baseclass - ChromeDriver instance created
2026-06-09 19:55:15 [TestNG-test-OrangeHRmTest-1] INFO  ActionDriver - WebDriver instance is created
2026-06-09 19:55:15 [TestNG-test-OrangeHRmTest-1] INFO  Baseclass - WebDriver initialized and browser maximized
2026-06-09 19:55:15 [TestNG-test-OrangeHRmTest-1] TRACE Baseclass - This is a TRACE message
2026-06-09 19:55:15 [TestNG-test-OrangeHRmTest-1] DEBUG Baseclass - This is a DEBUG message
2026-06-09 19:55:15 [TestNG-test-OrangeHRmTest-1] WARN  Baseclass - This is a WARN message
2026-06-09 19:55:18 [TestNG-test-OrangeHRmTest-1] INFO  ActionDriver - WebDriver instance is created
2026-06-09 19:55:20 [TestNG-test-OrangeHRmTest-1] INFO  ActionDriver - element is displayed Unable to describe the element
2026-06-09 19:55:20 [TestNG-test-OrangeHRmTest-1] INFO  Baseclass - WebDriver instance is closed
2026-06-09 20:11:41 [main] INFO  Baseclass - config.property file loaded
2026-06-09 20:11:41 [TestNG-test-OrangeHRmTest-1] INFO  Baseclass - Setting up WebDriver for: com.orangehrm.test.Dummyclass
2026-06-09 20:11:41 [TestNG-test-OrangeHRmTest-2] INFO  Baseclass - Setting up WebDriver for: com.orangehrm.test.Dummyclass2
2026-06-09 20:11:43 [TestNG-test-OrangeHRmTest-2] INFO  Baseclass - ChromeDriver instance created
2026-06-09 20:11:43 [TestNG-test-OrangeHRmTest-1] INFO  Baseclass - ChromeDriver instance created
2026-06-09 20:11:48 [TestNG-test-OrangeHRmTest-1] INFO  ActionDriver - WebDriver instance is created
2026-06-09 20:11:48 [TestNG-test-OrangeHRmTest-1] INFO  Baseclass - WebDriver initialized and browser maximized
2026-06-09 20:11:48 [TestNG-test-OrangeHRmTest-1] TRACE Baseclass - This is a TRACE message
2026-06-09 20:11:48 [TestNG-test-OrangeHRmTest-1] DEBUG Baseclass - This is a DEBUG message
2026-06-09 20:11:48 [TestNG-test-OrangeHRmTest-1] WARN  Baseclass - This is a WARN message
2026-06-09 20:11:54 [TestNG-test-OrangeHRmTest-2] INFO  ActionDriver - WebDriver instance is created
2026-06-09 20:11:54 [TestNG-test-OrangeHRmTest-2] INFO  Baseclass - WebDriver initialized and browser maximized
2026-06-09 20:11:54 [TestNG-test-OrangeHRmTest-2] TRACE Baseclass - This is a TRACE message
2026-06-09 20:11:54 [TestNG-test-OrangeHRmTest-2] DEBUG Baseclass - This is a DEBUG message
2026-06-09 20:11:54 [TestNG-test-OrangeHRmTest-2] WARN  Baseclass - This is a WARN message
2026-06-09 20:11:54 [TestNG-test-OrangeHRmTest-2] INFO  Baseclass - WebDriver instance is closed
2026-06-09 20:11:54 [TestNG-test-OrangeHRmTest-2] INFO  Baseclass - Setting up WebDriver for: com.orangehrm.test.LoginPageTest
2026-06-09 20:11:56 [TestNG-test-OrangeHRmTest-2] INFO  Baseclass - ChromeDriver instance created
2026-06-09 20:12:28 [TestNG-test-OrangeHRmTest-2] INFO  ActionDriver - WebDriver instance is created
2026-06-09 20:12:28 [TestNG-test-OrangeHRmTest-2] INFO  Baseclass - WebDriver initialized and browser maximized
2026-06-09 20:12:28 [TestNG-test-OrangeHRmTest-2] TRACE Baseclass - This is a TRACE message
2026-06-09 20:12:28 [TestNG-test-OrangeHRmTest-2] DEBUG Baseclass - This is a DEBUG message
2026-06-09 20:12:28 [TestNG-test-OrangeHRmTest-2] WARN  Baseclass - This is a WARN message
2026-06-09 20:12:31 [TestNG-test-OrangeHRmTest-2] INFO  ActionDriver - WebDriver instance is created
2026-06-09 20:12:31 [TestNG-test-OrangeHRmTest-2] INFO  ActionDriver - WebDriver instance is created
2026-06-09 20:12:34 [TestNG-test-OrangeHRmTest-2] INFO  ActionDriver - entered text on Element with name;username--> admin
2026-06-09 20:12:34 [TestNG-test-OrangeHRmTest-2] INFO  ActionDriver - entered text on Element with name;password--> admin
2026-06-09 20:12:35 [TestNG-test-OrangeHRmTest-2] INFO  ActionDriver - clicked an elment-->Element with text;Login
2026-06-09 20:12:36 [TestNG-test-OrangeHRmTest-2] INFO  ActionDriver - Texts are matching:Invalid credentialsequals Invalid credentials
2026-06-09 20:12:36 [TestNG-test-OrangeHRmTest-2] INFO  Baseclass - WebDriver instance is closed
2026-06-09 20:12:36 [TestNG-test-OrangeHRmTest-2] INFO  Baseclass - Setting up WebDriver for: com.orangehrm.test.LoginPageTest
2026-06-09 20:12:37 [TestNG-test-OrangeHRmTest-2] INFO  Baseclass - ChromeDriver instance created
2026-06-09 20:12:41 [TestNG-test-OrangeHRmTest-2] INFO  ActionDriver - WebDriver instance is created
2026-06-09 20:12:41 [TestNG-test-OrangeHRmTest-2] INFO  Baseclass - WebDriver initialized and browser maximized
2026-06-09 20:12:41 [TestNG-test-OrangeHRmTest-2] TRACE Baseclass - This is a TRACE message
2026-06-09 20:12:41 [TestNG-test-OrangeHRmTest-2] DEBUG Baseclass - This is a DEBUG message
2026-06-09 20:12:41 [TestNG-test-OrangeHRmTest-2] WARN  Baseclass - This is a WARN message
2026-06-09 20:12:44 [TestNG-test-OrangeHRmTest-2] INFO  ActionDriver - WebDriver instance is created
2026-06-09 20:12:48 [TestNG-test-OrangeHRmTest-2] INFO  ActionDriver - entered text on Element with name;username--> admin
2026-06-09 20:12:48 [TestNG-test-OrangeHRmTest-2] INFO  ActionDriver - entered text on Element with name;password--> admin123
2026-06-09 20:12:49 [TestNG-test-OrangeHRmTest-2] INFO  ActionDriver - clicked an elment-->Element with text;Login
2026-06-09 20:12:51 [TestNG-test-OrangeHRmTest-2] INFO  ActionDriver - element is displayed Element with text;Admin
2026-06-09 20:12:51 [TestNG-test-OrangeHRmTest-2] INFO  Baseclass - WebDriver instance is closed
2026-06-09 20:12:51 [TestNG-test-OrangeHRmTest-2] INFO  Baseclass - Setting up WebDriver for: com.orangehrm.test.HomePageTest
2026-06-09 20:12:52 [TestNG-test-OrangeHRmTest-2] INFO  Baseclass - ChromeDriver instance created
2026-06-09 20:13:01 [TestNG-test-OrangeHRmTest-2] INFO  ActionDriver - WebDriver instance is created
2026-06-09 20:13:01 [TestNG-test-OrangeHRmTest-2] INFO  Baseclass - WebDriver initialized and browser maximized
2026-06-09 20:13:01 [TestNG-test-OrangeHRmTest-2] TRACE Baseclass - This is a TRACE message
2026-06-09 20:13:01 [TestNG-test-OrangeHRmTest-2] DEBUG Baseclass - This is a DEBUG message
2026-06-09 20:13:01 [TestNG-test-OrangeHRmTest-2] WARN  Baseclass - This is a WARN message
2026-06-09 20:13:01 [TestNG-test-OrangeHRmTest-2] INFO  ActionDriver - WebDriver instance is created
2026-06-09 20:13:04 [TestNG-test-OrangeHRmTest-2] INFO  ActionDriver - entered text on Element with name;username--> admin
2026-06-09 20:13:04 [TestNG-test-OrangeHRmTest-2] INFO  ActionDriver - entered text on Element with name;password--> admin123
2026-06-09 20:13:04 [TestNG-test-OrangeHRmTest-2] INFO  ActionDriver - clicked an elment-->Element with text;Login
2026-06-09 20:13:10 [TestNG-test-OrangeHRmTest-2] INFO  ActionDriver - element is displayed Unable to describe the element
2026-06-09 20:13:10 [TestNG-test-OrangeHRmTest-2] INFO  Baseclass - WebDriver instance is closed
2026-06-09 20:15:16 [TestNG-test-OrangeHRmTest-1] INFO  Baseclass - WebDriver instance is closed
2026-06-09 20:25:40 [main] INFO  Baseclass - config.property file loaded
2026-06-09 20:25:40 [TestNG-test-OrangeHRmTest-1] INFO  Baseclass - Setting up WebDriver for: com.orangehrm.test.Dummyclass
2026-06-09 20:25:40 [TestNG-test-OrangeHRmTest-2] INFO  Baseclass - Setting up WebDriver for: com.orangehrm.test.Dummyclass2
2026-06-09 20:25:43 [TestNG-test-OrangeHRmTest-2] INFO  Baseclass - ChromeDriver instance created
2026-06-09 20:25:43 [TestNG-test-OrangeHRmTest-1] INFO  Baseclass - ChromeDriver instance created
2026-06-09 20:25:48 [TestNG-test-OrangeHRmTest-1] INFO  ActionDriver - WebDriver instance is created
2026-06-09 20:25:48 [TestNG-test-OrangeHRmTest-1] INFO  Baseclass - WebDriver initialized and browser maximized
2026-06-09 20:25:48 [TestNG-test-OrangeHRmTest-1] TRACE Baseclass - This is a TRACE message
2026-06-09 20:25:48 [TestNG-test-OrangeHRmTest-1] DEBUG Baseclass - This is a DEBUG message
2026-06-09 20:25:48 [TestNG-test-OrangeHRmTest-1] WARN  Baseclass - This is a WARN message
2026-06-09 20:25:51 [TestNG-test-OrangeHRmTest-1] INFO  Baseclass - WebDriver instance is closed
2026-06-09 20:25:51 [TestNG-test-OrangeHRmTest-1] INFO  Baseclass - Setting up WebDriver for: com.orangehrm.test.LoginPageTest
2026-06-09 20:25:52 [TestNG-test-OrangeHRmTest-1] INFO  Baseclass - ChromeDriver instance created
2026-06-09 20:25:52 [TestNG-test-OrangeHRmTest-2] INFO  ActionDriver - WebDriver instance is created
2026-06-09 20:25:52 [TestNG-test-OrangeHRmTest-2] INFO  Baseclass - WebDriver initialized and browser maximized
2026-06-09 20:25:52 [TestNG-test-OrangeHRmTest-2] TRACE Baseclass - This is a TRACE message
2026-06-09 20:25:52 [TestNG-test-OrangeHRmTest-2] DEBUG Baseclass - This is a DEBUG message
2026-06-09 20:25:52 [TestNG-test-OrangeHRmTest-2] WARN  Baseclass - This is a WARN message
2026-06-09 20:25:53 [TestNG-test-OrangeHRmTest-2] INFO  Baseclass - WebDriver instance is closed
2026-06-09 20:26:01 [TestNG-test-OrangeHRmTest-1] INFO  ActionDriver - WebDriver instance is created
2026-06-09 20:26:01 [TestNG-test-OrangeHRmTest-1] INFO  Baseclass - WebDriver initialized and browser maximized
2026-06-09 20:26:01 [TestNG-test-OrangeHRmTest-1] TRACE Baseclass - This is a TRACE message
2026-06-09 20:26:01 [TestNG-test-OrangeHRmTest-1] DEBUG Baseclass - This is a DEBUG message
2026-06-09 20:26:01 [TestNG-test-OrangeHRmTest-1] WARN  Baseclass - This is a WARN message
2026-06-09 20:26:01 [TestNG-test-OrangeHRmTest-2] INFO  Baseclass - Setting up WebDriver for: com.orangehrm.test.LoginPageTest
2026-06-09 20:26:02 [TestNG-test-OrangeHRmTest-2] INFO  Baseclass - ChromeDriver instance created
2026-06-09 20:26:04 [TestNG-test-OrangeHRmTest-1] INFO  ActionDriver - WebDriver instance is created
2026-06-09 20:26:04 [TestNG-test-OrangeHRmTest-1] INFO  ActionDriver - WebDriver instance is created
2026-06-09 20:26:07 [TestNG-test-OrangeHRmTest-1] INFO  ActionDriver - entered text on Element with name;username--> admin
2026-06-09 20:26:07 [TestNG-test-OrangeHRmTest-1] INFO  ActionDriver - entered text on Element with name;password--> admin
2026-06-09 20:26:10 [TestNG-test-OrangeHRmTest-1] INFO  ActionDriver - clicked an elment-->Element with text;Login
2026-06-09 20:26:12 [TestNG-test-OrangeHRmTest-1] INFO  ActionDriver - Texts are matching:Invalid credentialsequals Invalid credentials
2026-06-09 20:26:12 [TestNG-test-OrangeHRmTest-1] INFO  Baseclass - WebDriver instance is closed
2026-06-09 20:26:12 [TestNG-test-OrangeHRmTest-1] INFO  Baseclass - Setting up WebDriver for: com.orangehrm.test.HomePageTest
2026-06-09 20:26:13 [TestNG-test-OrangeHRmTest-1] INFO  Baseclass - ChromeDriver instance created
2026-06-09 20:26:16 [TestNG-test-OrangeHRmTest-2] INFO  ActionDriver - WebDriver instance is created
2026-06-09 20:26:16 [TestNG-test-OrangeHRmTest-2] INFO  Baseclass - WebDriver initialized and browser maximized
2026-06-09 20:26:16 [TestNG-test-OrangeHRmTest-2] TRACE Baseclass - This is a TRACE message
2026-06-09 20:26:16 [TestNG-test-OrangeHRmTest-2] DEBUG Baseclass - This is a DEBUG message
2026-06-09 20:26:16 [TestNG-test-OrangeHRmTest-2] WARN  Baseclass - This is a WARN message
2026-06-09 20:26:19 [TestNG-test-OrangeHRmTest-2] INFO  ActionDriver - WebDriver instance is created
2026-06-09 20:26:21 [TestNG-test-OrangeHRmTest-2] INFO  ActionDriver - entered text on Element with name;username--> admin
2026-06-09 20:26:21 [TestNG-test-OrangeHRmTest-2] INFO  ActionDriver - entered text on Element with name;password--> admin123
2026-06-09 20:26:22 [TestNG-test-OrangeHRmTest-2] INFO  ActionDriver - clicked an elment-->Element with text;Login
2026-06-09 20:26:23 [TestNG-test-OrangeHRmTest-1] INFO  ActionDriver - WebDriver instance is created
2026-06-09 20:26:23 [TestNG-test-OrangeHRmTest-1] INFO  Baseclass - WebDriver initialized and browser maximized
2026-06-09 20:26:23 [TestNG-test-OrangeHRmTest-1] TRACE Baseclass - This is a TRACE message
2026-06-09 20:26:23 [TestNG-test-OrangeHRmTest-1] DEBUG Baseclass - This is a DEBUG message
2026-06-09 20:26:23 [TestNG-test-OrangeHRmTest-1] WARN  Baseclass - This is a WARN message
2026-06-09 20:26:23 [TestNG-test-OrangeHRmTest-1] INFO  ActionDriver - WebDriver instance is created
2026-06-09 20:26:26 [TestNG-test-OrangeHRmTest-1] INFO  ActionDriver - entered text on Element with name;username--> admin
2026-06-09 20:26:26 [TestNG-test-OrangeHRmTest-1] INFO  ActionDriver - entered text on Element with name;password--> admin123
2026-06-09 20:26:27 [TestNG-test-OrangeHRmTest-2] INFO  ActionDriver - element is displayed Element with text;Admin
2026-06-09 20:26:27 [TestNG-test-OrangeHRmTest-2] INFO  Baseclass - WebDriver instance is closed
2026-06-09 20:26:28 [TestNG-test-OrangeHRmTest-1] INFO  ActionDriver - clicked an elment-->Element with text;Login
2026-06-09 20:26:28 [TestNG-test-OrangeHRmTest-1] INFO  ActionDriver - element is displayed Unable to describe the element
2026-06-09 20:26:29 [TestNG-test-OrangeHRmTest-1] INFO  Baseclass - WebDriver instance is closed
2026-06-10 11:35:52 [main] INFO  Baseclass - config.property file loaded
2026-06-10 11:44:13 [main] INFO  Baseclass - config.property file loaded
2026-06-10 11:45:26 [main] INFO  Baseclass - config.property file loaded
2026-06-10 11:50:08 [main] INFO  Baseclass - config.property file loaded
2026-06-10 11:52:08 [main] INFO  Baseclass - config.property file loaded
2026-06-10 11:56:27 [main] INFO  Baseclass - config.property file loaded
2026-06-10 11:59:55 [main] INFO  Baseclass - config.property file loaded
2026-06-10 12:01:44 [main] INFO  Baseclass - config.property file loaded
2026-06-10 12:04:53 [main] INFO  Baseclass - config.property file loaded
2026-06-10 12:04:53 [TestNG-test-OrangeHRmTest-2] INFO  Baseclass - Setting up WebDriver for: com.orangehrm.test.Dummyclass2
2026-06-10 12:04:53 [TestNG-test-OrangeHRmTest-1] INFO  Baseclass - Setting up WebDriver for: com.orangehrm.test.Dummyclass
2026-06-10 12:04:57 [TestNG-test-OrangeHRmTest-2] INFO  Baseclass - ChromeDriver instance created
2026-06-10 12:04:57 [TestNG-test-OrangeHRmTest-1] INFO  Baseclass - ChromeDriver instance created
2026-06-10 12:05:05 [TestNG-test-OrangeHRmTest-2] INFO  ActionDriver - WebDriver instance is created
2026-06-10 12:05:05 [TestNG-test-OrangeHRmTest-2] INFO  Baseclass - WebDriver initialized and browser maximized
2026-06-10 12:05:05 [TestNG-test-OrangeHRmTest-2] TRACE Baseclass - This is a TRACE message
2026-06-10 12:05:05 [TestNG-test-OrangeHRmTest-2] DEBUG Baseclass - This is a DEBUG message
2026-06-10 12:05:05 [TestNG-test-OrangeHRmTest-2] WARN  Baseclass - This is a WARN message
2026-06-10 12:05:05 [TestNG-test-OrangeHRmTest-1] INFO  ActionDriver - WebDriver instance is created
2026-06-10 12:05:05 [TestNG-test-OrangeHRmTest-1] INFO  Baseclass - WebDriver initialized and browser maximized
2026-06-10 12:05:05 [TestNG-test-OrangeHRmTest-1] TRACE Baseclass - This is a TRACE message
2026-06-10 12:05:05 [TestNG-test-OrangeHRmTest-1] DEBUG Baseclass - This is a DEBUG message
2026-06-10 12:05:05 [TestNG-test-OrangeHRmTest-1] WARN  Baseclass - This is a WARN message
2026-06-10 12:05:06 [TestNG-test-OrangeHRmTest-2] INFO  Baseclass - WebDriver instance is closed
2026-06-10 12:05:06 [TestNG-test-OrangeHRmTest-2] INFO  Baseclass - Setting up WebDriver for: com.orangehrm.test.LoginPageTest
2026-06-10 12:05:06 [TestNG-test-OrangeHRmTest-1] INFO  Baseclass - WebDriver instance is closed
2026-06-10 12:05:06 [TestNG-test-OrangeHRmTest-1] INFO  Baseclass - Setting up WebDriver for: com.orangehrm.test.HomePageTest
2026-06-10 12:05:07 [TestNG-test-OrangeHRmTest-1] INFO  Baseclass - ChromeDriver instance created
2026-06-10 12:05:08 [TestNG-test-OrangeHRmTest-2] INFO  Baseclass - ChromeDriver instance created
2026-06-10 12:05:13 [TestNG-test-OrangeHRmTest-2] INFO  ActionDriver - WebDriver instance is created
2026-06-10 12:05:13 [TestNG-test-OrangeHRmTest-2] INFO  Baseclass - WebDriver initialized and browser maximized
2026-06-10 12:05:13 [TestNG-test-OrangeHRmTest-2] TRACE Baseclass - This is a TRACE message
2026-06-10 12:05:13 [TestNG-test-OrangeHRmTest-2] DEBUG Baseclass - This is a DEBUG message
2026-06-10 12:05:13 [TestNG-test-OrangeHRmTest-2] WARN  Baseclass - This is a WARN message
2026-06-10 12:05:16 [TestNG-test-OrangeHRmTest-2] INFO  ActionDriver - WebDriver instance is created
2026-06-10 12:05:16 [TestNG-test-OrangeHRmTest-2] INFO  ActionDriver - WebDriver instance is created
2026-06-10 12:05:17 [TestNG-test-OrangeHRmTest-1] INFO  ActionDriver - WebDriver instance is created
2026-06-10 12:05:17 [TestNG-test-OrangeHRmTest-1] INFO  Baseclass - WebDriver initialized and browser maximized
2026-06-10 12:05:17 [TestNG-test-OrangeHRmTest-1] TRACE Baseclass - This is a TRACE message
2026-06-10 12:05:17 [TestNG-test-OrangeHRmTest-1] DEBUG Baseclass - This is a DEBUG message
2026-06-10 12:05:17 [TestNG-test-OrangeHRmTest-1] WARN  Baseclass - This is a WARN message
2026-06-10 12:05:17 [TestNG-test-OrangeHRmTest-1] INFO  ActionDriver - WebDriver instance is created
2026-06-10 12:05:18 [TestNG-test-OrangeHRmTest-2] INFO  ActionDriver - entered text on Element with name;username--> admin
2026-06-10 12:05:19 [TestNG-test-OrangeHRmTest-2] INFO  ActionDriver - entered text on Element with name;password--> admin
2026-06-10 12:05:19 [TestNG-test-OrangeHRmTest-1] INFO  ActionDriver - entered text on Element with name;username--> admin
2026-06-10 12:05:19 [TestNG-test-OrangeHRmTest-1] INFO  ActionDriver - entered text on Element with name;password--> admin123
2026-06-10 12:05:20 [TestNG-test-OrangeHRmTest-1] INFO  ActionDriver - clicked an elment-->Element with text;Login
2026-06-10 12:05:23 [TestNG-test-OrangeHRmTest-2] INFO  ActionDriver - clicked an elment-->Element with text;Login
2026-06-10 12:05:24 [TestNG-test-OrangeHRmTest-2] INFO  ActionDriver - Texts are matching:Invalid credentialsequals Invalid credentials
2026-06-10 12:05:26 [TestNG-test-OrangeHRmTest-2] INFO  Baseclass - WebDriver instance is closed
2026-06-10 12:05:26 [TestNG-test-OrangeHRmTest-2] INFO  Baseclass - Setting up WebDriver for: com.orangehrm.test.LoginPageTest
2026-06-10 12:05:28 [TestNG-test-OrangeHRmTest-2] INFO  Baseclass - ChromeDriver instance created
2026-06-10 12:05:33 [TestNG-test-OrangeHRmTest-2] INFO  ActionDriver - WebDriver instance is created
2026-06-10 12:05:33 [TestNG-test-OrangeHRmTest-2] INFO  Baseclass - WebDriver initialized and browser maximized
2026-06-10 12:05:33 [TestNG-test-OrangeHRmTest-2] TRACE Baseclass - This is a TRACE message
2026-06-10 12:05:33 [TestNG-test-OrangeHRmTest-2] DEBUG Baseclass - This is a DEBUG message
2026-06-10 12:05:33 [TestNG-test-OrangeHRmTest-2] WARN  Baseclass - This is a WARN message
2026-06-10 12:05:36 [TestNG-test-OrangeHRmTest-2] INFO  ActionDriver - WebDriver instance is created
2026-06-10 12:05:38 [TestNG-test-OrangeHRmTest-2] INFO  ActionDriver - entered text on Element with name;username--> admin
2026-06-10 12:05:38 [TestNG-test-OrangeHRmTest-2] INFO  ActionDriver - entered text on Element with name;password--> admin123
2026-06-10 12:05:39 [TestNG-test-OrangeHRmTest-2] INFO  ActionDriver - clicked an elment-->Element with text;Login
2026-06-10 12:05:45 [TestNG-test-OrangeHRmTest-2] INFO  ActionDriver - element is displayed Element with text;Admin
2026-06-10 12:05:46 [TestNG-test-OrangeHRmTest-2] INFO  ActionDriver - clicked an elment-->Element with text;manda user
2026-06-10 12:05:52 [TestNG-test-OrangeHRmTest-2] INFO  ActionDriver - clicked an elment-->Element with text;Logout
2026-06-10 12:05:54 [TestNG-test-OrangeHRmTest-2] INFO  Baseclass - WebDriver instance is closed
2026-06-10 12:06:17 [TestNG-test-OrangeHRmTest-1] INFO  ActionDriver - element is displayed Unable to describe the element
2026-06-10 12:06:18 [TestNG-test-OrangeHRmTest-1] INFO  Baseclass - WebDriver instance is closed
2026-06-10 12:07:15 [main] INFO  Baseclass - config.property file loaded
2026-06-10 12:07:15 [TestNG-test-OrangeHRmTest-2] INFO  Baseclass - Setting up WebDriver for: com.orangehrm.test.Dummyclass2
2026-06-10 12:07:15 [TestNG-test-OrangeHRmTest-1] INFO  Baseclass - Setting up WebDriver for: com.orangehrm.test.Dummyclass
2026-06-10 12:07:17 [TestNG-test-OrangeHRmTest-1] INFO  Baseclass - ChromeDriver instance created
2026-06-10 12:07:17 [TestNG-test-OrangeHRmTest-2] INFO  Baseclass - ChromeDriver instance created
2026-06-10 12:07:22 [TestNG-test-OrangeHRmTest-2] INFO  ActionDriver - WebDriver instance is created
2026-06-10 12:07:22 [TestNG-test-OrangeHRmTest-2] INFO  Baseclass - WebDriver initialized and browser maximized
2026-06-10 12:07:22 [TestNG-test-OrangeHRmTest-2] TRACE Baseclass - This is a TRACE message
2026-06-10 12:07:22 [TestNG-test-OrangeHRmTest-2] DEBUG Baseclass - This is a DEBUG message
2026-06-10 12:07:22 [TestNG-test-OrangeHRmTest-2] WARN  Baseclass - This is a WARN message
2026-06-10 12:07:23 [TestNG-test-OrangeHRmTest-2] INFO  Baseclass - WebDriver instance is closed
2026-06-10 12:07:23 [TestNG-test-OrangeHRmTest-2] INFO  Baseclass - Setting up WebDriver for: com.orangehrm.test.LoginPageTest
2026-06-10 12:07:24 [TestNG-test-OrangeHRmTest-2] INFO  Baseclass - ChromeDriver instance created
2026-06-10 12:07:25 [TestNG-test-OrangeHRmTest-1] INFO  ActionDriver - WebDriver instance is created
2026-06-10 12:07:25 [TestNG-test-OrangeHRmTest-1] INFO  Baseclass - WebDriver initialized and browser maximized
2026-06-10 12:07:25 [TestNG-test-OrangeHRmTest-1] TRACE Baseclass - This is a TRACE message
2026-06-10 12:07:25 [TestNG-test-OrangeHRmTest-1] DEBUG Baseclass - This is a DEBUG message
2026-06-10 12:07:25 [TestNG-test-OrangeHRmTest-1] WARN  Baseclass - This is a WARN message
2026-06-10 12:07:25 [TestNG-test-OrangeHRmTest-1] INFO  Baseclass - WebDriver instance is closed
2026-06-10 12:07:25 [TestNG-test-OrangeHRmTest-1] INFO  Baseclass - Setting up WebDriver for: com.orangehrm.test.HomePageTest
2026-06-10 12:07:26 [TestNG-test-OrangeHRmTest-1] INFO  Baseclass - ChromeDriver instance created
2026-06-10 12:07:29 [TestNG-test-OrangeHRmTest-2] INFO  ActionDriver - WebDriver instance is created
2026-06-10 12:07:29 [TestNG-test-OrangeHRmTest-2] INFO  Baseclass - WebDriver initialized and browser maximized
2026-06-10 12:07:29 [TestNG-test-OrangeHRmTest-2] TRACE Baseclass - This is a TRACE message
2026-06-10 12:07:29 [TestNG-test-OrangeHRmTest-2] DEBUG Baseclass - This is a DEBUG message
2026-06-10 12:07:29 [TestNG-test-OrangeHRmTest-2] WARN  Baseclass - This is a WARN message
2026-06-10 12:07:32 [TestNG-test-OrangeHRmTest-2] INFO  ActionDriver - WebDriver instance is created
2026-06-10 12:07:32 [TestNG-test-OrangeHRmTest-2] INFO  ActionDriver - WebDriver instance is created
2026-06-10 12:07:33 [TestNG-test-OrangeHRmTest-1] INFO  ActionDriver - WebDriver instance is created
2026-06-10 12:07:33 [TestNG-test-OrangeHRmTest-1] INFO  Baseclass - WebDriver initialized and browser maximized
2026-06-10 12:07:33 [TestNG-test-OrangeHRmTest-1] TRACE Baseclass - This is a TRACE message
2026-06-10 12:07:33 [TestNG-test-OrangeHRmTest-1] DEBUG Baseclass - This is a DEBUG message
2026-06-10 12:07:33 [TestNG-test-OrangeHRmTest-1] WARN  Baseclass - This is a WARN message
2026-06-10 12:07:33 [TestNG-test-OrangeHRmTest-1] INFO  ActionDriver - WebDriver instance is created
2026-06-10 12:07:36 [TestNG-test-OrangeHRmTest-1] INFO  ActionDriver - entered text on Element with name;username--> admin
2026-06-10 12:07:36 [TestNG-test-OrangeHRmTest-1] INFO  ActionDriver - entered text on Element with name;password--> admin123
2026-06-10 12:07:36 [TestNG-test-OrangeHRmTest-1] INFO  ActionDriver - clicked an elment-->Element with text;Login
2026-06-10 12:08:30 [TestNG-test-OrangeHRmTest-1] INFO  ActionDriver - element is displayed Unable to describe the element
2026-06-10 12:08:30 [TestNG-test-OrangeHRmTest-1] INFO  Baseclass - WebDriver instance is closed
2026-06-10 12:08:54 [main] INFO  Baseclass - config.property file loaded
2026-06-10 12:08:55 [TestNG-test-OrangeHRmTest-2] INFO  Baseclass - Setting up WebDriver for: com.orangehrm.test.Dummyclass2
2026-06-10 12:08:55 [TestNG-test-OrangeHRmTest-1] INFO  Baseclass - Setting up WebDriver for: com.orangehrm.test.Dummyclass
2026-06-10 12:08:57 [TestNG-test-OrangeHRmTest-2] INFO  Baseclass - ChromeDriver instance created
2026-06-10 12:08:57 [TestNG-test-OrangeHRmTest-1] INFO  Baseclass - ChromeDriver instance created
2026-06-10 12:09:03 [TestNG-test-OrangeHRmTest-2] INFO  Baseclass - WebDriver instance is closed
2026-06-10 12:09:03 [TestNG-test-OrangeHRmTest-2] INFO  Baseclass - Setting up WebDriver for: com.orangehrm.test.LoginPageTest
2026-06-10 12:09:04 [TestNG-test-OrangeHRmTest-2] INFO  Baseclass - ChromeDriver instance created
2026-06-10 12:09:08 [TestNG-test-OrangeHRmTest-2] INFO  ActionDriver - WebDriver instance is created
2026-06-10 12:09:08 [TestNG-test-OrangeHRmTest-2] INFO  Baseclass - WebDriver initialized and browser maximized
2026-06-10 12:09:08 [TestNG-test-OrangeHRmTest-2] TRACE Baseclass - This is a TRACE message
2026-06-10 12:09:08 [TestNG-test-OrangeHRmTest-2] DEBUG Baseclass - This is a DEBUG message
2026-06-10 12:09:08 [TestNG-test-OrangeHRmTest-2] WARN  Baseclass - This is a WARN message
2026-06-10 12:09:09 [TestNG-test-OrangeHRmTest-2] INFO  Baseclass - WebDriver instance is closed
2026-06-10 12:09:09 [TestNG-test-OrangeHRmTest-2] INFO  Baseclass - Setting up WebDriver for: com.orangehrm.test.LoginPageTest
2026-06-10 12:09:10 [TestNG-test-OrangeHRmTest-1] INFO  ActionDriver - WebDriver instance is created
2026-06-10 12:09:10 [TestNG-test-OrangeHRmTest-1] INFO  Baseclass - WebDriver initialized and browser maximized
2026-06-10 12:09:10 [TestNG-test-OrangeHRmTest-1] TRACE Baseclass - This is a TRACE message
2026-06-10 12:09:10 [TestNG-test-OrangeHRmTest-1] DEBUG Baseclass - This is a DEBUG message
2026-06-10 12:09:10 [TestNG-test-OrangeHRmTest-1] WARN  Baseclass - This is a WARN message
2026-06-10 12:09:10 [TestNG-test-OrangeHRmTest-2] INFO  Baseclass - ChromeDriver instance created
2026-06-10 12:09:11 [TestNG-test-OrangeHRmTest-1] INFO  Baseclass - WebDriver instance is closed
2026-06-10 12:09:11 [TestNG-test-OrangeHRmTest-1] INFO  Baseclass - Setting up WebDriver for: com.orangehrm.test.HomePageTest
2026-06-10 12:09:12 [TestNG-test-OrangeHRmTest-1] INFO  Baseclass - ChromeDriver instance created
2026-06-10 12:09:15 [TestNG-test-OrangeHRmTest-2] INFO  ActionDriver - WebDriver instance is created
2026-06-10 12:09:15 [TestNG-test-OrangeHRmTest-2] INFO  Baseclass - WebDriver initialized and browser maximized
2026-06-10 12:09:15 [TestNG-test-OrangeHRmTest-2] TRACE Baseclass - This is a TRACE message
2026-06-10 12:09:15 [TestNG-test-OrangeHRmTest-2] DEBUG Baseclass - This is a DEBUG message
2026-06-10 12:09:15 [TestNG-test-OrangeHRmTest-2] WARN  Baseclass - This is a WARN message
2026-06-10 12:09:18 [TestNG-test-OrangeHRmTest-2] INFO  ActionDriver - WebDriver instance is created
2026-06-10 12:09:20 [TestNG-test-OrangeHRmTest-2] INFO  ActionDriver - entered text on Element with name;username--> admin
2026-06-10 12:09:21 [TestNG-test-OrangeHRmTest-2] INFO  ActionDriver - entered text on Element with name;password--> admin123
2026-06-10 12:09:21 [TestNG-test-OrangeHRmTest-2] INFO  ActionDriver - clicked an elment-->Element with text;Login
2026-06-10 12:09:21 [TestNG-test-OrangeHRmTest-2] INFO  ActionDriver - WebDriver instance is created
2026-06-10 12:09:21 [TestNG-test-OrangeHRmTest-2] INFO  Baseclass - WebDriver initialized and browser maximized
2026-06-10 12:09:21 [TestNG-test-OrangeHRmTest-2] TRACE Baseclass - This is a TRACE message
2026-06-10 12:09:21 [TestNG-test-OrangeHRmTest-2] DEBUG Baseclass - This is a DEBUG message
2026-06-10 12:09:21 [TestNG-test-OrangeHRmTest-2] WARN  Baseclass - This is a WARN message
2026-06-10 12:09:24 [TestNG-test-OrangeHRmTest-2] INFO  ActionDriver - WebDriver instance is created
2026-06-10 12:09:24 [TestNG-test-OrangeHRmTest-2] INFO  ActionDriver - WebDriver instance is created
2026-06-10 12:09:25 [TestNG-test-OrangeHRmTest-1] INFO  ActionDriver - WebDriver instance is created
2026-06-10 12:09:25 [TestNG-test-OrangeHRmTest-1] INFO  Baseclass - WebDriver initialized and browser maximized
2026-06-10 12:09:25 [TestNG-test-OrangeHRmTest-1] TRACE Baseclass - This is a TRACE message
2026-06-10 12:09:25 [TestNG-test-OrangeHRmTest-1] DEBUG Baseclass - This is a DEBUG message
2026-06-10 12:09:25 [TestNG-test-OrangeHRmTest-1] WARN  Baseclass - This is a WARN message
2026-06-10 12:09:25 [TestNG-test-OrangeHRmTest-1] INFO  ActionDriver - WebDriver instance is created
2026-06-10 12:09:27 [TestNG-test-OrangeHRmTest-2] INFO  ActionDriver - entered text on Element with name;username--> admin
2026-06-10 12:09:27 [TestNG-test-OrangeHRmTest-2] INFO  ActionDriver - entered text on Element with name;password--> admin
2026-06-10 12:09:27 [TestNG-test-OrangeHRmTest-1] INFO  ActionDriver - entered text on Element with name;username--> admin
2026-06-10 12:09:28 [TestNG-test-OrangeHRmTest-1] INFO  ActionDriver - entered text on Element with name;password--> admin123
2026-06-10 12:09:28 [TestNG-test-OrangeHRmTest-1] INFO  ActionDriver - clicked an elment-->Element with text;Login
2026-06-10 12:09:37 [TestNG-test-OrangeHRmTest-2] INFO  ActionDriver - clicked an elment-->Element with text;Login
2026-06-10 12:09:38 [TestNG-test-OrangeHRmTest-2] INFO  ActionDriver - element is displayed Element with text;Admin
2026-06-10 12:09:38 [TestNG-test-OrangeHRmTest-2] INFO  ActionDriver - clicked an elment-->Element with text;John user
2026-06-10 12:09:40 [TestNG-test-OrangeHRmTest-2] INFO  ActionDriver - Texts are matching:Invalid credentialsequals Invalid credentials
2026-06-10 12:09:43 [TestNG-test-OrangeHRmTest-2] INFO  Baseclass - WebDriver instance is closed
2026-06-10 12:09:43 [TestNG-test-OrangeHRmTest-2] INFO  Baseclass - Setting up WebDriver for: com.orangehrm.test.LoginPageTest
2026-06-10 12:09:44 [TestNG-test-OrangeHRmTest-2] INFO  ActionDriver - clicked an elment-->Element with text;Logout
2026-06-10 12:09:44 [TestNG-test-OrangeHRmTest-2] INFO  Baseclass - ChromeDriver instance created
2026-06-10 12:09:47 [TestNG-test-OrangeHRmTest-2] INFO  Baseclass - WebDriver instance is closed
2026-06-10 12:09:53 [TestNG-test-OrangeHRmTest-2] INFO  ActionDriver - WebDriver instance is created
2026-06-10 12:09:53 [TestNG-test-OrangeHRmTest-2] INFO  Baseclass - WebDriver initialized and browser maximized
2026-06-10 12:09:53 [TestNG-test-OrangeHRmTest-2] TRACE Baseclass - This is a TRACE message
2026-06-10 12:09:53 [TestNG-test-OrangeHRmTest-2] DEBUG Baseclass - This is a DEBUG message
2026-06-10 12:09:53 [TestNG-test-OrangeHRmTest-2] WARN  Baseclass - This is a WARN message
2026-06-10 12:09:56 [TestNG-test-OrangeHRmTest-2] INFO  ActionDriver - WebDriver instance is created
2026-06-10 12:09:58 [TestNG-test-OrangeHRmTest-2] INFO  ActionDriver - entered text on Element with name;username--> admin
2026-06-10 12:09:59 [TestNG-test-OrangeHRmTest-2] INFO  ActionDriver - entered text on Element with name;password--> admin123
2026-06-10 12:09:59 [TestNG-test-OrangeHRmTest-2] INFO  ActionDriver - clicked an elment-->Element with text;Login
2026-06-10 12:10:11 [TestNG-test-OrangeHRmTest-2] INFO  ActionDriver - element is displayed Element with text;Admin
2026-06-10 12:10:11 [TestNG-test-OrangeHRmTest-2] INFO  ActionDriver - clicked an elment-->Element with text;John user
2026-06-10 12:10:38 [TestNG-test-OrangeHRmTest-2] INFO  ActionDriver - clicked an elment-->Element with text;Logout
2026-06-10 12:10:40 [TestNG-test-OrangeHRmTest-1] INFO  ActionDriver - element is displayed Unable to describe the element
2026-06-10 12:10:40 [TestNG-test-OrangeHRmTest-1] INFO  Baseclass - WebDriver instance is closed
2026-06-10 12:10:40 [TestNG-test-OrangeHRmTest-2] INFO  Baseclass - WebDriver instance is closed
2026-06-10 12:18:45 [main] INFO  Baseclass - config.property file loaded
2026-06-10 12:18:45 [TestNG-test-OrangeHRmTest-2] INFO  Baseclass - Setting up WebDriver for: com.orangehrm.test.Dummyclass2
2026-06-10 12:18:45 [TestNG-test-OrangeHRmTest-1] INFO  Baseclass - Setting up WebDriver for: com.orangehrm.test.Dummyclass
2026-06-10 12:18:47 [TestNG-test-OrangeHRmTest-2] INFO  Baseclass - ChromeDriver instance created
2026-06-10 12:18:47 [TestNG-test-OrangeHRmTest-1] INFO  Baseclass - ChromeDriver instance created
2026-06-10 12:18:52 [TestNG-test-OrangeHRmTest-1] INFO  ActionDriver - WebDriver instance is created
2026-06-10 12:18:52 [TestNG-test-OrangeHRmTest-1] INFO  Baseclass - WebDriver initialized and browser maximized
2026-06-10 12:18:52 [TestNG-test-OrangeHRmTest-1] TRACE Baseclass - This is a TRACE message
2026-06-10 12:18:52 [TestNG-test-OrangeHRmTest-1] DEBUG Baseclass - This is a DEBUG message
2026-06-10 12:18:52 [TestNG-test-OrangeHRmTest-1] WARN  Baseclass - This is a WARN message
2026-06-10 12:18:55 [TestNG-test-OrangeHRmTest-1] INFO  Baseclass - WebDriver instance is closed
2026-06-10 12:18:55 [TestNG-test-OrangeHRmTest-1] INFO  Baseclass - Setting up WebDriver for: com.orangehrm.test.LoginPageTest
2026-06-10 12:18:56 [TestNG-test-OrangeHRmTest-2] INFO  ActionDriver - WebDriver instance is created
2026-06-10 12:18:56 [TestNG-test-OrangeHRmTest-2] INFO  Baseclass - WebDriver initialized and browser maximized
2026-06-10 12:18:56 [TestNG-test-OrangeHRmTest-2] TRACE Baseclass - This is a TRACE message
2026-06-10 12:18:56 [TestNG-test-OrangeHRmTest-2] DEBUG Baseclass - This is a DEBUG message
2026-06-10 12:18:56 [TestNG-test-OrangeHRmTest-2] WARN  Baseclass - This is a WARN message
2026-06-10 12:18:57 [TestNG-test-OrangeHRmTest-1] INFO  Baseclass - ChromeDriver instance created
2026-06-10 12:18:57 [TestNG-test-OrangeHRmTest-2] INFO  Baseclass - WebDriver instance is closed
2026-06-10 12:18:57 [TestNG-test-OrangeHRmTest-2] INFO  Baseclass - Setting up WebDriver for: com.orangehrm.test.HomePageTest
2026-06-10 12:18:58 [TestNG-test-OrangeHRmTest-2] INFO  Baseclass - ChromeDriver instance created
2026-06-10 12:19:04 [TestNG-test-OrangeHRmTest-1] INFO  ActionDriver - WebDriver instance is created
2026-06-10 12:19:04 [TestNG-test-OrangeHRmTest-1] INFO  Baseclass - WebDriver initialized and browser maximized
2026-06-10 12:19:04 [TestNG-test-OrangeHRmTest-1] TRACE Baseclass - This is a TRACE message
2026-06-10 12:19:04 [TestNG-test-OrangeHRmTest-1] DEBUG Baseclass - This is a DEBUG message
2026-06-10 12:19:04 [TestNG-test-OrangeHRmTest-1] WARN  Baseclass - This is a WARN message
2026-06-10 12:19:07 [TestNG-test-OrangeHRmTest-2] INFO  ActionDriver - WebDriver instance is created
2026-06-10 12:19:07 [TestNG-test-OrangeHRmTest-2] INFO  Baseclass - WebDriver initialized and browser maximized
2026-06-10 12:19:07 [TestNG-test-OrangeHRmTest-2] TRACE Baseclass - This is a TRACE message
2026-06-10 12:19:07 [TestNG-test-OrangeHRmTest-2] DEBUG Baseclass - This is a DEBUG message
2026-06-10 12:19:07 [TestNG-test-OrangeHRmTest-2] WARN  Baseclass - This is a WARN message
2026-06-10 12:19:07 [TestNG-test-OrangeHRmTest-2] INFO  ActionDriver - WebDriver instance is created
2026-06-10 12:19:07 [TestNG-test-OrangeHRmTest-1] INFO  ActionDriver - WebDriver instance is created
2026-06-10 12:19:07 [TestNG-test-OrangeHRmTest-1] INFO  ActionDriver - WebDriver instance is created
2026-06-10 12:19:09 [TestNG-test-OrangeHRmTest-2] INFO  ActionDriver - entered text on Element with name;username--> admin
2026-06-10 12:19:09 [TestNG-test-OrangeHRmTest-2] INFO  ActionDriver - entered text on Element with name;password--> admin123
2026-06-10 12:19:10 [TestNG-test-OrangeHRmTest-1] INFO  ActionDriver - entered text on Element with name;username--> admin
2026-06-10 12:19:10 [TestNG-test-OrangeHRmTest-1] INFO  ActionDriver - entered text on Element with name;password--> admin
2026-06-10 12:19:10 [TestNG-test-OrangeHRmTest-1] INFO  ActionDriver - clicked an elment-->Element with text;Login
2026-06-10 12:19:15 [TestNG-test-OrangeHRmTest-2] INFO  ActionDriver - clicked an elment-->Element with text;Login
2026-06-10 12:19:18 [TestNG-test-OrangeHRmTest-2] INFO  ActionDriver - element is displayed Unable to describe the element
2026-06-10 12:19:19 [TestNG-test-OrangeHRmTest-2] INFO  Baseclass - WebDriver instance is closed
2026-06-10 12:19:19 [TestNG-test-OrangeHRmTest-1] INFO  ActionDriver - Texts are matching:Invalid credentialsequals Invalid credentials
2026-06-10 12:19:19 [TestNG-test-OrangeHRmTest-1] INFO  Baseclass - WebDriver instance is closed
2026-06-10 12:19:19 [TestNG-test-OrangeHRmTest-1] INFO  Baseclass - Setting up WebDriver for: com.orangehrm.test.LoginPageTest
2026-06-10 12:19:21 [TestNG-test-OrangeHRmTest-1] INFO  Baseclass - ChromeDriver instance created
2026-06-10 12:19:29 [TestNG-test-OrangeHRmTest-1] INFO  ActionDriver - WebDriver instance is created
2026-06-10 12:19:29 [TestNG-test-OrangeHRmTest-1] INFO  Baseclass - WebDriver initialized and browser maximized
2026-06-10 12:19:29 [TestNG-test-OrangeHRmTest-1] TRACE Baseclass - This is a TRACE message
2026-06-10 12:19:29 [TestNG-test-OrangeHRmTest-1] DEBUG Baseclass - This is a DEBUG message
2026-06-10 12:19:29 [TestNG-test-OrangeHRmTest-1] WARN  Baseclass - This is a WARN message
2026-06-10 12:19:32 [TestNG-test-OrangeHRmTest-1] INFO  ActionDriver - WebDriver instance is created
2026-06-10 12:19:34 [TestNG-test-OrangeHRmTest-1] INFO  ActionDriver - entered text on Element with name;username--> admin
2026-06-10 12:19:34 [TestNG-test-OrangeHRmTest-1] INFO  ActionDriver - entered text on Element with name;password--> admin123
2026-06-10 12:19:35 [TestNG-test-OrangeHRmTest-1] INFO  ActionDriver - clicked an elment-->Element with text;Login
2026-06-10 12:19:45 [TestNG-test-OrangeHRmTest-1] INFO  ActionDriver - element is displayed Element with text;Admin
2026-06-10 12:19:45 [TestNG-test-OrangeHRmTest-1] INFO  ActionDriver - clicked an elment-->Element with text;Richard Johnson
2026-06-10 12:19:53 [TestNG-test-OrangeHRmTest-1] INFO  ActionDriver - clicked an elment-->Element with text;Logout
2026-06-10 12:19:56 [TestNG-test-OrangeHRmTest-1] INFO  Baseclass - WebDriver instance is closed
2026-06-10 19:39:35 [main] INFO  Baseclass - config.property file loaded
2026-06-10 19:39:35 [TestNG-test-OrangeHRmTest-1] INFO  Baseclass - Setting up WebDriver for: com.orangehrm.test.Dummyclass
2026-06-10 19:39:35 [TestNG-test-OrangeHRmTest-2] INFO  Baseclass - Setting up WebDriver for: com.orangehrm.test.Dummyclass2
2026-06-10 19:39:48 [TestNG-test-OrangeHRmTest-2] INFO  Baseclass - ChromeDriver instance created
2026-06-10 19:39:48 [TestNG-test-OrangeHRmTest-1] INFO  Baseclass - ChromeDriver instance created
2026-06-10 19:40:01 [TestNG-test-OrangeHRmTest-2] INFO  ActionDriver - WebDriver instance is created
2026-06-10 19:40:01 [TestNG-test-OrangeHRmTest-2] INFO  Baseclass - WebDriver initialized and browser maximized
2026-06-10 19:40:01 [TestNG-test-OrangeHRmTest-2] TRACE Baseclass - This is a TRACE message
2026-06-10 19:40:01 [TestNG-test-OrangeHRmTest-2] DEBUG Baseclass - This is a DEBUG message
2026-06-10 19:40:01 [TestNG-test-OrangeHRmTest-2] WARN  Baseclass - This is a WARN message
2026-06-10 19:40:01 [TestNG-test-OrangeHRmTest-1] INFO  ActionDriver - WebDriver instance is created
2026-06-10 19:40:01 [TestNG-test-OrangeHRmTest-1] INFO  Baseclass - WebDriver initialized and browser maximized
2026-06-10 19:40:01 [TestNG-test-OrangeHRmTest-1] TRACE Baseclass - This is a TRACE message
2026-06-10 19:40:01 [TestNG-test-OrangeHRmTest-1] DEBUG Baseclass - This is a DEBUG message
2026-06-10 19:40:01 [TestNG-test-OrangeHRmTest-1] WARN  Baseclass - This is a WARN message
2026-06-10 19:40:02 [TestNG-test-OrangeHRmTest-2] INFO  Baseclass - WebDriver instance is closed
2026-06-10 19:40:02 [TestNG-test-OrangeHRmTest-1] INFO  Baseclass - WebDriver instance is closed
2026-06-10 19:40:02 [TestNG-test-OrangeHRmTest-2] INFO  Baseclass - Setting up WebDriver for: com.orangehrm.test.LoginPageTest
2026-06-10 19:40:02 [TestNG-test-OrangeHRmTest-1] INFO  Baseclass - Setting up WebDriver for: com.orangehrm.test.HomePageTest
2026-06-10 19:40:04 [TestNG-test-OrangeHRmTest-1] INFO  Baseclass - ChromeDriver instance created
2026-06-10 19:40:04 [TestNG-test-OrangeHRmTest-2] INFO  Baseclass - ChromeDriver instance created
2026-06-10 19:40:07 [TestNG-test-OrangeHRmTest-1] INFO  ActionDriver - WebDriver instance is created
2026-06-10 19:40:07 [TestNG-test-OrangeHRmTest-1] INFO  Baseclass - WebDriver initialized and browser maximized
2026-06-10 19:40:07 [TestNG-test-OrangeHRmTest-1] TRACE Baseclass - This is a TRACE message
2026-06-10 19:40:07 [TestNG-test-OrangeHRmTest-1] DEBUG Baseclass - This is a DEBUG message
2026-06-10 19:40:07 [TestNG-test-OrangeHRmTest-1] WARN  Baseclass - This is a WARN message
2026-06-10 19:40:07 [TestNG-test-OrangeHRmTest-1] INFO  ActionDriver - WebDriver instance is created
2026-06-10 19:40:08 [TestNG-test-OrangeHRmTest-2] INFO  ActionDriver - WebDriver instance is created
2026-06-10 19:40:08 [TestNG-test-OrangeHRmTest-2] INFO  Baseclass - WebDriver initialized and browser maximized
2026-06-10 19:40:08 [TestNG-test-OrangeHRmTest-2] TRACE Baseclass - This is a TRACE message
2026-06-10 19:40:08 [TestNG-test-OrangeHRmTest-2] DEBUG Baseclass - This is a DEBUG message
2026-06-10 19:40:08 [TestNG-test-OrangeHRmTest-2] WARN  Baseclass - This is a WARN message
2026-06-10 19:40:11 [TestNG-test-OrangeHRmTest-2] INFO  ActionDriver - WebDriver instance is created
2026-06-10 19:40:11 [TestNG-test-OrangeHRmTest-2] INFO  ActionDriver - WebDriver instance is created
2026-06-10 19:40:17 [TestNG-test-OrangeHRmTest-1] INFO  ActionDriver - entered text on Element with name;username--> admin
2026-06-10 19:40:17 [TestNG-test-OrangeHRmTest-1] INFO  ActionDriver - entered text on Element with name;password--> admin123
2026-06-10 19:40:18 [TestNG-test-OrangeHRmTest-1] INFO  ActionDriver - clicked an elment-->Element with text;Login
2026-06-10 19:40:21 [TestNG-test-OrangeHRmTest-1] INFO  ActionDriver - Element is displayed Unable to describe the element
2026-06-10 19:40:21 [TestNG-test-OrangeHRmTest-2] INFO  ActionDriver - entered text on Element with name;username--> admin
2026-06-10 19:40:22 [TestNG-test-OrangeHRmTest-2] INFO  ActionDriver - entered text on Element with name;password--> admin
2026-06-10 19:40:22 [TestNG-test-OrangeHRmTest-2] INFO  ActionDriver - clicked an elment-->Element with text;Login
2026-06-10 19:40:22 [TestNG-test-OrangeHRmTest-1] INFO  Baseclass - WebDriver instance is closed
2026-06-10 19:40:25 [TestNG-test-OrangeHRmTest-2] INFO  ActionDriver - Texts are matching:Invalid credentialsequals Invalid credentials
2026-06-10 19:40:25 [TestNG-test-OrangeHRmTest-2] INFO  Baseclass - WebDriver instance is closed
2026-06-10 19:40:25 [TestNG-test-OrangeHRmTest-2] INFO  Baseclass - Setting up WebDriver for: com.orangehrm.test.LoginPageTest
2026-06-10 19:40:26 [TestNG-test-OrangeHRmTest-2] INFO  Baseclass - ChromeDriver instance created
2026-06-10 19:40:39 [TestNG-test-OrangeHRmTest-2] INFO  ActionDriver - WebDriver instance is created
2026-06-10 19:40:39 [TestNG-test-OrangeHRmTest-2] INFO  Baseclass - WebDriver initialized and browser maximized
2026-06-10 19:40:39 [TestNG-test-OrangeHRmTest-2] TRACE Baseclass - This is a TRACE message
2026-06-10 19:40:39 [TestNG-test-OrangeHRmTest-2] DEBUG Baseclass - This is a DEBUG message
2026-06-10 19:40:39 [TestNG-test-OrangeHRmTest-2] WARN  Baseclass - This is a WARN message
2026-06-10 19:40:42 [TestNG-test-OrangeHRmTest-2] INFO  ActionDriver - WebDriver instance is created
2026-06-10 19:40:44 [TestNG-test-OrangeHRmTest-2] INFO  ActionDriver - entered text on Element with name;username--> admin
2026-06-10 19:40:44 [TestNG-test-OrangeHRmTest-2] INFO  ActionDriver - entered text on Element with name;password--> admin123
2026-06-10 19:40:45 [TestNG-test-OrangeHRmTest-2] INFO  ActionDriver - clicked an elment-->Element with text;Login
2026-06-10 19:40:48 [TestNG-test-OrangeHRmTest-2] INFO  ActionDriver - Element is displayed Element with text;Admin
2026-06-10 19:40:49 [TestNG-test-OrangeHRmTest-2] INFO  ActionDriver - clicked an elment-->Element with text;manda user
2026-06-10 19:40:51 [TestNG-test-OrangeHRmTest-2] INFO  ActionDriver - clicked an elment-->Element with text;Logout
2026-06-10 19:40:53 [TestNG-test-OrangeHRmTest-2] INFO  Baseclass - WebDriver instance is closed
2026-06-10 19:46:20 [main] INFO  Baseclass - config.property file loaded
2026-06-10 19:46:21 [TestNG-test-OrangeHRmTest-1] INFO  Baseclass - Setting up WebDriver for: com.orangehrm.test.Dummyclass
2026-06-10 19:46:21 [TestNG-test-OrangeHRmTest-2] INFO  Baseclass - Setting up WebDriver for: com.orangehrm.test.Dummyclass2
2026-06-10 19:46:24 [TestNG-test-OrangeHRmTest-2] INFO  Baseclass - ChromeDriver instance created
2026-06-10 19:46:24 [TestNG-test-OrangeHRmTest-1] INFO  Baseclass - ChromeDriver instance created
2026-06-10 19:46:39 [TestNG-test-OrangeHRmTest-2] INFO  ActionDriver - WebDriver instance is created
2026-06-10 19:46:39 [TestNG-test-OrangeHRmTest-2] INFO  Baseclass - WebDriver initialized and browser maximized
2026-06-10 19:46:39 [TestNG-test-OrangeHRmTest-2] TRACE Baseclass - This is a TRACE message
2026-06-10 19:46:39 [TestNG-test-OrangeHRmTest-2] DEBUG Baseclass - This is a DEBUG message
2026-06-10 19:46:39 [TestNG-test-OrangeHRmTest-2] WARN  Baseclass - This is a WARN message
2026-06-10 19:46:39 [TestNG-test-OrangeHRmTest-2] INFO  Baseclass - WebDriver instance is closed
2026-06-10 19:46:40 [TestNG-test-OrangeHRmTest-2] INFO  Baseclass - Setting up WebDriver for: com.orangehrm.test.LoginPageTest
2026-06-10 19:46:42 [TestNG-test-OrangeHRmTest-2] INFO  Baseclass - ChromeDriver instance created
2026-06-10 19:46:42 [TestNG-test-OrangeHRmTest-1] INFO  ActionDriver - WebDriver instance is created
2026-06-10 19:46:42 [TestNG-test-OrangeHRmTest-1] INFO  Baseclass - WebDriver initialized and browser maximized
2026-06-10 19:46:42 [TestNG-test-OrangeHRmTest-1] TRACE Baseclass - This is a TRACE message
2026-06-10 19:46:42 [TestNG-test-OrangeHRmTest-1] DEBUG Baseclass - This is a DEBUG message
2026-06-10 19:46:42 [TestNG-test-OrangeHRmTest-1] WARN  Baseclass - This is a WARN message
2026-06-10 19:46:45 [TestNG-test-OrangeHRmTest-1] INFO  Baseclass - WebDriver instance is closed
2026-06-10 19:46:45 [TestNG-test-OrangeHRmTest-1] INFO  Baseclass - Setting up WebDriver for: com.orangehrm.test.HomePageTest
2026-06-10 19:46:46 [TestNG-test-OrangeHRmTest-1] INFO  Baseclass - ChromeDriver instance created
2026-06-10 19:46:53 [TestNG-test-OrangeHRmTest-2] INFO  ActionDriver - WebDriver instance is created
2026-06-10 19:46:53 [TestNG-test-OrangeHRmTest-2] INFO  Baseclass - WebDriver initialized and browser maximized
2026-06-10 19:46:53 [TestNG-test-OrangeHRmTest-2] TRACE Baseclass - This is a TRACE message
2026-06-10 19:46:53 [TestNG-test-OrangeHRmTest-2] DEBUG Baseclass - This is a DEBUG message
2026-06-10 19:46:53 [TestNG-test-OrangeHRmTest-2] WARN  Baseclass - This is a WARN message
2026-06-10 19:46:56 [TestNG-test-OrangeHRmTest-2] INFO  ActionDriver - WebDriver instance is created
2026-06-10 19:46:56 [TestNG-test-OrangeHRmTest-2] INFO  ActionDriver - WebDriver instance is created
2026-06-10 19:46:59 [TestNG-test-OrangeHRmTest-2] INFO  ActionDriver - entered text on Element with name;username--> admin
2026-06-10 19:46:59 [TestNG-test-OrangeHRmTest-2] INFO  ActionDriver - entered text on Element with name;password--> admin
2026-06-10 19:46:59 [TestNG-test-OrangeHRmTest-1] INFO  ActionDriver - WebDriver instance is created
2026-06-10 19:46:59 [TestNG-test-OrangeHRmTest-1] INFO  Baseclass - WebDriver initialized and browser maximized
2026-06-10 19:46:59 [TestNG-test-OrangeHRmTest-1] TRACE Baseclass - This is a TRACE message
2026-06-10 19:46:59 [TestNG-test-OrangeHRmTest-1] DEBUG Baseclass - This is a DEBUG message
2026-06-10 19:46:59 [TestNG-test-OrangeHRmTest-1] WARN  Baseclass - This is a WARN message
2026-06-10 19:46:59 [TestNG-test-OrangeHRmTest-1] INFO  ActionDriver - WebDriver instance is created
2026-06-10 19:47:00 [TestNG-test-OrangeHRmTest-2] INFO  ActionDriver - clicked an elment-->Element with text;Login
2026-06-10 19:47:02 [TestNG-test-OrangeHRmTest-1] INFO  ActionDriver - entered text on Element with name;username--> admin
2026-06-10 19:47:02 [TestNG-test-OrangeHRmTest-1] INFO  ActionDriver - entered text on Element with name;password--> admin123
2026-06-10 19:47:03 [TestNG-test-OrangeHRmTest-2] INFO  Baseclass - WebDriver instance is closed
2026-06-10 19:47:04 [TestNG-test-OrangeHRmTest-2] INFO  Baseclass - Setting up WebDriver for: com.orangehrm.test.LoginPageTest
2026-06-10 19:47:04 [TestNG-test-OrangeHRmTest-1] INFO  ActionDriver - clicked an elment-->Element with text;Login
2026-06-10 19:47:06 [TestNG-test-OrangeHRmTest-2] INFO  Baseclass - ChromeDriver instance created
2026-06-10 19:47:06 [TestNG-test-OrangeHRmTest-1] INFO  ActionDriver - Element is displayed Unable to describe the element
2026-06-10 19:47:10 [TestNG-test-OrangeHRmTest-1] INFO  Baseclass - WebDriver instance is closed
2026-06-10 19:47:16 [TestNG-test-OrangeHRmTest-2] INFO  ActionDriver - WebDriver instance is created
2026-06-10 19:47:16 [TestNG-test-OrangeHRmTest-2] INFO  Baseclass - WebDriver initialized and browser maximized
2026-06-10 19:47:16 [TestNG-test-OrangeHRmTest-2] TRACE Baseclass - This is a TRACE message
2026-06-10 19:47:16 [TestNG-test-OrangeHRmTest-2] DEBUG Baseclass - This is a DEBUG message
2026-06-10 19:47:16 [TestNG-test-OrangeHRmTest-2] WARN  Baseclass - This is a WARN message
2026-06-10 19:47:19 [TestNG-test-OrangeHRmTest-2] INFO  ActionDriver - WebDriver instance is created
2026-06-10 19:47:22 [TestNG-test-OrangeHRmTest-2] INFO  ActionDriver - entered text on Element with name;username--> admin
2026-06-10 19:47:22 [TestNG-test-OrangeHRmTest-2] INFO  ActionDriver - entered text on Element with name;password--> admin123
2026-06-10 19:47:24 [TestNG-test-OrangeHRmTest-2] INFO  ActionDriver - clicked an elment-->Element with text;Login
2026-06-10 19:47:25 [TestNG-test-OrangeHRmTest-2] INFO  ActionDriver - Element is displayed Element with text;Admin
2026-06-10 19:47:25 [TestNG-test-OrangeHRmTest-2] INFO  ActionDriver - clicked an elment-->Element with text;manda user
2026-06-10 19:47:28 [TestNG-test-OrangeHRmTest-2] INFO  ActionDriver - clicked an elment-->Element with text;Logout
2026-06-10 19:47:30 [TestNG-test-OrangeHRmTest-2] INFO  Baseclass - WebDriver instance is closed
2026-06-10 20:41:04 [main] INFO  Baseclass - config.property file loaded
2026-06-10 20:41:04 [TestNG-test-OrangeHRmTest-1] INFO  Baseclass - Setting up WebDriver for: com.orangehrm.test.Dummyclass
2026-06-10 20:41:04 [TestNG-test-OrangeHRmTest-2] INFO  Baseclass - Setting up WebDriver for: com.orangehrm.test.Dummyclass2
2026-06-10 20:41:07 [TestNG-test-OrangeHRmTest-2] INFO  Baseclass - ChromeDriver instance created
2026-06-10 20:41:10 [TestNG-test-OrangeHRmTest-2] INFO  ActionDriver - WebDriver instance is created
2026-06-10 20:41:10 [TestNG-test-OrangeHRmTest-2] INFO  Baseclass - WebDriver initialized and browser maximized
2026-06-10 20:41:10 [TestNG-test-OrangeHRmTest-2] TRACE Baseclass - This is a TRACE message
2026-06-10 20:41:10 [TestNG-test-OrangeHRmTest-2] DEBUG Baseclass - This is a DEBUG message
2026-06-10 20:41:10 [TestNG-test-OrangeHRmTest-2] WARN  Baseclass - This is a WARN message
2026-06-10 20:41:10 [TestNG-test-OrangeHRmTest-1] INFO  Baseclass - Setting up WebDriver for: com.orangehrm.test.LoginPageTest
2026-06-10 20:41:12 [TestNG-test-OrangeHRmTest-1] INFO  Baseclass - ChromeDriver instance created
2026-06-10 20:41:14 [TestNG-test-OrangeHRmTest-2] INFO  Baseclass - WebDriver instance is closed
2026-06-10 20:41:14 [TestNG-test-OrangeHRmTest-2] INFO  Baseclass - Setting up WebDriver for: com.orangehrm.test.HomePageTest
2026-06-10 20:41:15 [TestNG-test-OrangeHRmTest-1] INFO  ActionDriver - WebDriver instance is created
2026-06-10 20:41:15 [TestNG-test-OrangeHRmTest-1] INFO  Baseclass - WebDriver initialized and browser maximized
2026-06-10 20:41:15 [TestNG-test-OrangeHRmTest-1] TRACE Baseclass - This is a TRACE message
2026-06-10 20:41:15 [TestNG-test-OrangeHRmTest-1] DEBUG Baseclass - This is a DEBUG message
2026-06-10 20:41:15 [TestNG-test-OrangeHRmTest-1] WARN  Baseclass - This is a WARN message
2026-06-10 20:41:16 [TestNG-test-OrangeHRmTest-2] INFO  Baseclass - ChromeDriver instance created
2026-06-10 20:41:18 [TestNG-test-OrangeHRmTest-1] INFO  ActionDriver - WebDriver instance is created
2026-06-10 20:41:18 [TestNG-test-OrangeHRmTest-1] INFO  ActionDriver - WebDriver instance is created
2026-06-10 20:41:18 [TestNG-test-OrangeHRmTest-2] INFO  ActionDriver - WebDriver instance is created
2026-06-10 20:41:18 [TestNG-test-OrangeHRmTest-2] INFO  Baseclass - WebDriver initialized and browser maximized
2026-06-10 20:41:18 [TestNG-test-OrangeHRmTest-2] TRACE Baseclass - This is a TRACE message
2026-06-10 20:41:18 [TestNG-test-OrangeHRmTest-2] DEBUG Baseclass - This is a DEBUG message
2026-06-10 20:41:18 [TestNG-test-OrangeHRmTest-2] WARN  Baseclass - This is a WARN message
2026-06-10 20:41:18 [TestNG-test-OrangeHRmTest-2] INFO  ActionDriver - WebDriver instance is created
2026-06-10 20:42:39 [TestNG-test-OrangeHRmTest-2] INFO  ActionDriver - Element is displayed Unable to describe the element
2026-06-10 20:42:42 [TestNG-test-OrangeHRmTest-1] INFO  Baseclass - WebDriver instance is closed
2026-06-10 20:42:42 [TestNG-test-OrangeHRmTest-1] INFO  Baseclass - Setting up WebDriver for: com.orangehrm.test.LoginPageTest
2026-06-10 20:42:42 [TestNG-test-OrangeHRmTest-2] INFO  Baseclass - WebDriver instance is closed
2026-06-10 20:42:52 [main] INFO  Baseclass - config.property file loaded
2026-06-10 20:42:53 [TestNG-test-OrangeHRmTest-1] INFO  Baseclass - Setting up WebDriver for: com.orangehrm.test.Dummyclass
2026-06-10 20:42:53 [TestNG-test-OrangeHRmTest-2] INFO  Baseclass - Setting up WebDriver for: com.orangehrm.test.Dummyclass2
2026-06-10 20:43:21 [TestNG-test-OrangeHRmTest-1] INFO  Baseclass - ChromeDriver instance created
2026-06-10 20:43:56 [TestNG-test-OrangeHRmTest-1] INFO  ActionDriver - WebDriver instance is created
2026-06-10 20:43:56 [TestNG-test-OrangeHRmTest-1] INFO  Baseclass - WebDriver initialized and browser maximized
2026-06-10 20:43:56 [TestNG-test-OrangeHRmTest-1] TRACE Baseclass - This is a TRACE message
2026-06-10 20:43:56 [TestNG-test-OrangeHRmTest-1] DEBUG Baseclass - This is a DEBUG message
2026-06-10 20:43:56 [TestNG-test-OrangeHRmTest-1] WARN  Baseclass - This is a WARN message
2026-06-10 20:44:09 [TestNG-test-OrangeHRmTest-1] INFO  Baseclass - ChromeDriver instance created
2026-06-10 20:44:09 [TestNG-test-OrangeHRmTest-2] INFO  Baseclass - ChromeDriver instance created
2026-06-10 20:44:13 [TestNG-test-OrangeHRmTest-2] INFO  ActionDriver - WebDriver instance is created
2026-06-10 20:44:13 [TestNG-test-OrangeHRmTest-2] INFO  Baseclass - WebDriver initialized and browser maximized
2026-06-10 20:44:13 [TestNG-test-OrangeHRmTest-2] TRACE Baseclass - This is a TRACE message
2026-06-10 20:44:13 [TestNG-test-OrangeHRmTest-2] DEBUG Baseclass - This is a DEBUG message
2026-06-10 20:44:13 [TestNG-test-OrangeHRmTest-2] WARN  Baseclass - This is a WARN message
2026-06-10 20:44:14 [TestNG-test-OrangeHRmTest-2] INFO  Baseclass - WebDriver instance is closed
2026-06-10 20:44:14 [TestNG-test-OrangeHRmTest-2] INFO  Baseclass - Setting up WebDriver for: com.orangehrm.test.LoginPageTest
2026-06-10 20:44:35 [main] INFO  Baseclass - config.property file loaded
2026-06-10 20:44:36 [TestNG-test-OrangeHRmTest-1] INFO  Baseclass - Setting up WebDriver for: com.orangehrm.test.Dummyclass
2026-06-10 20:44:36 [TestNG-test-OrangeHRmTest-2] INFO  Baseclass - Setting up WebDriver for: com.orangehrm.test.Dummyclass2
2026-06-10 20:44:39 [TestNG-test-OrangeHRmTest-1] INFO  Baseclass - ChromeDriver instance created
2026-06-10 20:44:39 [TestNG-test-OrangeHRmTest-2] INFO  Baseclass - ChromeDriver instance created
2026-06-10 20:44:48 [TestNG-test-OrangeHRmTest-2] INFO  ActionDriver - WebDriver instance is created
2026-06-10 20:44:48 [TestNG-test-OrangeHRmTest-2] INFO  Baseclass - WebDriver initialized and browser maximized
2026-06-10 20:44:48 [TestNG-test-OrangeHRmTest-2] TRACE Baseclass - This is a TRACE message
2026-06-10 20:44:48 [TestNG-test-OrangeHRmTest-2] DEBUG Baseclass - This is a DEBUG message
2026-06-10 20:44:48 [TestNG-test-OrangeHRmTest-2] WARN  Baseclass - This is a WARN message
2026-06-10 20:44:49 [TestNG-test-OrangeHRmTest-2] INFO  Baseclass - WebDriver instance is closed
2026-06-10 20:44:49 [TestNG-test-OrangeHRmTest-2] INFO  Baseclass - Setting up WebDriver for: com.orangehrm.test.LoginPageTest
2026-06-10 20:44:49 [TestNG-test-OrangeHRmTest-1] INFO  ActionDriver - WebDriver instance is created
2026-06-10 20:44:49 [TestNG-test-OrangeHRmTest-1] INFO  Baseclass - WebDriver initialized and browser maximized
2026-06-10 20:44:49 [TestNG-test-OrangeHRmTest-1] TRACE Baseclass - This is a TRACE message
2026-06-10 20:44:49 [TestNG-test-OrangeHRmTest-1] DEBUG Baseclass - This is a DEBUG message
2026-06-10 20:44:49 [TestNG-test-OrangeHRmTest-1] WARN  Baseclass - This is a WARN message
2026-06-10 20:44:50 [TestNG-test-OrangeHRmTest-2] INFO  Baseclass - ChromeDriver instance created
2026-06-10 20:44:51 [TestNG-test-OrangeHRmTest-1] INFO  Baseclass - WebDriver instance is closed
2026-06-10 20:44:51 [TestNG-test-OrangeHRmTest-1] INFO  Baseclass - Setting up WebDriver for: com.orangehrm.test.HomePageTest
2026-06-10 20:44:53 [TestNG-test-OrangeHRmTest-1] INFO  Baseclass - ChromeDriver instance created
2026-06-10 20:45:02 [TestNG-test-OrangeHRmTest-1] INFO  ActionDriver - WebDriver instance is created
2026-06-10 20:45:02 [TestNG-test-OrangeHRmTest-1] INFO  Baseclass - WebDriver initialized and browser maximized
2026-06-10 20:45:02 [TestNG-test-OrangeHRmTest-1] TRACE Baseclass - This is a TRACE message
2026-06-10 20:45:02 [TestNG-test-OrangeHRmTest-1] DEBUG Baseclass - This is a DEBUG message
2026-06-10 20:45:02 [TestNG-test-OrangeHRmTest-1] WARN  Baseclass - This is a WARN message
2026-06-10 20:45:02 [TestNG-test-OrangeHRmTest-1] INFO  ActionDriver - WebDriver instance is created
2026-06-10 20:45:05 [TestNG-test-OrangeHRmTest-1] INFO  ActionDriver - entered text on Element with name;username--> admin
2026-06-10 20:45:05 [TestNG-test-OrangeHRmTest-1] INFO  ActionDriver - entered text on Element with name;password--> admin123
2026-06-10 20:45:05 [TestNG-test-OrangeHRmTest-1] INFO  ActionDriver - clicked an elment-->Element with text;Login
2026-06-10 20:45:07 [TestNG-test-OrangeHRmTest-1] INFO  ActionDriver - Element is displayed Unable to describe the element
2026-06-10 20:45:09 [TestNG-test-OrangeHRmTest-1] INFO  Baseclass - WebDriver instance is closed
2026-06-10 20:47:41 [TestNG-test-OrangeHRmTest-2] INFO  ActionDriver - WebDriver instance is created
2026-06-10 20:47:41 [TestNG-test-OrangeHRmTest-2] INFO  Baseclass - WebDriver initialized and browser maximized
2026-06-10 20:47:41 [TestNG-test-OrangeHRmTest-2] TRACE Baseclass - This is a TRACE message
2026-06-10 20:47:41 [TestNG-test-OrangeHRmTest-2] DEBUG Baseclass - This is a DEBUG message
2026-06-10 20:47:41 [TestNG-test-OrangeHRmTest-2] WARN  Baseclass - This is a WARN message
2026-06-10 20:47:44 [TestNG-test-OrangeHRmTest-2] INFO  ActionDriver - WebDriver instance is created
2026-06-10 20:47:44 [TestNG-test-OrangeHRmTest-2] INFO  ActionDriver - WebDriver instance is created
2026-06-10 20:48:08 [main] INFO  Baseclass - config.property file loaded
2026-06-10 20:48:08 [TestNG-test-OrangeHRmTest-2] INFO  Baseclass - Setting up WebDriver for: com.orangehrm.test.Dummyclass2
2026-06-10 20:48:08 [TestNG-test-OrangeHRmTest-1] INFO  Baseclass - Setting up WebDriver for: com.orangehrm.test.Dummyclass
2026-06-10 20:48:11 [TestNG-test-OrangeHRmTest-2] INFO  Baseclass - ChromeDriver instance created
2026-06-10 20:48:11 [TestNG-test-OrangeHRmTest-1] INFO  Baseclass - ChromeDriver instance created
2026-06-10 20:48:15 [TestNG-test-OrangeHRmTest-2] INFO  ActionDriver - WebDriver instance is created
2026-06-10 20:48:15 [TestNG-test-OrangeHRmTest-2] INFO  Baseclass - WebDriver initialized and browser maximized
2026-06-10 20:48:15 [TestNG-test-OrangeHRmTest-2] TRACE Baseclass - This is a TRACE message
2026-06-10 20:48:15 [TestNG-test-OrangeHRmTest-2] DEBUG Baseclass - This is a DEBUG message
2026-06-10 20:48:15 [TestNG-test-OrangeHRmTest-2] WARN  Baseclass - This is a WARN message
2026-06-10 20:48:15 [TestNG-test-OrangeHRmTest-1] INFO  ActionDriver - WebDriver instance is created
2026-06-10 20:48:15 [TestNG-test-OrangeHRmTest-1] INFO  Baseclass - WebDriver initialized and browser maximized
2026-06-10 20:48:15 [TestNG-test-OrangeHRmTest-1] TRACE Baseclass - This is a TRACE message
2026-06-10 20:48:15 [TestNG-test-OrangeHRmTest-1] DEBUG Baseclass - This is a DEBUG message
2026-06-10 20:48:15 [TestNG-test-OrangeHRmTest-1] WARN  Baseclass - This is a WARN message
2026-06-10 20:48:29 [TestNG-test-OrangeHRmTest-2] INFO  Baseclass - WebDriver instance is closed
2026-06-10 20:48:29 [TestNG-test-OrangeHRmTest-2] INFO  Baseclass - Setting up WebDriver for: com.orangehrm.test.LoginPageTest
2026-06-10 20:48:30 [TestNG-test-OrangeHRmTest-2] INFO  Baseclass - ChromeDriver instance created
2026-06-10 20:48:32 [TestNG-test-OrangeHRmTest-1] INFO  Baseclass - WebDriver instance is closed
2026-06-10 20:48:32 [TestNG-test-OrangeHRmTest-1] INFO  Baseclass - Setting up WebDriver for: com.orangehrm.test.HomePageTest
2026-06-10 20:48:33 [TestNG-test-OrangeHRmTest-1] INFO  Baseclass - ChromeDriver instance created
2026-06-10 20:48:34 [TestNG-test-OrangeHRmTest-2] INFO  ActionDriver - WebDriver instance is created
2026-06-10 20:48:34 [TestNG-test-OrangeHRmTest-2] INFO  Baseclass - WebDriver initialized and browser maximized
2026-06-10 20:48:34 [TestNG-test-OrangeHRmTest-2] TRACE Baseclass - This is a TRACE message
2026-06-10 20:48:34 [TestNG-test-OrangeHRmTest-2] DEBUG Baseclass - This is a DEBUG message
2026-06-10 20:48:34 [TestNG-test-OrangeHRmTest-2] WARN  Baseclass - This is a WARN message
2026-06-10 20:48:37 [TestNG-test-OrangeHRmTest-2] INFO  ActionDriver - WebDriver instance is created
2026-06-10 20:48:37 [TestNG-test-OrangeHRmTest-2] INFO  ActionDriver - WebDriver instance is created
2026-06-10 20:48:38 [TestNG-test-OrangeHRmTest-1] INFO  ActionDriver - WebDriver instance is created
2026-06-10 20:48:38 [TestNG-test-OrangeHRmTest-1] INFO  Baseclass - WebDriver initialized and browser maximized
2026-06-10 20:48:38 [TestNG-test-OrangeHRmTest-1] TRACE Baseclass - This is a TRACE message
2026-06-10 20:48:38 [TestNG-test-OrangeHRmTest-1] DEBUG Baseclass - This is a DEBUG message
2026-06-10 20:48:38 [TestNG-test-OrangeHRmTest-1] WARN  Baseclass - This is a WARN message
2026-06-10 20:48:38 [TestNG-test-OrangeHRmTest-1] INFO  ActionDriver - WebDriver instance is created
2026-06-10 20:48:40 [TestNG-test-OrangeHRmTest-2] INFO  ActionDriver - entered text on Element with name;username--> admin
2026-06-10 20:48:41 [TestNG-test-OrangeHRmTest-2] INFO  ActionDriver - entered text on Element with name;password--> admin
2026-06-10 20:48:43 [TestNG-test-OrangeHRmTest-2] INFO  ActionDriver - clicked an elment-->Element with text;Login
2026-06-10 20:48:44 [TestNG-test-OrangeHRmTest-2] INFO  Baseclass - WebDriver instance is closed
2026-06-10 20:48:44 [TestNG-test-OrangeHRmTest-2] INFO  Baseclass - Setting up WebDriver for: com.orangehrm.test.LoginPageTest
2026-06-10 20:48:46 [TestNG-test-OrangeHRmTest-2] INFO  Baseclass - ChromeDriver instance created
2026-06-10 20:48:50 [TestNG-test-OrangeHRmTest-1] INFO  ActionDriver - entered text on Element with name;username--> admin
2026-06-10 20:48:50 [TestNG-test-OrangeHRmTest-1] INFO  ActionDriver - entered text on Element with name;password--> admin123
2026-06-10 20:48:50 [TestNG-test-OrangeHRmTest-1] INFO  ActionDriver - clicked an elment-->Element with text;Login
2026-06-10 20:48:55 [TestNG-test-OrangeHRmTest-1] INFO  ActionDriver - Element is displayed Unable to describe the element
2026-06-10 20:48:55 [TestNG-test-OrangeHRmTest-2] INFO  ActionDriver - WebDriver instance is created
2026-06-10 20:48:55 [TestNG-test-OrangeHRmTest-2] INFO  Baseclass - WebDriver initialized and browser maximized
2026-06-10 20:48:55 [TestNG-test-OrangeHRmTest-2] TRACE Baseclass - This is a TRACE message
2026-06-10 20:48:55 [TestNG-test-OrangeHRmTest-2] DEBUG Baseclass - This is a DEBUG message
2026-06-10 20:48:55 [TestNG-test-OrangeHRmTest-2] WARN  Baseclass - This is a WARN message
2026-06-10 20:48:56 [TestNG-test-OrangeHRmTest-1] INFO  Baseclass - WebDriver instance is closed
2026-06-10 20:48:58 [TestNG-test-OrangeHRmTest-2] INFO  ActionDriver - WebDriver instance is created
2026-06-10 20:49:01 [TestNG-test-OrangeHRmTest-2] INFO  ActionDriver - entered text on Element with name;username--> admin
2026-06-10 20:49:01 [TestNG-test-OrangeHRmTest-2] INFO  ActionDriver - entered text on Element with name;password--> admin123
2026-06-10 20:49:01 [TestNG-test-OrangeHRmTest-2] INFO  ActionDriver - clicked an elment-->Element with text;Login
2026-06-10 20:49:08 [TestNG-test-OrangeHRmTest-2] INFO  ActionDriver - Element is displayed Element with text;Admin
2026-06-10 20:49:09 [TestNG-test-OrangeHRmTest-2] INFO  ActionDriver - clicked an elment-->Element with text;manda user
2026-06-10 20:49:22 [TestNG-test-OrangeHRmTest-2] INFO  ActionDriver - clicked an elment-->Element with text;Logout
2026-06-10 20:49:24 [TestNG-test-OrangeHRmTest-2] INFO  Baseclass - WebDriver instance is closed
2026-06-10 21:16:52 [main] INFO  Baseclass - config.property file loaded
2026-06-10 21:16:52 [TestNG-test-OrangeHRmTest-2] INFO  Baseclass - Setting up WebDriver for: com.orangehrm.test.Dummyclass2
2026-06-10 21:16:52 [TestNG-test-OrangeHRmTest-1] INFO  Baseclass - Setting up WebDriver for: com.orangehrm.test.Dummyclass
2026-06-10 21:16:56 [TestNG-test-OrangeHRmTest-1] INFO  Baseclass - ChromeDriver instance created
2026-06-10 21:16:56 [TestNG-test-OrangeHRmTest-2] INFO  Baseclass - ChromeDriver instance created
2026-06-10 21:17:13 [TestNG-test-OrangeHRmTest-1] INFO  ActionDriver - WebDriver instance is created
2026-06-10 21:17:13 [TestNG-test-OrangeHRmTest-1] INFO  Baseclass - WebDriver initialized and browser maximized
2026-06-10 21:17:13 [TestNG-test-OrangeHRmTest-1] TRACE Baseclass - This is a TRACE message
2026-06-10 21:17:13 [TestNG-test-OrangeHRmTest-1] DEBUG Baseclass - This is a DEBUG message
2026-06-10 21:17:13 [TestNG-test-OrangeHRmTest-1] WARN  Baseclass - This is a WARN message
2026-06-10 21:17:14 [TestNG-test-OrangeHRmTest-1] INFO  Baseclass - WebDriver instance is closed
2026-06-10 21:17:14 [TestNG-test-OrangeHRmTest-1] INFO  Baseclass - Setting up WebDriver for: com.orangehrm.test.LoginPageTest
2026-06-10 21:17:15 [TestNG-test-OrangeHRmTest-1] INFO  Baseclass - ChromeDriver instance created
2026-06-10 21:17:18 [TestNG-test-OrangeHRmTest-2] INFO  ActionDriver - WebDriver instance is created
2026-06-10 21:17:18 [TestNG-test-OrangeHRmTest-2] INFO  Baseclass - WebDriver initialized and browser maximized
2026-06-10 21:17:18 [TestNG-test-OrangeHRmTest-2] TRACE Baseclass - This is a TRACE message
2026-06-10 21:17:18 [TestNG-test-OrangeHRmTest-2] DEBUG Baseclass - This is a DEBUG message
2026-06-10 21:17:18 [TestNG-test-OrangeHRmTest-2] WARN  Baseclass - This is a WARN message
2026-06-10 21:17:18 [TestNG-test-OrangeHRmTest-2] INFO  Baseclass - WebDriver instance is closed
2026-06-10 21:17:18 [TestNG-test-OrangeHRmTest-2] INFO  Baseclass - Setting up WebDriver for: com.orangehrm.test.HomePageTest
2026-06-10 21:17:20 [TestNG-test-OrangeHRmTest-2] INFO  Baseclass - ChromeDriver instance created
2026-06-10 21:17:25 [TestNG-test-OrangeHRmTest-1] INFO  ActionDriver - WebDriver instance is created
2026-06-10 21:17:25 [TestNG-test-OrangeHRmTest-1] INFO  Baseclass - WebDriver initialized and browser maximized
2026-06-10 21:17:25 [TestNG-test-OrangeHRmTest-1] TRACE Baseclass - This is a TRACE message
2026-06-10 21:17:25 [TestNG-test-OrangeHRmTest-1] DEBUG Baseclass - This is a DEBUG message
2026-06-10 21:17:25 [TestNG-test-OrangeHRmTest-1] WARN  Baseclass - This is a WARN message
2026-06-10 21:17:28 [TestNG-test-OrangeHRmTest-1] INFO  ActionDriver - WebDriver instance is created
2026-06-10 21:17:28 [TestNG-test-OrangeHRmTest-1] INFO  ActionDriver - WebDriver instance is created
2026-06-10 21:17:31 [TestNG-test-OrangeHRmTest-1] WARN  ActionDriver - Fail to apply the border to an element:Element with name;username
org.openqa.selenium.JavascriptException: javascript error: Cannot set properties of undefined (setting 'border')
  (Session info: chrome=149.0.7827.55)
Build info: version: '4.44.0', revision: 'da2039b'
System info: os.name: 'Windows 11', os.arch: 'amd64', os.version: '10.0', java.version: '21.0.10'
Driver info: org.openqa.selenium.chrome.ChromeDriver
Command: [0790dac5731b700254628ac634263fd2, executeScript {args=[{element-6066-11e4-a52e-4f735466cecf=f.3D8B1FDC478E3893E7B980CAE64A01E0.d.3CC2C1FBA681B21FD512CCDB2D4B50E9.e.2}], script=arguments[0].apply.border='3px solid green'}]
Capabilities {acceptInsecureCerts: false, browserName: chrome, browserVersion: 149.0.7827.55, chrome: {chromedriverVersion: 149.0.7827.55 (3188f8a607ae..., userDataDir: C:\Users\DEVIKA~1\AppData\L...}, fedcm:accounts: true, goog:chromeOptions: {debuggerAddress: localhost:60362}, goog:processID: 23840, networkConnectionEnabled: false, pageLoadStrategy: normal, platformName: windows, proxy: Proxy(), se:cdp: ws://localhost:60362/devtoo..., se:cdpVersion: 149.0.7827.55, setWindowRect: true, strictFileInteractability: false, timeouts: {implicit: 0, pageLoad: 300000, script: 30000}, unhandledPromptBehavior: dismiss and notify, webauthn:extension:credBlob: true, webauthn:extension:largeBlob: true, webauthn:extension:minPinLength: true, webauthn:extension:prf: true, webauthn:virtualAuthenticators: true}
Session ID: 0790dac5731b700254628ac634263fd2
	at org.openqa.selenium.remote.ErrorCodec.decode(ErrorCodec.java:169)
	at org.openqa.selenium.remote.codec.w3c.W3CHttpResponseCodec.decode(W3CHttpResponseCodec.java:143)
	at org.openqa.selenium.remote.codec.w3c.W3CHttpResponseCodec.decode(W3CHttpResponseCodec.java:50)
	at org.openqa.selenium.remote.HttpCommandExecutor.execute(HttpCommandExecutor.java:224)
	at org.openqa.selenium.remote.service.DriverCommandExecutor.invokeExecute(DriverCommandExecutor.java:217)
	at org.openqa.selenium.remote.service.DriverCommandExecutor.execute(DriverCommandExecutor.java:175)
	at org.openqa.selenium.remote.RemoteWebDriver.execute(RemoteWebDriver.java:600)
	at org.openqa.selenium.remote.RemoteWebDriver.executeScript(RemoteWebDriver.java:529)
	at com.orangehrm.actiondriver.ActionDriver.applyBorder(ActionDriver.java:228)
	at com.orangehrm.actiondriver.ActionDriver.enterText(ActionDriver.java:52)
	at com.orangehrm.pages.Loginpage.login(Loginpage.java:34)
	at com.orangehrm.test.LoginPageTest.invalidLoginTest(LoginPageTest.java:51)
	at java.base/jdk.internal.reflect.DirectMethodHandleAccessor.invoke(DirectMethodHandleAccessor.java:103)
	at java.base/java.lang.reflect.Method.invoke(Method.java:580)
	at org.testng.internal.invokers.MethodInvocationHelper.invokeMethod(MethodInvocationHelper.java:141)
	at org.testng.internal.invokers.TestInvoker.invokeMethod(TestInvoker.java:687)
	at org.testng.internal.invokers.TestInvoker.invokeTestMethod(TestInvoker.java:230)
	at org.testng.internal.invokers.MethodRunner.runInSequence(MethodRunner.java:63)
	at org.testng.internal.invokers.TestInvoker$MethodInvocationAgent.invoke(TestInvoker.java:995)
	at org.testng.internal.invokers.TestInvoker.invokeTestMethods(TestInvoker.java:203)
	at org.testng.internal.invokers.TestMethodWorker.invokeTestMethods(TestMethodWorker.java:154)
	at org.testng.internal.invokers.TestMethodWorker.run(TestMethodWorker.java:134)
	at java.base/java.util.concurrent.Executors$RunnableAdapter.call(Executors.java:572)
	at java.base/java.util.concurrent.FutureTask.run(FutureTask.java:317)
	at org.testng.internal.thread.graph.TestNGFutureTask.run(TestNGFutureTask.java:22)
	at java.base/java.util.concurrent.ThreadPoolExecutor.runWorker(ThreadPoolExecutor.java:1144)
	at java.base/java.util.concurrent.ThreadPoolExecutor$Worker.run(ThreadPoolExecutor.java:642)
	at java.base/java.lang.Thread.run(Thread.java:1583)
2026-06-10 21:17:31 [TestNG-test-OrangeHRmTest-1] INFO  ActionDriver - entered text on Element with name;username--> admin
2026-06-10 21:17:31 [TestNG-test-OrangeHRmTest-1] WARN  ActionDriver - Fail to apply the border to an element:Element with name;password
org.openqa.selenium.JavascriptException: javascript error: Cannot set properties of undefined (setting 'border')
  (Session info: chrome=149.0.7827.55)
Build info: version: '4.44.0', revision: 'da2039b'
System info: os.name: 'Windows 11', os.arch: 'amd64', os.version: '10.0', java.version: '21.0.10'
Driver info: org.openqa.selenium.chrome.ChromeDriver
Command: [0790dac5731b700254628ac634263fd2, executeScript {args=[{element-6066-11e4-a52e-4f735466cecf=f.3D8B1FDC478E3893E7B980CAE64A01E0.d.3CC2C1FBA681B21FD512CCDB2D4B50E9.e.4}], script=arguments[0].apply.border='3px solid green'}]
Capabilities {acceptInsecureCerts: false, browserName: chrome, browserVersion: 149.0.7827.55, chrome: {chromedriverVersion: 149.0.7827.55 (3188f8a607ae..., userDataDir: C:\Users\DEVIKA~1\AppData\L...}, fedcm:accounts: true, goog:chromeOptions: {debuggerAddress: localhost:60362}, goog:processID: 23840, networkConnectionEnabled: false, pageLoadStrategy: normal, platformName: windows, proxy: Proxy(), se:cdp: ws://localhost:60362/devtoo..., se:cdpVersion: 149.0.7827.55, setWindowRect: true, strictFileInteractability: false, timeouts: {implicit: 0, pageLoad: 300000, script: 30000}, unhandledPromptBehavior: dismiss and notify, webauthn:extension:credBlob: true, webauthn:extension:largeBlob: true, webauthn:extension:minPinLength: true, webauthn:extension:prf: true, webauthn:virtualAuthenticators: true}
Session ID: 0790dac5731b700254628ac634263fd2
	at org.openqa.selenium.remote.ErrorCodec.decode(ErrorCodec.java:169)
	at org.openqa.selenium.remote.codec.w3c.W3CHttpResponseCodec.decode(W3CHttpResponseCodec.java:143)
	at org.openqa.selenium.remote.codec.w3c.W3CHttpResponseCodec.decode(W3CHttpResponseCodec.java:50)
	at org.openqa.selenium.remote.HttpCommandExecutor.execute(HttpCommandExecutor.java:224)
	at org.openqa.selenium.remote.service.DriverCommandExecutor.invokeExecute(DriverCommandExecutor.java:217)
	at org.openqa.selenium.remote.service.DriverCommandExecutor.execute(DriverCommandExecutor.java:175)
	at org.openqa.selenium.remote.RemoteWebDriver.execute(RemoteWebDriver.java:600)
	at org.openqa.selenium.remote.RemoteWebDriver.executeScript(RemoteWebDriver.java:529)
	at com.orangehrm.actiondriver.ActionDriver.applyBorder(ActionDriver.java:228)
	at com.orangehrm.actiondriver.ActionDriver.enterText(ActionDriver.java:52)
	at com.orangehrm.pages.Loginpage.login(Loginpage.java:35)
	at com.orangehrm.test.LoginPageTest.invalidLoginTest(LoginPageTest.java:51)
	at java.base/jdk.internal.reflect.DirectMethodHandleAccessor.invoke(DirectMethodHandleAccessor.java:103)
	at java.base/java.lang.reflect.Method.invoke(Method.java:580)
	at org.testng.internal.invokers.MethodInvocationHelper.invokeMethod(MethodInvocationHelper.java:141)
	at org.testng.internal.invokers.TestInvoker.invokeMethod(TestInvoker.java:687)
	at org.testng.internal.invokers.TestInvoker.invokeTestMethod(TestInvoker.java:230)
	at org.testng.internal.invokers.MethodRunner.runInSequence(MethodRunner.java:63)
	at org.testng.internal.invokers.TestInvoker$MethodInvocationAgent.invoke(TestInvoker.java:995)
	at org.testng.internal.invokers.TestInvoker.invokeTestMethods(TestInvoker.java:203)
	at org.testng.internal.invokers.TestMethodWorker.invokeTestMethods(TestMethodWorker.java:154)
	at org.testng.internal.invokers.TestMethodWorker.run(TestMethodWorker.java:134)
	at java.base/java.util.concurrent.Executors$RunnableAdapter.call(Executors.java:572)
	at java.base/java.util.concurrent.FutureTask.run(FutureTask.java:317)
	at org.testng.internal.thread.graph.TestNGFutureTask.run(TestNGFutureTask.java:22)
	at java.base/java.util.concurrent.ThreadPoolExecutor.runWorker(ThreadPoolExecutor.java:1144)
	at java.base/java.util.concurrent.ThreadPoolExecutor$Worker.run(ThreadPoolExecutor.java:642)
	at java.base/java.lang.Thread.run(Thread.java:1583)
2026-06-10 21:17:31 [TestNG-test-OrangeHRmTest-1] INFO  ActionDriver - entered text on Element with name;password--> admin
2026-06-10 21:17:32 [TestNG-test-OrangeHRmTest-1] WARN  ActionDriver - Fail to apply the border to an element:Element with text;Login
org.openqa.selenium.JavascriptException: javascript error: Cannot set properties of undefined (setting 'border')
  (Session info: chrome=149.0.7827.55)
Build info: version: '4.44.0', revision: 'da2039b'
System info: os.name: 'Windows 11', os.arch: 'amd64', os.version: '10.0', java.version: '21.0.10'
Driver info: org.openqa.selenium.chrome.ChromeDriver
Command: [0790dac5731b700254628ac634263fd2, executeScript {args=[{element-6066-11e4-a52e-4f735466cecf=f.3D8B1FDC478E3893E7B980CAE64A01E0.d.3CC2C1FBA681B21FD512CCDB2D4B50E9.e.6}], script=arguments[0].apply.border='3px solid green'}]
Capabilities {acceptInsecureCerts: false, browserName: chrome, browserVersion: 149.0.7827.55, chrome: {chromedriverVersion: 149.0.7827.55 (3188f8a607ae..., userDataDir: C:\Users\DEVIKA~1\AppData\L...}, fedcm:accounts: true, goog:chromeOptions: {debuggerAddress: localhost:60362}, goog:processID: 23840, networkConnectionEnabled: false, pageLoadStrategy: normal, platformName: windows, proxy: Proxy(), se:cdp: ws://localhost:60362/devtoo..., se:cdpVersion: 149.0.7827.55, setWindowRect: true, strictFileInteractability: false, timeouts: {implicit: 0, pageLoad: 300000, script: 30000}, unhandledPromptBehavior: dismiss and notify, webauthn:extension:credBlob: true, webauthn:extension:largeBlob: true, webauthn:extension:minPinLength: true, webauthn:extension:prf: true, webauthn:virtualAuthenticators: true}
Session ID: 0790dac5731b700254628ac634263fd2
	at org.openqa.selenium.remote.ErrorCodec.decode(ErrorCodec.java:169)
	at org.openqa.selenium.remote.codec.w3c.W3CHttpResponseCodec.decode(W3CHttpResponseCodec.java:143)
	at org.openqa.selenium.remote.codec.w3c.W3CHttpResponseCodec.decode(W3CHttpResponseCodec.java:50)
	at org.openqa.selenium.remote.HttpCommandExecutor.execute(HttpCommandExecutor.java:224)
	at org.openqa.selenium.remote.service.DriverCommandExecutor.invokeExecute(DriverCommandExecutor.java:217)
	at org.openqa.selenium.remote.service.DriverCommandExecutor.execute(DriverCommandExecutor.java:175)
	at org.openqa.selenium.remote.RemoteWebDriver.execute(RemoteWebDriver.java:600)
	at org.openqa.selenium.remote.RemoteWebDriver.executeScript(RemoteWebDriver.java:529)
	at com.orangehrm.actiondriver.ActionDriver.applyBorder(ActionDriver.java:228)
	at com.orangehrm.actiondriver.ActionDriver.click(ActionDriver.java:34)
	at com.orangehrm.pages.Loginpage.login(Loginpage.java:36)
	at com.orangehrm.test.LoginPageTest.invalidLoginTest(LoginPageTest.java:51)
	at java.base/jdk.internal.reflect.DirectMethodHandleAccessor.invoke(DirectMethodHandleAccessor.java:103)
	at java.base/java.lang.reflect.Method.invoke(Method.java:580)
	at org.testng.internal.invokers.MethodInvocationHelper.invokeMethod(MethodInvocationHelper.java:141)
	at org.testng.internal.invokers.TestInvoker.invokeMethod(TestInvoker.java:687)
	at org.testng.internal.invokers.TestInvoker.invokeTestMethod(TestInvoker.java:230)
	at org.testng.internal.invokers.MethodRunner.runInSequence(MethodRunner.java:63)
	at org.testng.internal.invokers.TestInvoker$MethodInvocationAgent.invoke(TestInvoker.java:995)
	at org.testng.internal.invokers.TestInvoker.invokeTestMethods(TestInvoker.java:203)
	at org.testng.internal.invokers.TestMethodWorker.invokeTestMethods(TestMethodWorker.java:154)
	at org.testng.internal.invokers.TestMethodWorker.run(TestMethodWorker.java:134)
	at java.base/java.util.concurrent.Executors$RunnableAdapter.call(Executors.java:572)
	at java.base/java.util.concurrent.FutureTask.run(FutureTask.java:317)
	at org.testng.internal.thread.graph.TestNGFutureTask.run(TestNGFutureTask.java:22)
	at java.base/java.util.concurrent.ThreadPoolExecutor.runWorker(ThreadPoolExecutor.java:1144)
	at java.base/java.util.concurrent.ThreadPoolExecutor$Worker.run(ThreadPoolExecutor.java:642)
	at java.base/java.lang.Thread.run(Thread.java:1583)
2026-06-10 21:17:32 [TestNG-test-OrangeHRmTest-1] INFO  ActionDriver - clicked an elment-->Element with text;Login
2026-06-10 21:17:34 [TestNG-test-OrangeHRmTest-2] INFO  ActionDriver - WebDriver instance is created
2026-06-10 21:17:34 [TestNG-test-OrangeHRmTest-2] INFO  Baseclass - WebDriver initialized and browser maximized
2026-06-10 21:17:34 [TestNG-test-OrangeHRmTest-2] TRACE Baseclass - This is a TRACE message
2026-06-10 21:17:34 [TestNG-test-OrangeHRmTest-2] DEBUG Baseclass - This is a DEBUG message
2026-06-10 21:17:34 [TestNG-test-OrangeHRmTest-2] WARN  Baseclass - This is a WARN message
2026-06-10 21:17:34 [TestNG-test-OrangeHRmTest-2] INFO  ActionDriver - WebDriver instance is created
2026-06-10 21:17:36 [TestNG-test-OrangeHRmTest-2] WARN  ActionDriver - Fail to apply the border to an element:Element with name;username
org.openqa.selenium.JavascriptException: javascript error: Cannot set properties of undefined (setting 'border')
  (Session info: chrome=149.0.7827.55)
Build info: version: '4.44.0', revision: 'da2039b'
System info: os.name: 'Windows 11', os.arch: 'amd64', os.version: '10.0', java.version: '21.0.10'
Driver info: org.openqa.selenium.chrome.ChromeDriver
Command: [25288c13bb5b2ec839199a88f0f5950d, executeScript {args=[{element-6066-11e4-a52e-4f735466cecf=f.CEA02A1EEE4A8A61AA70E70EACDBC598.d.BA7D07D45E1740B30D8FC141FF7717E0.e.2}], script=arguments[0].apply.border='3px solid green'}]
Capabilities {acceptInsecureCerts: false, browserName: chrome, browserVersion: 149.0.7827.55, chrome: {chromedriverVersion: 149.0.7827.55 (3188f8a607ae..., userDataDir: C:\Users\DEVIKA~1\AppData\L...}, fedcm:accounts: true, goog:chromeOptions: {debuggerAddress: localhost:65101}, goog:processID: 10464, networkConnectionEnabled: false, pageLoadStrategy: normal, platformName: windows, proxy: Proxy(), se:cdp: ws://localhost:65101/devtoo..., se:cdpVersion: 149.0.7827.55, setWindowRect: true, strictFileInteractability: false, timeouts: {implicit: 0, pageLoad: 300000, script: 30000}, unhandledPromptBehavior: dismiss and notify, webauthn:extension:credBlob: true, webauthn:extension:largeBlob: true, webauthn:extension:minPinLength: true, webauthn:extension:prf: true, webauthn:virtualAuthenticators: true}
Session ID: 25288c13bb5b2ec839199a88f0f5950d
	at org.openqa.selenium.remote.ErrorCodec.decode(ErrorCodec.java:169)
	at org.openqa.selenium.remote.codec.w3c.W3CHttpResponseCodec.decode(W3CHttpResponseCodec.java:143)
	at org.openqa.selenium.remote.codec.w3c.W3CHttpResponseCodec.decode(W3CHttpResponseCodec.java:50)
	at org.openqa.selenium.remote.HttpCommandExecutor.execute(HttpCommandExecutor.java:224)
	at org.openqa.selenium.remote.service.DriverCommandExecutor.invokeExecute(DriverCommandExecutor.java:217)
	at org.openqa.selenium.remote.service.DriverCommandExecutor.execute(DriverCommandExecutor.java:175)
	at org.openqa.selenium.remote.RemoteWebDriver.execute(RemoteWebDriver.java:600)
	at org.openqa.selenium.remote.RemoteWebDriver.executeScript(RemoteWebDriver.java:529)
	at com.orangehrm.actiondriver.ActionDriver.applyBorder(ActionDriver.java:228)
	at com.orangehrm.actiondriver.ActionDriver.enterText(ActionDriver.java:52)
	at com.orangehrm.pages.Loginpage.login(Loginpage.java:34)
	at com.orangehrm.test.HomePageTest.setUp(HomePageTest.java:22)
	at java.base/jdk.internal.reflect.DirectMethodHandleAccessor.invoke(DirectMethodHandleAccessor.java:103)
	at java.base/java.lang.reflect.Method.invoke(Method.java:580)
	at org.testng.internal.invokers.MethodInvocationHelper.invokeMethod(MethodInvocationHelper.java:141)
	at org.testng.internal.invokers.MethodInvocationHelper.invokeMethodConsideringTimeout(MethodInvocationHelper.java:71)
	at org.testng.internal.invokers.ConfigInvoker.invokeConfigurationMethod(ConfigInvoker.java:400)
	at org.testng.internal.invokers.ConfigInvoker.invokeConfigurations(ConfigInvoker.java:333)
	at org.testng.internal.invokers.TestInvoker.runConfigMethods(TestInvoker.java:836)
	at org.testng.internal.invokers.TestInvoker.invokeMethod(TestInvoker.java:601)
	at org.testng.internal.invokers.TestInvoker.invokeTestMethod(TestInvoker.java:230)
	at org.testng.internal.invokers.MethodRunner.runInSequence(MethodRunner.java:63)
	at org.testng.internal.invokers.TestInvoker$MethodInvocationAgent.invoke(TestInvoker.java:995)
	at org.testng.internal.invokers.TestInvoker.invokeTestMethods(TestInvoker.java:203)
	at org.testng.internal.invokers.TestMethodWorker.invokeTestMethods(TestMethodWorker.java:154)
	at org.testng.internal.invokers.TestMethodWorker.run(TestMethodWorker.java:134)
	at java.base/java.util.concurrent.Executors$RunnableAdapter.call(Executors.java:572)
	at java.base/java.util.concurrent.FutureTask.run(FutureTask.java:317)
	at org.testng.internal.thread.graph.TestNGFutureTask.run(TestNGFutureTask.java:22)
	at java.base/java.util.concurrent.ThreadPoolExecutor.runWorker(ThreadPoolExecutor.java:1144)
	at java.base/java.util.concurrent.ThreadPoolExecutor$Worker.run(ThreadPoolExecutor.java:642)
	at java.base/java.lang.Thread.run(Thread.java:1583)
2026-06-10 21:17:36 [TestNG-test-OrangeHRmTest-2] INFO  ActionDriver - entered text on Element with name;username--> admin
2026-06-10 21:17:36 [TestNG-test-OrangeHRmTest-2] WARN  ActionDriver - Fail to apply the border to an element:Element with name;password
org.openqa.selenium.JavascriptException: javascript error: Cannot set properties of undefined (setting 'border')
  (Session info: chrome=149.0.7827.55)
Build info: version: '4.44.0', revision: 'da2039b'
System info: os.name: 'Windows 11', os.arch: 'amd64', os.version: '10.0', java.version: '21.0.10'
Driver info: org.openqa.selenium.chrome.ChromeDriver
Command: [25288c13bb5b2ec839199a88f0f5950d, executeScript {args=[{element-6066-11e4-a52e-4f735466cecf=f.CEA02A1EEE4A8A61AA70E70EACDBC598.d.BA7D07D45E1740B30D8FC141FF7717E0.e.4}], script=arguments[0].apply.border='3px solid green'}]
Capabilities {acceptInsecureCerts: false, browserName: chrome, browserVersion: 149.0.7827.55, chrome: {chromedriverVersion: 149.0.7827.55 (3188f8a607ae..., userDataDir: C:\Users\DEVIKA~1\AppData\L...}, fedcm:accounts: true, goog:chromeOptions: {debuggerAddress: localhost:65101}, goog:processID: 10464, networkConnectionEnabled: false, pageLoadStrategy: normal, platformName: windows, proxy: Proxy(), se:cdp: ws://localhost:65101/devtoo..., se:cdpVersion: 149.0.7827.55, setWindowRect: true, strictFileInteractability: false, timeouts: {implicit: 0, pageLoad: 300000, script: 30000}, unhandledPromptBehavior: dismiss and notify, webauthn:extension:credBlob: true, webauthn:extension:largeBlob: true, webauthn:extension:minPinLength: true, webauthn:extension:prf: true, webauthn:virtualAuthenticators: true}
Session ID: 25288c13bb5b2ec839199a88f0f5950d
	at org.openqa.selenium.remote.ErrorCodec.decode(ErrorCodec.java:169)
	at org.openqa.selenium.remote.codec.w3c.W3CHttpResponseCodec.decode(W3CHttpResponseCodec.java:143)
	at org.openqa.selenium.remote.codec.w3c.W3CHttpResponseCodec.decode(W3CHttpResponseCodec.java:50)
	at org.openqa.selenium.remote.HttpCommandExecutor.execute(HttpCommandExecutor.java:224)
	at org.openqa.selenium.remote.service.DriverCommandExecutor.invokeExecute(DriverCommandExecutor.java:217)
	at org.openqa.selenium.remote.service.DriverCommandExecutor.execute(DriverCommandExecutor.java:175)
	at org.openqa.selenium.remote.RemoteWebDriver.execute(RemoteWebDriver.java:600)
	at org.openqa.selenium.remote.RemoteWebDriver.executeScript(RemoteWebDriver.java:529)
	at com.orangehrm.actiondriver.ActionDriver.applyBorder(ActionDriver.java:228)
	at com.orangehrm.actiondriver.ActionDriver.enterText(ActionDriver.java:52)
	at com.orangehrm.pages.Loginpage.login(Loginpage.java:35)
	at com.orangehrm.test.HomePageTest.setUp(HomePageTest.java:22)
	at java.base/jdk.internal.reflect.DirectMethodHandleAccessor.invoke(DirectMethodHandleAccessor.java:103)
	at java.base/java.lang.reflect.Method.invoke(Method.java:580)
	at org.testng.internal.invokers.MethodInvocationHelper.invokeMethod(MethodInvocationHelper.java:141)
	at org.testng.internal.invokers.MethodInvocationHelper.invokeMethodConsideringTimeout(MethodInvocationHelper.java:71)
	at org.testng.internal.invokers.ConfigInvoker.invokeConfigurationMethod(ConfigInvoker.java:400)
	at org.testng.internal.invokers.ConfigInvoker.invokeConfigurations(ConfigInvoker.java:333)
	at org.testng.internal.invokers.TestInvoker.runConfigMethods(TestInvoker.java:836)
	at org.testng.internal.invokers.TestInvoker.invokeMethod(TestInvoker.java:601)
	at org.testng.internal.invokers.TestInvoker.invokeTestMethod(TestInvoker.java:230)
	at org.testng.internal.invokers.MethodRunner.runInSequence(MethodRunner.java:63)
	at org.testng.internal.invokers.TestInvoker$MethodInvocationAgent.invoke(TestInvoker.java:995)
	at org.testng.internal.invokers.TestInvoker.invokeTestMethods(TestInvoker.java:203)
	at org.testng.internal.invokers.TestMethodWorker.invokeTestMethods(TestMethodWorker.java:154)
	at org.testng.internal.invokers.TestMethodWorker.run(TestMethodWorker.java:134)
	at java.base/java.util.concurrent.Executors$RunnableAdapter.call(Executors.java:572)
	at java.base/java.util.concurrent.FutureTask.run(FutureTask.java:317)
	at org.testng.internal.thread.graph.TestNGFutureTask.run(TestNGFutureTask.java:22)
	at java.base/java.util.concurrent.ThreadPoolExecutor.runWorker(ThreadPoolExecutor.java:1144)
	at java.base/java.util.concurrent.ThreadPoolExecutor$Worker.run(ThreadPoolExecutor.java:642)
	at java.base/java.lang.Thread.run(Thread.java:1583)
2026-06-10 21:17:36 [TestNG-test-OrangeHRmTest-2] INFO  ActionDriver - entered text on Element with name;password--> admin123
2026-06-10 21:17:36 [TestNG-test-OrangeHRmTest-2] WARN  ActionDriver - Fail to apply the border to an element:Element with text;Login
org.openqa.selenium.JavascriptException: javascript error: Cannot set properties of undefined (setting 'border')
  (Session info: chrome=149.0.7827.55)
Build info: version: '4.44.0', revision: 'da2039b'
System info: os.name: 'Windows 11', os.arch: 'amd64', os.version: '10.0', java.version: '21.0.10'
Driver info: org.openqa.selenium.chrome.ChromeDriver
Command: [25288c13bb5b2ec839199a88f0f5950d, executeScript {args=[{element-6066-11e4-a52e-4f735466cecf=f.CEA02A1EEE4A8A61AA70E70EACDBC598.d.BA7D07D45E1740B30D8FC141FF7717E0.e.6}], script=arguments[0].apply.border='3px solid green'}]
Capabilities {acceptInsecureCerts: false, browserName: chrome, browserVersion: 149.0.7827.55, chrome: {chromedriverVersion: 149.0.7827.55 (3188f8a607ae..., userDataDir: C:\Users\DEVIKA~1\AppData\L...}, fedcm:accounts: true, goog:chromeOptions: {debuggerAddress: localhost:65101}, goog:processID: 10464, networkConnectionEnabled: false, pageLoadStrategy: normal, platformName: windows, proxy: Proxy(), se:cdp: ws://localhost:65101/devtoo..., se:cdpVersion: 149.0.7827.55, setWindowRect: true, strictFileInteractability: false, timeouts: {implicit: 0, pageLoad: 300000, script: 30000}, unhandledPromptBehavior: dismiss and notify, webauthn:extension:credBlob: true, webauthn:extension:largeBlob: true, webauthn:extension:minPinLength: true, webauthn:extension:prf: true, webauthn:virtualAuthenticators: true}
Session ID: 25288c13bb5b2ec839199a88f0f5950d
	at org.openqa.selenium.remote.ErrorCodec.decode(ErrorCodec.java:169)
	at org.openqa.selenium.remote.codec.w3c.W3CHttpResponseCodec.decode(W3CHttpResponseCodec.java:143)
	at org.openqa.selenium.remote.codec.w3c.W3CHttpResponseCodec.decode(W3CHttpResponseCodec.java:50)
	at org.openqa.selenium.remote.HttpCommandExecutor.execute(HttpCommandExecutor.java:224)
	at org.openqa.selenium.remote.service.DriverCommandExecutor.invokeExecute(DriverCommandExecutor.java:217)
	at org.openqa.selenium.remote.service.DriverCommandExecutor.execute(DriverCommandExecutor.java:175)
	at org.openqa.selenium.remote.RemoteWebDriver.execute(RemoteWebDriver.java:600)
	at org.openqa.selenium.remote.RemoteWebDriver.executeScript(RemoteWebDriver.java:529)
	at com.orangehrm.actiondriver.ActionDriver.applyBorder(ActionDriver.java:228)
	at com.orangehrm.actiondriver.ActionDriver.click(ActionDriver.java:34)
	at com.orangehrm.pages.Loginpage.login(Loginpage.java:36)
	at com.orangehrm.test.HomePageTest.setUp(HomePageTest.java:22)
	at java.base/jdk.internal.reflect.DirectMethodHandleAccessor.invoke(DirectMethodHandleAccessor.java:103)
	at java.base/java.lang.reflect.Method.invoke(Method.java:580)
	at org.testng.internal.invokers.MethodInvocationHelper.invokeMethod(MethodInvocationHelper.java:141)
	at org.testng.internal.invokers.MethodInvocationHelper.invokeMethodConsideringTimeout(MethodInvocationHelper.java:71)
	at org.testng.internal.invokers.ConfigInvoker.invokeConfigurationMethod(ConfigInvoker.java:400)
	at org.testng.internal.invokers.ConfigInvoker.invokeConfigurations(ConfigInvoker.java:333)
	at org.testng.internal.invokers.TestInvoker.runConfigMethods(TestInvoker.java:836)
	at org.testng.internal.invokers.TestInvoker.invokeMethod(TestInvoker.java:601)
	at org.testng.internal.invokers.TestInvoker.invokeTestMethod(TestInvoker.java:230)
	at org.testng.internal.invokers.MethodRunner.runInSequence(MethodRunner.java:63)
	at org.testng.internal.invokers.TestInvoker$MethodInvocationAgent.invoke(TestInvoker.java:995)
	at org.testng.internal.invokers.TestInvoker.invokeTestMethods(TestInvoker.java:203)
	at org.testng.internal.invokers.TestMethodWorker.invokeTestMethods(TestMethodWorker.java:154)
	at org.testng.internal.invokers.TestMethodWorker.run(TestMethodWorker.java:134)
	at java.base/java.util.concurrent.Executors$RunnableAdapter.call(Executors.java:572)
	at java.base/java.util.concurrent.FutureTask.run(FutureTask.java:317)
	at org.testng.internal.thread.graph.TestNGFutureTask.run(TestNGFutureTask.java:22)
	at java.base/java.util.concurrent.ThreadPoolExecutor.runWorker(ThreadPoolExecutor.java:1144)
	at java.base/java.util.concurrent.ThreadPoolExecutor$Worker.run(ThreadPoolExecutor.java:642)
	at java.base/java.lang.Thread.run(Thread.java:1583)
2026-06-10 21:17:37 [TestNG-test-OrangeHRmTest-1] WARN  ActionDriver - Fail to apply the border to an element:Element with text;Invalid credentials
org.openqa.selenium.JavascriptException: javascript error: Cannot set properties of undefined (setting 'border')
  (Session info: chrome=149.0.7827.55)
Build info: version: '4.44.0', revision: 'da2039b'
System info: os.name: 'Windows 11', os.arch: 'amd64', os.version: '10.0', java.version: '21.0.10'
Driver info: org.openqa.selenium.chrome.ChromeDriver
Command: [0790dac5731b700254628ac634263fd2, executeScript {args=[{element-6066-11e4-a52e-4f735466cecf=f.3D8B1FDC478E3893E7B980CAE64A01E0.d.2497F53727E8BBD64AF1D7316C36682E.e.58}], script=arguments[0].apply.border='3px solid red'}]
Capabilities {acceptInsecureCerts: false, browserName: chrome, browserVersion: 149.0.7827.55, chrome: {chromedriverVersion: 149.0.7827.55 (3188f8a607ae..., userDataDir: C:\Users\DEVIKA~1\AppData\L...}, fedcm:accounts: true, goog:chromeOptions: {debuggerAddress: localhost:60362}, goog:processID: 23840, networkConnectionEnabled: false, pageLoadStrategy: normal, platformName: windows, proxy: Proxy(), se:cdp: ws://localhost:60362/devtoo..., se:cdpVersion: 149.0.7827.55, setWindowRect: true, strictFileInteractability: false, timeouts: {implicit: 0, pageLoad: 300000, script: 30000}, unhandledPromptBehavior: dismiss and notify, webauthn:extension:credBlob: true, webauthn:extension:largeBlob: true, webauthn:extension:minPinLength: true, webauthn:extension:prf: true, webauthn:virtualAuthenticators: true}
Session ID: 0790dac5731b700254628ac634263fd2
	at org.openqa.selenium.remote.ErrorCodec.decode(ErrorCodec.java:169)
	at org.openqa.selenium.remote.codec.w3c.W3CHttpResponseCodec.decode(W3CHttpResponseCodec.java:143)
	at org.openqa.selenium.remote.codec.w3c.W3CHttpResponseCodec.decode(W3CHttpResponseCodec.java:50)
	at org.openqa.selenium.remote.HttpCommandExecutor.execute(HttpCommandExecutor.java:224)
	at org.openqa.selenium.remote.service.DriverCommandExecutor.invokeExecute(DriverCommandExecutor.java:217)
	at org.openqa.selenium.remote.service.DriverCommandExecutor.execute(DriverCommandExecutor.java:175)
	at org.openqa.selenium.remote.RemoteWebDriver.execute(RemoteWebDriver.java:600)
	at org.openqa.selenium.remote.RemoteWebDriver.executeScript(RemoteWebDriver.java:529)
	at com.orangehrm.actiondriver.ActionDriver.applyBorder(ActionDriver.java:228)
	at com.orangehrm.actiondriver.ActionDriver.compareText(ActionDriver.java:88)
	at com.orangehrm.pages.Loginpage.verifyErrorMessage(Loginpage.java:51)
	at com.orangehrm.test.LoginPageTest.invalidLoginTest(LoginPageTest.java:55)
	at java.base/jdk.internal.reflect.DirectMethodHandleAccessor.invoke(DirectMethodHandleAccessor.java:103)
	at java.base/java.lang.reflect.Method.invoke(Method.java:580)
	at org.testng.internal.invokers.MethodInvocationHelper.invokeMethod(MethodInvocationHelper.java:141)
	at org.testng.internal.invokers.TestInvoker.invokeMethod(TestInvoker.java:687)
	at org.testng.internal.invokers.TestInvoker.invokeTestMethod(TestInvoker.java:230)
	at org.testng.internal.invokers.MethodRunner.runInSequence(MethodRunner.java:63)
	at org.testng.internal.invokers.TestInvoker$MethodInvocationAgent.invoke(TestInvoker.java:995)
	at org.testng.internal.invokers.TestInvoker.invokeTestMethods(TestInvoker.java:203)
	at org.testng.internal.invokers.TestMethodWorker.invokeTestMethods(TestMethodWorker.java:154)
	at org.testng.internal.invokers.TestMethodWorker.run(TestMethodWorker.java:134)
	at java.base/java.util.concurrent.Executors$RunnableAdapter.call(Executors.java:572)
	at java.base/java.util.concurrent.FutureTask.run(FutureTask.java:317)
	at org.testng.internal.thread.graph.TestNGFutureTask.run(TestNGFutureTask.java:22)
	at java.base/java.util.concurrent.ThreadPoolExecutor.runWorker(ThreadPoolExecutor.java:1144)
	at java.base/java.util.concurrent.ThreadPoolExecutor$Worker.run(ThreadPoolExecutor.java:642)
	at java.base/java.lang.Thread.run(Thread.java:1583)
2026-06-10 21:17:38 [TestNG-test-OrangeHRmTest-1] INFO  Baseclass - WebDriver instance is closed
2026-06-10 21:17:38 [TestNG-test-OrangeHRmTest-1] INFO  Baseclass - Setting up WebDriver for: com.orangehrm.test.LoginPageTest
2026-06-10 21:17:39 [TestNG-test-OrangeHRmTest-2] INFO  ActionDriver - clicked an elment-->Element with text;Login
2026-06-10 21:17:39 [TestNG-test-OrangeHRmTest-1] INFO  Baseclass - ChromeDriver instance created
2026-06-10 21:17:40 [TestNG-test-OrangeHRmTest-2] WARN  ActionDriver - Fail to apply the border to an element:Unable to describe the element
org.openqa.selenium.JavascriptException: javascript error: Cannot set properties of undefined (setting 'border')
  (Session info: chrome=149.0.7827.55)
Build info: version: '4.44.0', revision: 'da2039b'
System info: os.name: 'Windows 11', os.arch: 'amd64', os.version: '10.0', java.version: '21.0.10'
Driver info: org.openqa.selenium.chrome.ChromeDriver
Command: [25288c13bb5b2ec839199a88f0f5950d, executeScript {args=[{element-6066-11e4-a52e-4f735466cecf=f.CEA02A1EEE4A8A61AA70E70EACDBC598.d.5C9D2E5E99876CAE70597BE5A00A12DE.e.55}], script=arguments[0].apply.border='3px solid green'}]
Capabilities {acceptInsecureCerts: false, browserName: chrome, browserVersion: 149.0.7827.55, chrome: {chromedriverVersion: 149.0.7827.55 (3188f8a607ae..., userDataDir: C:\Users\DEVIKA~1\AppData\L...}, fedcm:accounts: true, goog:chromeOptions: {debuggerAddress: localhost:65101}, goog:processID: 10464, networkConnectionEnabled: false, pageLoadStrategy: normal, platformName: windows, proxy: Proxy(), se:cdp: ws://localhost:65101/devtoo..., se:cdpVersion: 149.0.7827.55, setWindowRect: true, strictFileInteractability: false, timeouts: {implicit: 0, pageLoad: 300000, script: 30000}, unhandledPromptBehavior: dismiss and notify, webauthn:extension:credBlob: true, webauthn:extension:largeBlob: true, webauthn:extension:minPinLength: true, webauthn:extension:prf: true, webauthn:virtualAuthenticators: true}
Session ID: 25288c13bb5b2ec839199a88f0f5950d
	at org.openqa.selenium.remote.ErrorCodec.decode(ErrorCodec.java:169)
	at org.openqa.selenium.remote.codec.w3c.W3CHttpResponseCodec.decode(W3CHttpResponseCodec.java:143)
	at org.openqa.selenium.remote.codec.w3c.W3CHttpResponseCodec.decode(W3CHttpResponseCodec.java:50)
	at org.openqa.selenium.remote.HttpCommandExecutor.execute(HttpCommandExecutor.java:224)
	at org.openqa.selenium.remote.service.DriverCommandExecutor.invokeExecute(DriverCommandExecutor.java:217)
	at org.openqa.selenium.remote.service.DriverCommandExecutor.execute(DriverCommandExecutor.java:175)
	at org.openqa.selenium.remote.RemoteWebDriver.execute(RemoteWebDriver.java:600)
	at org.openqa.selenium.remote.RemoteWebDriver.executeScript(RemoteWebDriver.java:529)
	at com.orangehrm.actiondriver.ActionDriver.applyBorder(ActionDriver.java:228)
	at com.orangehrm.actiondriver.ActionDriver.isDisplayed(ActionDriver.java:105)
	at com.orangehrm.pages.HomePage.verifyOrangeHRMlogo(HomePage.java:32)
	at com.orangehrm.test.HomePageTest.verifyOrangeHRMLogo(HomePageTest.java:33)
	at java.base/jdk.internal.reflect.DirectMethodHandleAccessor.invoke(DirectMethodHandleAccessor.java:103)
	at java.base/java.lang.reflect.Method.invoke(Method.java:580)
	at org.testng.internal.invokers.MethodInvocationHelper.invokeMethod(MethodInvocationHelper.java:141)
	at org.testng.internal.invokers.TestInvoker.invokeMethod(TestInvoker.java:687)
	at org.testng.internal.invokers.TestInvoker.invokeTestMethod(TestInvoker.java:230)
	at org.testng.internal.invokers.MethodRunner.runInSequence(MethodRunner.java:63)
	at org.testng.internal.invokers.TestInvoker$MethodInvocationAgent.invoke(TestInvoker.java:995)
	at org.testng.internal.invokers.TestInvoker.invokeTestMethods(TestInvoker.java:203)
	at org.testng.internal.invokers.TestMethodWorker.invokeTestMethods(TestMethodWorker.java:154)
	at org.testng.internal.invokers.TestMethodWorker.run(TestMethodWorker.java:134)
	at java.base/java.util.concurrent.Executors$RunnableAdapter.call(Executors.java:572)
	at java.base/java.util.concurrent.FutureTask.run(FutureTask.java:317)
	at org.testng.internal.thread.graph.TestNGFutureTask.run(TestNGFutureTask.java:22)
	at java.base/java.util.concurrent.ThreadPoolExecutor.runWorker(ThreadPoolExecutor.java:1144)
	at java.base/java.util.concurrent.ThreadPoolExecutor$Worker.run(ThreadPoolExecutor.java:642)
	at java.base/java.lang.Thread.run(Thread.java:1583)
2026-06-10 21:17:41 [TestNG-test-OrangeHRmTest-2] INFO  ActionDriver - Element is displayed Unable to describe the element
2026-06-10 21:17:44 [TestNG-test-OrangeHRmTest-2] INFO  Baseclass - WebDriver instance is closed
2026-06-10 21:17:51 [TestNG-test-OrangeHRmTest-1] INFO  ActionDriver - WebDriver instance is created
2026-06-10 21:17:51 [TestNG-test-OrangeHRmTest-1] INFO  Baseclass - WebDriver initialized and browser maximized
2026-06-10 21:17:51 [TestNG-test-OrangeHRmTest-1] TRACE Baseclass - This is a TRACE message
2026-06-10 21:17:51 [TestNG-test-OrangeHRmTest-1] DEBUG Baseclass - This is a DEBUG message
2026-06-10 21:17:51 [TestNG-test-OrangeHRmTest-1] WARN  Baseclass - This is a WARN message
2026-06-10 21:17:54 [TestNG-test-OrangeHRmTest-1] INFO  ActionDriver - WebDriver instance is created
2026-06-10 21:17:56 [TestNG-test-OrangeHRmTest-1] WARN  ActionDriver - Fail to apply the border to an element:Element with name;username
org.openqa.selenium.JavascriptException: javascript error: Cannot set properties of undefined (setting 'border')
  (Session info: chrome=149.0.7827.55)
Build info: version: '4.44.0', revision: 'da2039b'
System info: os.name: 'Windows 11', os.arch: 'amd64', os.version: '10.0', java.version: '21.0.10'
Driver info: org.openqa.selenium.chrome.ChromeDriver
Command: [fbbce0b1a1f63bf66b729e9a68c28e2e, executeScript {args=[{element-6066-11e4-a52e-4f735466cecf=f.93CB7719DD0A0CA1EAC5C29BBB428E11.d.284B5AD1940166A7E59F16E45A80AE5F.e.2}], script=arguments[0].apply.border='3px solid green'}]
Capabilities {acceptInsecureCerts: false, browserName: chrome, browserVersion: 149.0.7827.55, chrome: {chromedriverVersion: 149.0.7827.55 (3188f8a607ae..., userDataDir: C:\Users\DEVIKA~1\AppData\L...}, fedcm:accounts: true, goog:chromeOptions: {debuggerAddress: localhost:64892}, goog:processID: 22704, networkConnectionEnabled: false, pageLoadStrategy: normal, platformName: windows, proxy: Proxy(), se:cdp: ws://localhost:64892/devtoo..., se:cdpVersion: 149.0.7827.55, setWindowRect: true, strictFileInteractability: false, timeouts: {implicit: 0, pageLoad: 300000, script: 30000}, unhandledPromptBehavior: dismiss and notify, webauthn:extension:credBlob: true, webauthn:extension:largeBlob: true, webauthn:extension:minPinLength: true, webauthn:extension:prf: true, webauthn:virtualAuthenticators: true}
Session ID: fbbce0b1a1f63bf66b729e9a68c28e2e
	at org.openqa.selenium.remote.ErrorCodec.decode(ErrorCodec.java:169)
	at org.openqa.selenium.remote.codec.w3c.W3CHttpResponseCodec.decode(W3CHttpResponseCodec.java:143)
	at org.openqa.selenium.remote.codec.w3c.W3CHttpResponseCodec.decode(W3CHttpResponseCodec.java:50)
	at org.openqa.selenium.remote.HttpCommandExecutor.execute(HttpCommandExecutor.java:224)
	at org.openqa.selenium.remote.service.DriverCommandExecutor.invokeExecute(DriverCommandExecutor.java:217)
	at org.openqa.selenium.remote.service.DriverCommandExecutor.execute(DriverCommandExecutor.java:175)
	at org.openqa.selenium.remote.RemoteWebDriver.execute(RemoteWebDriver.java:600)
	at org.openqa.selenium.remote.RemoteWebDriver.executeScript(RemoteWebDriver.java:529)
	at com.orangehrm.actiondriver.ActionDriver.applyBorder(ActionDriver.java:228)
	at com.orangehrm.actiondriver.ActionDriver.enterText(ActionDriver.java:52)
	at com.orangehrm.pages.Loginpage.login(Loginpage.java:34)
	at com.orangehrm.test.LoginPageTest.verifyValidLoginTest(LoginPageTest.java:34)
	at java.base/jdk.internal.reflect.DirectMethodHandleAccessor.invoke(DirectMethodHandleAccessor.java:103)
	at java.base/java.lang.reflect.Method.invoke(Method.java:580)
	at org.testng.internal.invokers.MethodInvocationHelper.invokeMethod(MethodInvocationHelper.java:141)
	at org.testng.internal.invokers.TestInvoker.invokeMethod(TestInvoker.java:687)
	at org.testng.internal.invokers.TestInvoker.invokeTestMethod(TestInvoker.java:230)
	at org.testng.internal.invokers.MethodRunner.runInSequence(MethodRunner.java:63)
	at org.testng.internal.invokers.TestInvoker$MethodInvocationAgent.invoke(TestInvoker.java:995)
	at org.testng.internal.invokers.TestInvoker.invokeTestMethods(TestInvoker.java:203)
	at org.testng.internal.invokers.TestMethodWorker.invokeTestMethods(TestMethodWorker.java:154)
	at org.testng.internal.invokers.TestMethodWorker.run(TestMethodWorker.java:134)
	at java.base/java.util.concurrent.Executors$RunnableAdapter.call(Executors.java:572)
	at java.base/java.util.concurrent.FutureTask.run(FutureTask.java:317)
	at org.testng.internal.thread.graph.TestNGFutureTask.run(TestNGFutureTask.java:22)
	at java.base/java.util.concurrent.ThreadPoolExecutor.runWorker(ThreadPoolExecutor.java:1144)
	at java.base/java.util.concurrent.ThreadPoolExecutor$Worker.run(ThreadPoolExecutor.java:642)
	at java.base/java.lang.Thread.run(Thread.java:1583)
2026-06-10 21:17:56 [TestNG-test-OrangeHRmTest-1] INFO  ActionDriver - entered text on Element with name;username--> admin
2026-06-10 21:17:56 [TestNG-test-OrangeHRmTest-1] WARN  ActionDriver - Fail to apply the border to an element:Element with name;password
org.openqa.selenium.JavascriptException: javascript error: Cannot set properties of undefined (setting 'border')
  (Session info: chrome=149.0.7827.55)
Build info: version: '4.44.0', revision: 'da2039b'
System info: os.name: 'Windows 11', os.arch: 'amd64', os.version: '10.0', java.version: '21.0.10'
Driver info: org.openqa.selenium.chrome.ChromeDriver
Command: [fbbce0b1a1f63bf66b729e9a68c28e2e, executeScript {args=[{element-6066-11e4-a52e-4f735466cecf=f.93CB7719DD0A0CA1EAC5C29BBB428E11.d.284B5AD1940166A7E59F16E45A80AE5F.e.4}], script=arguments[0].apply.border='3px solid green'}]
Capabilities {acceptInsecureCerts: false, browserName: chrome, browserVersion: 149.0.7827.55, chrome: {chromedriverVersion: 149.0.7827.55 (3188f8a607ae..., userDataDir: C:\Users\DEVIKA~1\AppData\L...}, fedcm:accounts: true, goog:chromeOptions: {debuggerAddress: localhost:64892}, goog:processID: 22704, networkConnectionEnabled: false, pageLoadStrategy: normal, platformName: windows, proxy: Proxy(), se:cdp: ws://localhost:64892/devtoo..., se:cdpVersion: 149.0.7827.55, setWindowRect: true, strictFileInteractability: false, timeouts: {implicit: 0, pageLoad: 300000, script: 30000}, unhandledPromptBehavior: dismiss and notify, webauthn:extension:credBlob: true, webauthn:extension:largeBlob: true, webauthn:extension:minPinLength: true, webauthn:extension:prf: true, webauthn:virtualAuthenticators: true}
Session ID: fbbce0b1a1f63bf66b729e9a68c28e2e
	at org.openqa.selenium.remote.ErrorCodec.decode(ErrorCodec.java:169)
	at org.openqa.selenium.remote.codec.w3c.W3CHttpResponseCodec.decode(W3CHttpResponseCodec.java:143)
	at org.openqa.selenium.remote.codec.w3c.W3CHttpResponseCodec.decode(W3CHttpResponseCodec.java:50)
	at org.openqa.selenium.remote.HttpCommandExecutor.execute(HttpCommandExecutor.java:224)
	at org.openqa.selenium.remote.service.DriverCommandExecutor.invokeExecute(DriverCommandExecutor.java:217)
	at org.openqa.selenium.remote.service.DriverCommandExecutor.execute(DriverCommandExecutor.java:175)
	at org.openqa.selenium.remote.RemoteWebDriver.execute(RemoteWebDriver.java:600)
	at org.openqa.selenium.remote.RemoteWebDriver.executeScript(RemoteWebDriver.java:529)
	at com.orangehrm.actiondriver.ActionDriver.applyBorder(ActionDriver.java:228)
	at com.orangehrm.actiondriver.ActionDriver.enterText(ActionDriver.java:52)
	at com.orangehrm.pages.Loginpage.login(Loginpage.java:35)
	at com.orangehrm.test.LoginPageTest.verifyValidLoginTest(LoginPageTest.java:34)
	at java.base/jdk.internal.reflect.DirectMethodHandleAccessor.invoke(DirectMethodHandleAccessor.java:103)
	at java.base/java.lang.reflect.Method.invoke(Method.java:580)
	at org.testng.internal.invokers.MethodInvocationHelper.invokeMethod(MethodInvocationHelper.java:141)
	at org.testng.internal.invokers.TestInvoker.invokeMethod(TestInvoker.java:687)
	at org.testng.internal.invokers.TestInvoker.invokeTestMethod(TestInvoker.java:230)
	at org.testng.internal.invokers.MethodRunner.runInSequence(MethodRunner.java:63)
	at org.testng.internal.invokers.TestInvoker$MethodInvocationAgent.invoke(TestInvoker.java:995)
	at org.testng.internal.invokers.TestInvoker.invokeTestMethods(TestInvoker.java:203)
	at org.testng.internal.invokers.TestMethodWorker.invokeTestMethods(TestMethodWorker.java:154)
	at org.testng.internal.invokers.TestMethodWorker.run(TestMethodWorker.java:134)
	at java.base/java.util.concurrent.Executors$RunnableAdapter.call(Executors.java:572)
	at java.base/java.util.concurrent.FutureTask.run(FutureTask.java:317)
	at org.testng.internal.thread.graph.TestNGFutureTask.run(TestNGFutureTask.java:22)
	at java.base/java.util.concurrent.ThreadPoolExecutor.runWorker(ThreadPoolExecutor.java:1144)
	at java.base/java.util.concurrent.ThreadPoolExecutor$Worker.run(ThreadPoolExecutor.java:642)
	at java.base/java.lang.Thread.run(Thread.java:1583)
2026-06-10 21:17:56 [TestNG-test-OrangeHRmTest-1] INFO  ActionDriver - entered text on Element with name;password--> admin123
2026-06-10 21:17:56 [TestNG-test-OrangeHRmTest-1] WARN  ActionDriver - Fail to apply the border to an element:Element with text;Login
org.openqa.selenium.JavascriptException: javascript error: Cannot set properties of undefined (setting 'border')
  (Session info: chrome=149.0.7827.55)
Build info: version: '4.44.0', revision: 'da2039b'
System info: os.name: 'Windows 11', os.arch: 'amd64', os.version: '10.0', java.version: '21.0.10'
Driver info: org.openqa.selenium.chrome.ChromeDriver
Command: [fbbce0b1a1f63bf66b729e9a68c28e2e, executeScript {args=[{element-6066-11e4-a52e-4f735466cecf=f.93CB7719DD0A0CA1EAC5C29BBB428E11.d.284B5AD1940166A7E59F16E45A80AE5F.e.6}], script=arguments[0].apply.border='3px solid green'}]
Capabilities {acceptInsecureCerts: false, browserName: chrome, browserVersion: 149.0.7827.55, chrome: {chromedriverVersion: 149.0.7827.55 (3188f8a607ae..., userDataDir: C:\Users\DEVIKA~1\AppData\L...}, fedcm:accounts: true, goog:chromeOptions: {debuggerAddress: localhost:64892}, goog:processID: 22704, networkConnectionEnabled: false, pageLoadStrategy: normal, platformName: windows, proxy: Proxy(), se:cdp: ws://localhost:64892/devtoo..., se:cdpVersion: 149.0.7827.55, setWindowRect: true, strictFileInteractability: false, timeouts: {implicit: 0, pageLoad: 300000, script: 30000}, unhandledPromptBehavior: dismiss and notify, webauthn:extension:credBlob: true, webauthn:extension:largeBlob: true, webauthn:extension:minPinLength: true, webauthn:extension:prf: true, webauthn:virtualAuthenticators: true}
Session ID: fbbce0b1a1f63bf66b729e9a68c28e2e
	at org.openqa.selenium.remote.ErrorCodec.decode(ErrorCodec.java:169)
	at org.openqa.selenium.remote.codec.w3c.W3CHttpResponseCodec.decode(W3CHttpResponseCodec.java:143)
	at org.openqa.selenium.remote.codec.w3c.W3CHttpResponseCodec.decode(W3CHttpResponseCodec.java:50)
	at org.openqa.selenium.remote.HttpCommandExecutor.execute(HttpCommandExecutor.java:224)
	at org.openqa.selenium.remote.service.DriverCommandExecutor.invokeExecute(DriverCommandExecutor.java:217)
	at org.openqa.selenium.remote.service.DriverCommandExecutor.execute(DriverCommandExecutor.java:175)
	at org.openqa.selenium.remote.RemoteWebDriver.execute(RemoteWebDriver.java:600)
	at org.openqa.selenium.remote.RemoteWebDriver.executeScript(RemoteWebDriver.java:529)
	at com.orangehrm.actiondriver.ActionDriver.applyBorder(ActionDriver.java:228)
	at com.orangehrm.actiondriver.ActionDriver.click(ActionDriver.java:34)
	at com.orangehrm.pages.Loginpage.login(Loginpage.java:36)
	at com.orangehrm.test.LoginPageTest.verifyValidLoginTest(LoginPageTest.java:34)
	at java.base/jdk.internal.reflect.DirectMethodHandleAccessor.invoke(DirectMethodHandleAccessor.java:103)
	at java.base/java.lang.reflect.Method.invoke(Method.java:580)
	at org.testng.internal.invokers.MethodInvocationHelper.invokeMethod(MethodInvocationHelper.java:141)
	at org.testng.internal.invokers.TestInvoker.invokeMethod(TestInvoker.java:687)
	at org.testng.internal.invokers.TestInvoker.invokeTestMethod(TestInvoker.java:230)
	at org.testng.internal.invokers.MethodRunner.runInSequence(MethodRunner.java:63)
	at org.testng.internal.invokers.TestInvoker$MethodInvocationAgent.invoke(TestInvoker.java:995)
	at org.testng.internal.invokers.TestInvoker.invokeTestMethods(TestInvoker.java:203)
	at org.testng.internal.invokers.TestMethodWorker.invokeTestMethods(TestMethodWorker.java:154)
	at org.testng.internal.invokers.TestMethodWorker.run(TestMethodWorker.java:134)
	at java.base/java.util.concurrent.Executors$RunnableAdapter.call(Executors.java:572)
	at java.base/java.util.concurrent.FutureTask.run(FutureTask.java:317)
	at org.testng.internal.thread.graph.TestNGFutureTask.run(TestNGFutureTask.java:22)
	at java.base/java.util.concurrent.ThreadPoolExecutor.runWorker(ThreadPoolExecutor.java:1144)
	at java.base/java.util.concurrent.ThreadPoolExecutor$Worker.run(ThreadPoolExecutor.java:642)
	at java.base/java.lang.Thread.run(Thread.java:1583)
2026-06-10 21:17:56 [TestNG-test-OrangeHRmTest-1] INFO  ActionDriver - clicked an elment-->Element with text;Login
2026-06-10 21:17:59 [TestNG-test-OrangeHRmTest-1] WARN  ActionDriver - Fail to apply the border to an element:Element with text;Admin
org.openqa.selenium.JavascriptException: javascript error: Cannot set properties of undefined (setting 'border')
  (Session info: chrome=149.0.7827.55)
Build info: version: '4.44.0', revision: 'da2039b'
System info: os.name: 'Windows 11', os.arch: 'amd64', os.version: '10.0', java.version: '21.0.10'
Driver info: org.openqa.selenium.chrome.ChromeDriver
Command: [fbbce0b1a1f63bf66b729e9a68c28e2e, executeScript {args=[{element-6066-11e4-a52e-4f735466cecf=f.93CB7719DD0A0CA1EAC5C29BBB428E11.d.15AB8FCAFB572EAAAACED8FB3FA7957D.e.55}], script=arguments[0].apply.border='3px solid green'}]
Capabilities {acceptInsecureCerts: false, browserName: chrome, browserVersion: 149.0.7827.55, chrome: {chromedriverVersion: 149.0.7827.55 (3188f8a607ae..., userDataDir: C:\Users\DEVIKA~1\AppData\L...}, fedcm:accounts: true, goog:chromeOptions: {debuggerAddress: localhost:64892}, goog:processID: 22704, networkConnectionEnabled: false, pageLoadStrategy: normal, platformName: windows, proxy: Proxy(), se:cdp: ws://localhost:64892/devtoo..., se:cdpVersion: 149.0.7827.55, setWindowRect: true, strictFileInteractability: false, timeouts: {implicit: 0, pageLoad: 300000, script: 30000}, unhandledPromptBehavior: dismiss and notify, webauthn:extension:credBlob: true, webauthn:extension:largeBlob: true, webauthn:extension:minPinLength: true, webauthn:extension:prf: true, webauthn:virtualAuthenticators: true}
Session ID: fbbce0b1a1f63bf66b729e9a68c28e2e
	at org.openqa.selenium.remote.ErrorCodec.decode(ErrorCodec.java:169)
	at org.openqa.selenium.remote.codec.w3c.W3CHttpResponseCodec.decode(W3CHttpResponseCodec.java:143)
	at org.openqa.selenium.remote.codec.w3c.W3CHttpResponseCodec.decode(W3CHttpResponseCodec.java:50)
	at org.openqa.selenium.remote.HttpCommandExecutor.execute(HttpCommandExecutor.java:224)
	at org.openqa.selenium.remote.service.DriverCommandExecutor.invokeExecute(DriverCommandExecutor.java:217)
	at org.openqa.selenium.remote.service.DriverCommandExecutor.execute(DriverCommandExecutor.java:175)
	at org.openqa.selenium.remote.RemoteWebDriver.execute(RemoteWebDriver.java:600)
	at org.openqa.selenium.remote.RemoteWebDriver.executeScript(RemoteWebDriver.java:529)
	at com.orangehrm.actiondriver.ActionDriver.applyBorder(ActionDriver.java:228)
	at com.orangehrm.actiondriver.ActionDriver.isDisplayed(ActionDriver.java:105)
	at com.orangehrm.pages.HomePage.isAdminTabVisible(HomePage.java:27)
	at com.orangehrm.test.LoginPageTest.verifyValidLoginTest(LoginPageTest.java:37)
	at java.base/jdk.internal.reflect.DirectMethodHandleAccessor.invoke(DirectMethodHandleAccessor.java:103)
	at java.base/java.lang.reflect.Method.invoke(Method.java:580)
	at org.testng.internal.invokers.MethodInvocationHelper.invokeMethod(MethodInvocationHelper.java:141)
	at org.testng.internal.invokers.TestInvoker.invokeMethod(TestInvoker.java:687)
	at org.testng.internal.invokers.TestInvoker.invokeTestMethod(TestInvoker.java:230)
	at org.testng.internal.invokers.MethodRunner.runInSequence(MethodRunner.java:63)
	at org.testng.internal.invokers.TestInvoker$MethodInvocationAgent.invoke(TestInvoker.java:995)
	at org.testng.internal.invokers.TestInvoker.invokeTestMethods(TestInvoker.java:203)
	at org.testng.internal.invokers.TestMethodWorker.invokeTestMethods(TestMethodWorker.java:154)
	at org.testng.internal.invokers.TestMethodWorker.run(TestMethodWorker.java:134)
	at java.base/java.util.concurrent.Executors$RunnableAdapter.call(Executors.java:572)
	at java.base/java.util.concurrent.FutureTask.run(FutureTask.java:317)
	at org.testng.internal.thread.graph.TestNGFutureTask.run(TestNGFutureTask.java:22)
	at java.base/java.util.concurrent.ThreadPoolExecutor.runWorker(ThreadPoolExecutor.java:1144)
	at java.base/java.util.concurrent.ThreadPoolExecutor$Worker.run(ThreadPoolExecutor.java:642)
	at java.base/java.lang.Thread.run(Thread.java:1583)
2026-06-10 21:17:59 [TestNG-test-OrangeHRmTest-1] INFO  ActionDriver - Element is displayed Element with text;Admin
2026-06-10 21:18:00 [TestNG-test-OrangeHRmTest-1] WARN  ActionDriver - Fail to apply the border to an element:Element with text;manda user
org.openqa.selenium.JavascriptException: javascript error: Cannot set properties of undefined (setting 'border')
  (Session info: chrome=149.0.7827.55)
Build info: version: '4.44.0', revision: 'da2039b'
System info: os.name: 'Windows 11', os.arch: 'amd64', os.version: '10.0', java.version: '21.0.10'
Driver info: org.openqa.selenium.chrome.ChromeDriver
Command: [fbbce0b1a1f63bf66b729e9a68c28e2e, executeScript {args=[{element-6066-11e4-a52e-4f735466cecf=f.93CB7719DD0A0CA1EAC5C29BBB428E11.d.15AB8FCAFB572EAAAACED8FB3FA7957D.e.59}], script=arguments[0].apply.border='3px solid green'}]
Capabilities {acceptInsecureCerts: false, browserName: chrome, browserVersion: 149.0.7827.55, chrome: {chromedriverVersion: 149.0.7827.55 (3188f8a607ae..., userDataDir: C:\Users\DEVIKA~1\AppData\L...}, fedcm:accounts: true, goog:chromeOptions: {debuggerAddress: localhost:64892}, goog:processID: 22704, networkConnectionEnabled: false, pageLoadStrategy: normal, platformName: windows, proxy: Proxy(), se:cdp: ws://localhost:64892/devtoo..., se:cdpVersion: 149.0.7827.55, setWindowRect: true, strictFileInteractability: false, timeouts: {implicit: 0, pageLoad: 300000, script: 30000}, unhandledPromptBehavior: dismiss and notify, webauthn:extension:credBlob: true, webauthn:extension:largeBlob: true, webauthn:extension:minPinLength: true, webauthn:extension:prf: true, webauthn:virtualAuthenticators: true}
Session ID: fbbce0b1a1f63bf66b729e9a68c28e2e
	at org.openqa.selenium.remote.ErrorCodec.decode(ErrorCodec.java:169)
	at org.openqa.selenium.remote.codec.w3c.W3CHttpResponseCodec.decode(W3CHttpResponseCodec.java:143)
	at org.openqa.selenium.remote.codec.w3c.W3CHttpResponseCodec.decode(W3CHttpResponseCodec.java:50)
	at org.openqa.selenium.remote.HttpCommandExecutor.execute(HttpCommandExecutor.java:224)
	at org.openqa.selenium.remote.service.DriverCommandExecutor.invokeExecute(DriverCommandExecutor.java:217)
	at org.openqa.selenium.remote.service.DriverCommandExecutor.execute(DriverCommandExecutor.java:175)
	at org.openqa.selenium.remote.RemoteWebDriver.execute(RemoteWebDriver.java:600)
	at org.openqa.selenium.remote.RemoteWebDriver.executeScript(RemoteWebDriver.java:529)
	at com.orangehrm.actiondriver.ActionDriver.applyBorder(ActionDriver.java:228)
	at com.orangehrm.actiondriver.ActionDriver.click(ActionDriver.java:34)
	at com.orangehrm.pages.HomePage.logout(HomePage.java:37)
	at com.orangehrm.test.LoginPageTest.verifyValidLoginTest(LoginPageTest.java:39)
	at java.base/jdk.internal.reflect.DirectMethodHandleAccessor.invoke(DirectMethodHandleAccessor.java:103)
	at java.base/java.lang.reflect.Method.invoke(Method.java:580)
	at org.testng.internal.invokers.MethodInvocationHelper.invokeMethod(MethodInvocationHelper.java:141)
	at org.testng.internal.invokers.TestInvoker.invokeMethod(TestInvoker.java:687)
	at org.testng.internal.invokers.TestInvoker.invokeTestMethod(TestInvoker.java:230)
	at org.testng.internal.invokers.MethodRunner.runInSequence(MethodRunner.java:63)
	at org.testng.internal.invokers.TestInvoker$MethodInvocationAgent.invoke(TestInvoker.java:995)
	at org.testng.internal.invokers.TestInvoker.invokeTestMethods(TestInvoker.java:203)
	at org.testng.internal.invokers.TestMethodWorker.invokeTestMethods(TestMethodWorker.java:154)
	at org.testng.internal.invokers.TestMethodWorker.run(TestMethodWorker.java:134)
	at java.base/java.util.concurrent.Executors$RunnableAdapter.call(Executors.java:572)
	at java.base/java.util.concurrent.FutureTask.run(FutureTask.java:317)
	at org.testng.internal.thread.graph.TestNGFutureTask.run(TestNGFutureTask.java:22)
	at java.base/java.util.concurrent.ThreadPoolExecutor.runWorker(ThreadPoolExecutor.java:1144)
	at java.base/java.util.concurrent.ThreadPoolExecutor$Worker.run(ThreadPoolExecutor.java:642)
	at java.base/java.lang.Thread.run(Thread.java:1583)
2026-06-10 21:18:00 [TestNG-test-OrangeHRmTest-1] INFO  ActionDriver - clicked an elment-->Element with text;manda user
2026-06-10 21:18:00 [TestNG-test-OrangeHRmTest-1] WARN  ActionDriver - Fail to apply the border to an element:Element with text;Logout
org.openqa.selenium.JavascriptException: javascript error: Cannot set properties of undefined (setting 'border')
  (Session info: chrome=149.0.7827.55)
Build info: version: '4.44.0', revision: 'da2039b'
System info: os.name: 'Windows 11', os.arch: 'amd64', os.version: '10.0', java.version: '21.0.10'
Driver info: org.openqa.selenium.chrome.ChromeDriver
Command: [fbbce0b1a1f63bf66b729e9a68c28e2e, executeScript {args=[{element-6066-11e4-a52e-4f735466cecf=f.93CB7719DD0A0CA1EAC5C29BBB428E11.d.15AB8FCAFB572EAAAACED8FB3FA7957D.e.61}], script=arguments[0].apply.border='3px solid green'}]
Capabilities {acceptInsecureCerts: false, browserName: chrome, browserVersion: 149.0.7827.55, chrome: {chromedriverVersion: 149.0.7827.55 (3188f8a607ae..., userDataDir: C:\Users\DEVIKA~1\AppData\L...}, fedcm:accounts: true, goog:chromeOptions: {debuggerAddress: localhost:64892}, goog:processID: 22704, networkConnectionEnabled: false, pageLoadStrategy: normal, platformName: windows, proxy: Proxy(), se:cdp: ws://localhost:64892/devtoo..., se:cdpVersion: 149.0.7827.55, setWindowRect: true, strictFileInteractability: false, timeouts: {implicit: 0, pageLoad: 300000, script: 30000}, unhandledPromptBehavior: dismiss and notify, webauthn:extension:credBlob: true, webauthn:extension:largeBlob: true, webauthn:extension:minPinLength: true, webauthn:extension:prf: true, webauthn:virtualAuthenticators: true}
Session ID: fbbce0b1a1f63bf66b729e9a68c28e2e
	at org.openqa.selenium.remote.ErrorCodec.decode(ErrorCodec.java:169)
	at org.openqa.selenium.remote.codec.w3c.W3CHttpResponseCodec.decode(W3CHttpResponseCodec.java:143)
	at org.openqa.selenium.remote.codec.w3c.W3CHttpResponseCodec.decode(W3CHttpResponseCodec.java:50)
	at org.openqa.selenium.remote.HttpCommandExecutor.execute(HttpCommandExecutor.java:224)
	at org.openqa.selenium.remote.service.DriverCommandExecutor.invokeExecute(DriverCommandExecutor.java:217)
	at org.openqa.selenium.remote.service.DriverCommandExecutor.execute(DriverCommandExecutor.java:175)
	at org.openqa.selenium.remote.RemoteWebDriver.execute(RemoteWebDriver.java:600)
	at org.openqa.selenium.remote.RemoteWebDriver.executeScript(RemoteWebDriver.java:529)
	at com.orangehrm.actiondriver.ActionDriver.applyBorder(ActionDriver.java:228)
	at com.orangehrm.actiondriver.ActionDriver.click(ActionDriver.java:34)
	at com.orangehrm.pages.HomePage.logout(HomePage.java:38)
	at com.orangehrm.test.LoginPageTest.verifyValidLoginTest(LoginPageTest.java:39)
	at java.base/jdk.internal.reflect.DirectMethodHandleAccessor.invoke(DirectMethodHandleAccessor.java:103)
	at java.base/java.lang.reflect.Method.invoke(Method.java:580)
	at org.testng.internal.invokers.MethodInvocationHelper.invokeMethod(MethodInvocationHelper.java:141)
	at org.testng.internal.invokers.TestInvoker.invokeMethod(TestInvoker.java:687)
	at org.testng.internal.invokers.TestInvoker.invokeTestMethod(TestInvoker.java:230)
	at org.testng.internal.invokers.MethodRunner.runInSequence(MethodRunner.java:63)
	at org.testng.internal.invokers.TestInvoker$MethodInvocationAgent.invoke(TestInvoker.java:995)
	at org.testng.internal.invokers.TestInvoker.invokeTestMethods(TestInvoker.java:203)
	at org.testng.internal.invokers.TestMethodWorker.invokeTestMethods(TestMethodWorker.java:154)
	at org.testng.internal.invokers.TestMethodWorker.run(TestMethodWorker.java:134)
	at java.base/java.util.concurrent.Executors$RunnableAdapter.call(Executors.java:572)
	at java.base/java.util.concurrent.FutureTask.run(FutureTask.java:317)
	at org.testng.internal.thread.graph.TestNGFutureTask.run(TestNGFutureTask.java:22)
	at java.base/java.util.concurrent.ThreadPoolExecutor.runWorker(ThreadPoolExecutor.java:1144)
	at java.base/java.util.concurrent.ThreadPoolExecutor$Worker.run(ThreadPoolExecutor.java:642)
	at java.base/java.lang.Thread.run(Thread.java:1583)
2026-06-10 21:18:02 [TestNG-test-OrangeHRmTest-1] INFO  ActionDriver - clicked an elment-->Element with text;Logout
2026-06-10 21:18:04 [TestNG-test-OrangeHRmTest-1] INFO  Baseclass - WebDriver instance is closed
2026-06-10 21:19:47 [main] INFO  Baseclass - config.property file loaded
2026-06-10 21:19:47 [TestNG-test-OrangeHRmTest-1] INFO  Baseclass - Setting up WebDriver for: com.orangehrm.test.Dummyclass
2026-06-10 21:19:47 [TestNG-test-OrangeHRmTest-2] INFO  Baseclass - Setting up WebDriver for: com.orangehrm.test.Dummyclass2
2026-06-10 21:19:50 [TestNG-test-OrangeHRmTest-2] INFO  Baseclass - ChromeDriver instance created
2026-06-10 21:19:50 [TestNG-test-OrangeHRmTest-1] INFO  Baseclass - ChromeDriver instance created
2026-06-10 21:19:55 [TestNG-test-OrangeHRmTest-1] INFO  ActionDriver - WebDriver instance is created
2026-06-10 21:19:55 [TestNG-test-OrangeHRmTest-1] INFO  Baseclass - WebDriver initialized and browser maximized
2026-06-10 21:19:55 [TestNG-test-OrangeHRmTest-1] TRACE Baseclass - This is a TRACE message
2026-06-10 21:19:55 [TestNG-test-OrangeHRmTest-1] DEBUG Baseclass - This is a DEBUG message
2026-06-10 21:19:55 [TestNG-test-OrangeHRmTest-1] WARN  Baseclass - This is a WARN message
2026-06-10 21:20:02 [TestNG-test-OrangeHRmTest-2] INFO  ActionDriver - WebDriver instance is created
2026-06-10 21:20:02 [TestNG-test-OrangeHRmTest-2] INFO  Baseclass - WebDriver initialized and browser maximized
2026-06-10 21:20:02 [TestNG-test-OrangeHRmTest-2] TRACE Baseclass - This is a TRACE message
2026-06-10 21:20:02 [TestNG-test-OrangeHRmTest-2] DEBUG Baseclass - This is a DEBUG message
2026-06-10 21:20:02 [TestNG-test-OrangeHRmTest-2] WARN  Baseclass - This is a WARN message
2026-06-10 21:20:04 [TestNG-test-OrangeHRmTest-2] INFO  Baseclass - WebDriver instance is closed
2026-06-10 21:20:04 [TestNG-test-OrangeHRmTest-2] INFO  Baseclass - Setting up WebDriver for: com.orangehrm.test.LoginPageTest
2026-06-10 21:20:05 [TestNG-test-OrangeHRmTest-2] INFO  Baseclass - ChromeDriver instance created
2026-06-10 21:20:08 [TestNG-test-OrangeHRmTest-1] INFO  Baseclass - WebDriver instance is closed
2026-06-10 21:20:08 [TestNG-test-OrangeHRmTest-1] INFO  Baseclass - Setting up WebDriver for: com.orangehrm.test.HomePageTest
2026-06-10 21:20:10 [TestNG-test-OrangeHRmTest-1] INFO  Baseclass - ChromeDriver instance created
2026-06-10 21:20:10 [TestNG-test-OrangeHRmTest-2] INFO  ActionDriver - WebDriver instance is created
2026-06-10 21:20:10 [TestNG-test-OrangeHRmTest-2] INFO  Baseclass - WebDriver initialized and browser maximized
2026-06-10 21:20:10 [TestNG-test-OrangeHRmTest-2] TRACE Baseclass - This is a TRACE message
2026-06-10 21:20:10 [TestNG-test-OrangeHRmTest-2] DEBUG Baseclass - This is a DEBUG message
2026-06-10 21:20:10 [TestNG-test-OrangeHRmTest-2] WARN  Baseclass - This is a WARN message
2026-06-10 21:20:13 [TestNG-test-OrangeHRmTest-2] INFO  ActionDriver - WebDriver instance is created
2026-06-10 21:20:13 [TestNG-test-OrangeHRmTest-2] INFO  ActionDriver - WebDriver instance is created
2026-06-10 21:20:15 [TestNG-test-OrangeHRmTest-2] INFO  ActionDriver - Applied the border with colorgreento elementElement with name;username
2026-06-10 21:20:15 [TestNG-test-OrangeHRmTest-2] INFO  ActionDriver - entered text on Element with name;username--> admin
2026-06-10 21:20:16 [TestNG-test-OrangeHRmTest-2] INFO  ActionDriver - Applied the border with colorgreento elementElement with name;password
2026-06-10 21:20:16 [TestNG-test-OrangeHRmTest-2] INFO  ActionDriver - entered text on Element with name;password--> admin
2026-06-10 21:20:16 [TestNG-test-OrangeHRmTest-2] INFO  ActionDriver - Applied the border with colorgreento elementElement with text;Login
2026-06-10 21:20:16 [TestNG-test-OrangeHRmTest-2] INFO  ActionDriver - clicked an elment-->Element with text;Login
2026-06-10 21:20:20 [TestNG-test-OrangeHRmTest-2] INFO  ActionDriver - Applied the border with colorredto elementElement with text;Invalid credentials
2026-06-10 21:20:21 [TestNG-test-OrangeHRmTest-2] INFO  Baseclass - WebDriver instance is closed
2026-06-10 21:20:21 [TestNG-test-OrangeHRmTest-2] INFO  Baseclass - Setting up WebDriver for: com.orangehrm.test.LoginPageTest
2026-06-10 21:20:22 [TestNG-test-OrangeHRmTest-2] INFO  Baseclass - ChromeDriver instance created
2026-06-10 21:20:24 [TestNG-test-OrangeHRmTest-1] INFO  ActionDriver - WebDriver instance is created
2026-06-10 21:20:24 [TestNG-test-OrangeHRmTest-1] INFO  Baseclass - WebDriver initialized and browser maximized
2026-06-10 21:20:24 [TestNG-test-OrangeHRmTest-1] TRACE Baseclass - This is a TRACE message
2026-06-10 21:20:24 [TestNG-test-OrangeHRmTest-1] DEBUG Baseclass - This is a DEBUG message
2026-06-10 21:20:24 [TestNG-test-OrangeHRmTest-1] WARN  Baseclass - This is a WARN message
2026-06-10 21:20:24 [TestNG-test-OrangeHRmTest-1] INFO  ActionDriver - WebDriver instance is created
2026-06-10 21:20:26 [TestNG-test-OrangeHRmTest-1] INFO  ActionDriver - Applied the border with colorgreento elementElement with name;username
2026-06-10 21:20:26 [TestNG-test-OrangeHRmTest-1] INFO  ActionDriver - entered text on Element with name;username--> admin
2026-06-10 21:20:26 [TestNG-test-OrangeHRmTest-1] INFO  ActionDriver - Applied the border with colorgreento elementElement with name;password
2026-06-10 21:20:27 [TestNG-test-OrangeHRmTest-1] INFO  ActionDriver - entered text on Element with name;password--> admin123
2026-06-10 21:20:27 [TestNG-test-OrangeHRmTest-1] INFO  ActionDriver - Applied the border with colorgreento elementElement with text;Login
2026-06-10 21:20:31 [TestNG-test-OrangeHRmTest-1] INFO  ActionDriver - clicked an elment-->Element with text;Login
2026-06-10 21:20:32 [TestNG-test-OrangeHRmTest-1] INFO  ActionDriver - Applied the border with colorgreento elementUnable to describe the element
2026-06-10 21:20:33 [TestNG-test-OrangeHRmTest-1] INFO  ActionDriver - Element is displayed Unable to describe the element
2026-06-10 21:20:34 [TestNG-test-OrangeHRmTest-1] INFO  Baseclass - WebDriver instance is closed
2026-06-10 21:20:48 [TestNG-test-OrangeHRmTest-2] INFO  ActionDriver - WebDriver instance is created
2026-06-10 21:20:48 [TestNG-test-OrangeHRmTest-2] INFO  Baseclass - WebDriver initialized and browser maximized
2026-06-10 21:20:48 [TestNG-test-OrangeHRmTest-2] TRACE Baseclass - This is a TRACE message
2026-06-10 21:20:48 [TestNG-test-OrangeHRmTest-2] DEBUG Baseclass - This is a DEBUG message
2026-06-10 21:20:48 [TestNG-test-OrangeHRmTest-2] WARN  Baseclass - This is a WARN message
2026-06-10 21:20:51 [TestNG-test-OrangeHRmTest-2] INFO  ActionDriver - WebDriver instance is created
2026-06-10 21:20:53 [TestNG-test-OrangeHRmTest-2] INFO  ActionDriver - Applied the border with colorgreento elementElement with name;username
2026-06-10 21:20:53 [TestNG-test-OrangeHRmTest-2] INFO  ActionDriver - entered text on Element with name;username--> admin
2026-06-10 21:20:53 [TestNG-test-OrangeHRmTest-2] INFO  ActionDriver - Applied the border with colorgreento elementElement with name;password
2026-06-10 21:20:53 [TestNG-test-OrangeHRmTest-2] INFO  ActionDriver - entered text on Element with name;password--> admin123
2026-06-10 21:20:53 [TestNG-test-OrangeHRmTest-2] INFO  ActionDriver - Applied the border with colorgreento elementElement with text;Login
2026-06-10 21:20:54 [TestNG-test-OrangeHRmTest-2] INFO  ActionDriver - clicked an elment-->Element with text;Login
2026-06-10 21:20:57 [TestNG-test-OrangeHRmTest-2] INFO  ActionDriver - Applied the border with colorgreento elementElement with text;Admin
2026-06-10 21:20:57 [TestNG-test-OrangeHRmTest-2] INFO  ActionDriver - Element is displayed Element with text;Admin
2026-06-10 21:20:58 [TestNG-test-OrangeHRmTest-2] INFO  ActionDriver - Applied the border with colorgreento elementElement with text;manda user
2026-06-10 21:20:58 [TestNG-test-OrangeHRmTest-2] INFO  ActionDriver - clicked an elment-->Element with text;manda user
2026-06-10 21:20:58 [TestNG-test-OrangeHRmTest-2] INFO  ActionDriver - Applied the border with colorgreento elementUnable to describe the element
2026-06-11 10:13:51 [main] INFO  Baseclass - config.property file loaded
2026-06-11 10:13:52 [TestNG-test-OrangeHRmTest-1] INFO  Baseclass - Setting up WebDriver for: com.orangehrm.test.Dummyclass
2026-06-11 10:13:52 [TestNG-test-OrangeHRmTest-2] INFO  Baseclass - Setting up WebDriver for: com.orangehrm.test.Dummyclass2
2026-06-11 10:13:58 [TestNG-test-OrangeHRmTest-2] INFO  Baseclass - ChromeDriver instance created
2026-06-11 10:13:58 [TestNG-test-OrangeHRmTest-1] INFO  Baseclass - ChromeDriver instance created
2026-06-11 10:14:03 [TestNG-test-OrangeHRmTest-2] INFO  ActionDriver - WebDriver instance is created
2026-06-11 10:14:03 [TestNG-test-OrangeHRmTest-2] INFO  Baseclass - WebDriver initialized and browser maximized
2026-06-11 10:14:03 [TestNG-test-OrangeHRmTest-2] TRACE Baseclass - This is a TRACE message
2026-06-11 10:14:03 [TestNG-test-OrangeHRmTest-2] DEBUG Baseclass - This is a DEBUG message
2026-06-11 10:14:03 [TestNG-test-OrangeHRmTest-2] WARN  Baseclass - This is a WARN message
2026-06-11 10:14:07 [TestNG-test-OrangeHRmTest-1] INFO  ActionDriver - WebDriver instance is created
2026-06-11 10:14:07 [TestNG-test-OrangeHRmTest-1] INFO  Baseclass - WebDriver initialized and browser maximized
2026-06-11 10:14:07 [TestNG-test-OrangeHRmTest-1] TRACE Baseclass - This is a TRACE message
2026-06-11 10:14:07 [TestNG-test-OrangeHRmTest-1] DEBUG Baseclass - This is a DEBUG message
2026-06-11 10:14:07 [TestNG-test-OrangeHRmTest-1] WARN  Baseclass - This is a WARN message
2026-06-11 10:14:07 [TestNG-test-OrangeHRmTest-2] INFO  Baseclass - WebDriver instance is closed
2026-06-11 10:14:07 [TestNG-test-OrangeHRmTest-1] INFO  Baseclass - WebDriver instance is closed
2026-06-11 10:14:07 [TestNG-test-OrangeHRmTest-1] INFO  Baseclass - Setting up WebDriver for: com.orangehrm.test.HomePageTest
2026-06-11 10:14:09 [TestNG-test-OrangeHRmTest-1] INFO  Baseclass - ChromeDriver instance created
2026-06-11 10:14:15 [TestNG-test-OrangeHRmTest-1] INFO  ActionDriver - WebDriver instance is created
2026-06-11 10:14:15 [TestNG-test-OrangeHRmTest-1] INFO  Baseclass - WebDriver initialized and browser maximized
2026-06-11 10:14:15 [TestNG-test-OrangeHRmTest-1] TRACE Baseclass - This is a TRACE message
2026-06-11 10:14:15 [TestNG-test-OrangeHRmTest-1] DEBUG Baseclass - This is a DEBUG message
2026-06-11 10:14:15 [TestNG-test-OrangeHRmTest-1] WARN  Baseclass - This is a WARN message
2026-06-11 10:14:15 [TestNG-test-OrangeHRmTest-1] INFO  ActionDriver - WebDriver instance is created
2026-06-11 10:14:17 [TestNG-test-OrangeHRmTest-1] INFO  ActionDriver - Applied the border with colorgreento elementElement with name;username
2026-06-11 10:14:18 [TestNG-test-OrangeHRmTest-1] INFO  ActionDriver - entered text on Element with name;username--> admin
2026-06-11 10:14:18 [TestNG-test-OrangeHRmTest-1] INFO  ActionDriver - Applied the border with colorgreento elementElement with name;password
2026-06-11 10:14:18 [TestNG-test-OrangeHRmTest-1] INFO  ActionDriver - entered text on Element with name;password--> admin123
2026-06-11 10:14:19 [TestNG-test-OrangeHRmTest-1] INFO  ActionDriver - Applied the border with colorgreento elementElement with text;Login
2026-06-11 10:14:19 [TestNG-test-OrangeHRmTest-1] INFO  ActionDriver - clicked an elment-->Element with text;Login
2026-06-11 10:14:21 [TestNG-test-OrangeHRmTest-1] INFO  ActionDriver - Applied the border with colorgreento elementUnable to describe the element
2026-06-11 10:14:21 [TestNG-test-OrangeHRmTest-1] INFO  ActionDriver - Element is displayed Unable to describe the element
2026-06-11 10:14:23 [TestNG-test-OrangeHRmTest-1] INFO  Baseclass - WebDriver instance is closed
2026-06-11 10:20:22 [main] INFO  Baseclass - config.property file loaded
2026-06-11 10:20:22 [TestNG-test-OrangeHRmTest-1] INFO  Baseclass - Setting up WebDriver for: com.orangehrm.test.Dummyclass
2026-06-11 10:20:22 [TestNG-test-OrangeHRmTest-2] INFO  Baseclass - Setting up WebDriver for: com.orangehrm.test.Dummyclass2
2026-06-11 10:20:24 [TestNG-test-OrangeHRmTest-2] INFO  Baseclass - ChromeDriver instance created
2026-06-11 10:20:24 [TestNG-test-OrangeHRmTest-1] INFO  Baseclass - ChromeDriver instance created
2026-06-11 10:20:32 [TestNG-test-OrangeHRmTest-2] INFO  ActionDriver - WebDriver instance is created
2026-06-11 10:20:32 [TestNG-test-OrangeHRmTest-2] INFO  Baseclass - WebDriver initialized and browser maximized
2026-06-11 10:20:32 [TestNG-test-OrangeHRmTest-2] TRACE Baseclass - This is a TRACE message
2026-06-11 10:20:32 [TestNG-test-OrangeHRmTest-2] DEBUG Baseclass - This is a DEBUG message
2026-06-11 10:20:32 [TestNG-test-OrangeHRmTest-2] WARN  Baseclass - This is a WARN message
2026-06-11 10:20:32 [TestNG-test-OrangeHRmTest-2] INFO  Baseclass - WebDriver instance is closed
2026-06-11 10:21:35 [TestNG-test-OrangeHRmTest-1] INFO  ActionDriver - WebDriver instance is created
2026-06-11 10:21:35 [TestNG-test-OrangeHRmTest-1] INFO  Baseclass - WebDriver initialized and browser maximized
2026-06-11 10:21:35 [TestNG-test-OrangeHRmTest-1] TRACE Baseclass - This is a TRACE message
2026-06-11 10:21:35 [TestNG-test-OrangeHRmTest-1] DEBUG Baseclass - This is a DEBUG message
2026-06-11 10:21:35 [TestNG-test-OrangeHRmTest-1] WARN  Baseclass - This is a WARN message
2026-06-11 10:21:37 [TestNG-test-OrangeHRmTest-1] INFO  Baseclass - WebDriver instance is closed
2026-06-11 10:22:32 [main] INFO  Baseclass - config.property file loaded
2026-06-11 10:22:32 [TestNG-test-OrangeHRmTest-2] INFO  Baseclass - Setting up WebDriver for: com.orangehrm.test.Dummyclass2
2026-06-11 10:22:32 [TestNG-test-OrangeHRmTest-1] INFO  Baseclass - Setting up WebDriver for: com.orangehrm.test.Dummyclass
2026-06-11 10:22:35 [TestNG-test-OrangeHRmTest-2] INFO  Baseclass - ChromeDriver instance created
2026-06-11 10:22:35 [TestNG-test-OrangeHRmTest-1] INFO  Baseclass - ChromeDriver instance created
2026-06-11 10:22:42 [TestNG-test-OrangeHRmTest-1] INFO  ActionDriver - WebDriver instance is created
2026-06-11 10:22:42 [TestNG-test-OrangeHRmTest-1] INFO  Baseclass - WebDriver initialized and browser maximized
2026-06-11 10:22:42 [TestNG-test-OrangeHRmTest-1] TRACE Baseclass - This is a TRACE message
2026-06-11 10:22:42 [TestNG-test-OrangeHRmTest-1] DEBUG Baseclass - This is a DEBUG message
2026-06-11 10:22:42 [TestNG-test-OrangeHRmTest-1] WARN  Baseclass - This is a WARN message
2026-06-11 10:22:42 [TestNG-test-OrangeHRmTest-1] INFO  Baseclass - WebDriver instance is closed
2026-06-11 10:22:43 [TestNG-test-OrangeHRmTest-2] INFO  ActionDriver - WebDriver instance is created
2026-06-11 10:22:43 [TestNG-test-OrangeHRmTest-2] INFO  Baseclass - WebDriver initialized and browser maximized
2026-06-11 10:22:43 [TestNG-test-OrangeHRmTest-2] TRACE Baseclass - This is a TRACE message
2026-06-11 10:22:43 [TestNG-test-OrangeHRmTest-2] DEBUG Baseclass - This is a DEBUG message
2026-06-11 10:22:43 [TestNG-test-OrangeHRmTest-2] WARN  Baseclass - This is a WARN message
2026-06-11 10:22:43 [TestNG-test-OrangeHRmTest-2] INFO  Baseclass - WebDriver instance is closed
2026-06-11 10:34:30 [main] INFO  Baseclass - config.property file loaded
2026-06-11 10:34:30 [TestNG-test-OrangeHRmTest-1] INFO  Baseclass - Setting up WebDriver for: com.orangehrm.test.Dummyclass
2026-06-11 10:34:30 [TestNG-test-OrangeHRmTest-2] INFO  Baseclass - Setting up WebDriver for: com.orangehrm.test.Dummyclass2
2026-06-11 10:34:33 [TestNG-test-OrangeHRmTest-1] INFO  Baseclass - ChromeDriver instance created
2026-06-11 10:34:33 [TestNG-test-OrangeHRmTest-2] INFO  Baseclass - ChromeDriver instance created
2026-06-11 10:34:39 [TestNG-test-OrangeHRmTest-1] INFO  ActionDriver - WebDriver instance is created
2026-06-11 10:34:39 [TestNG-test-OrangeHRmTest-1] INFO  Baseclass - WebDriver initialized and browser maximized
2026-06-11 10:34:39 [TestNG-test-OrangeHRmTest-1] TRACE Baseclass - This is a TRACE message
2026-06-11 10:34:39 [TestNG-test-OrangeHRmTest-1] DEBUG Baseclass - This is a DEBUG message
2026-06-11 10:34:39 [TestNG-test-OrangeHRmTest-1] WARN  Baseclass - This is a WARN message
2026-06-11 10:34:43 [TestNG-test-OrangeHRmTest-1] INFO  Baseclass - WebDriver instance is closed
2026-06-11 10:34:46 [TestNG-test-OrangeHRmTest-2] INFO  ActionDriver - WebDriver instance is created
2026-06-11 10:34:46 [TestNG-test-OrangeHRmTest-2] INFO  Baseclass - WebDriver initialized and browser maximized
2026-06-11 10:34:46 [TestNG-test-OrangeHRmTest-2] TRACE Baseclass - This is a TRACE message
2026-06-11 10:34:46 [TestNG-test-OrangeHRmTest-2] DEBUG Baseclass - This is a DEBUG message
2026-06-11 10:34:46 [TestNG-test-OrangeHRmTest-2] WARN  Baseclass - This is a WARN message
2026-06-11 10:34:47 [TestNG-test-OrangeHRmTest-2] INFO  Baseclass - WebDriver instance is closed
2026-06-11 10:37:40 [main] INFO  Baseclass - config.property file loaded
2026-06-11 10:37:40 [TestNG-test-OrangeHRmTest-1] INFO  Baseclass - Setting up WebDriver for: com.orangehrm.test.Dummyclass
2026-06-11 10:37:40 [TestNG-test-OrangeHRmTest-2] INFO  Baseclass - Setting up WebDriver for: com.orangehrm.test.Dummyclass2
2026-06-11 10:37:43 [TestNG-test-OrangeHRmTest-1] INFO  Baseclass - ChromeDriver instance created
2026-06-11 10:37:43 [TestNG-test-OrangeHRmTest-2] INFO  Baseclass - ChromeDriver instance created
2026-06-11 10:37:53 [TestNG-test-OrangeHRmTest-1] INFO  ActionDriver - WebDriver instance is created
2026-06-11 10:37:53 [TestNG-test-OrangeHRmTest-1] INFO  Baseclass - WebDriver initialized and browser maximized
2026-06-11 10:37:53 [TestNG-test-OrangeHRmTest-1] TRACE Baseclass - This is a TRACE message
2026-06-11 10:37:53 [TestNG-test-OrangeHRmTest-1] DEBUG Baseclass - This is a DEBUG message
2026-06-11 10:37:53 [TestNG-test-OrangeHRmTest-1] WARN  Baseclass - This is a WARN message
2026-06-11 10:37:53 [TestNG-test-OrangeHRmTest-2] INFO  ActionDriver - WebDriver instance is created
2026-06-11 10:37:53 [TestNG-test-OrangeHRmTest-2] INFO  Baseclass - WebDriver initialized and browser maximized
2026-06-11 10:37:53 [TestNG-test-OrangeHRmTest-2] TRACE Baseclass - This is a TRACE message
2026-06-11 10:37:53 [TestNG-test-OrangeHRmTest-2] DEBUG Baseclass - This is a DEBUG message
2026-06-11 10:37:53 [TestNG-test-OrangeHRmTest-2] WARN  Baseclass - This is a WARN message
2026-06-11 10:37:53 [TestNG-test-OrangeHRmTest-1] INFO  Baseclass - WebDriver instance is closed
2026-06-11 10:37:53 [TestNG-test-OrangeHRmTest-2] INFO  Baseclass - WebDriver instance is closed
2026-06-11 10:40:25 [main] INFO  Baseclass - config.property file loaded
2026-06-11 10:40:25 [TestNG-test-OrangeHRmTest-2] INFO  Baseclass - Setting up WebDriver for: com.orangehrm.test.Dummyclass2
2026-06-11 10:40:25 [TestNG-test-OrangeHRmTest-1] INFO  Baseclass - Setting up WebDriver for: com.orangehrm.test.Dummyclass
2026-06-11 10:40:28 [TestNG-test-OrangeHRmTest-2] INFO  Baseclass - ChromeDriver instance created
2026-06-11 10:40:28 [TestNG-test-OrangeHRmTest-1] INFO  Baseclass - ChromeDriver instance created
2026-06-11 10:40:36 [TestNG-test-OrangeHRmTest-2] INFO  ActionDriver - WebDriver instance is created
2026-06-11 10:40:36 [TestNG-test-OrangeHRmTest-2] INFO  Baseclass - WebDriver initialized and browser maximized
2026-06-11 10:40:36 [TestNG-test-OrangeHRmTest-2] TRACE Baseclass - This is a TRACE message
2026-06-11 10:40:36 [TestNG-test-OrangeHRmTest-2] DEBUG Baseclass - This is a DEBUG message
2026-06-11 10:40:36 [TestNG-test-OrangeHRmTest-2] WARN  Baseclass - This is a WARN message
2026-06-11 10:40:36 [TestNG-test-OrangeHRmTest-1] INFO  ActionDriver - WebDriver instance is created
2026-06-11 10:40:36 [TestNG-test-OrangeHRmTest-1] INFO  Baseclass - WebDriver initialized and browser maximized
2026-06-11 10:40:36 [TestNG-test-OrangeHRmTest-1] TRACE Baseclass - This is a TRACE message
2026-06-11 10:40:36 [TestNG-test-OrangeHRmTest-1] DEBUG Baseclass - This is a DEBUG message
2026-06-11 10:40:36 [TestNG-test-OrangeHRmTest-1] WARN  Baseclass - This is a WARN message
2026-06-11 10:40:36 [TestNG-test-OrangeHRmTest-2] INFO  Baseclass - WebDriver instance is closed
2026-06-11 10:40:36 [TestNG-test-OrangeHRmTest-1] INFO  Baseclass - WebDriver instance is closed
2026-06-11 10:44:54 [main] INFO  Baseclass - config.property file loaded
2026-06-11 10:44:54 [TestNG-test-OrangeHRmTest-2] INFO  Baseclass - Setting up WebDriver for: com.orangehrm.test.Dummyclass2
2026-06-11 10:44:54 [TestNG-test-OrangeHRmTest-1] INFO  Baseclass - Setting up WebDriver for: com.orangehrm.test.Dummyclass
2026-06-11 10:44:57 [TestNG-test-OrangeHRmTest-1] INFO  Baseclass - ChromeDriver instance created
2026-06-11 10:44:57 [TestNG-test-OrangeHRmTest-2] INFO  Baseclass - ChromeDriver instance created
2026-06-11 10:45:04 [TestNG-test-OrangeHRmTest-1] INFO  ActionDriver - WebDriver instance is created
2026-06-11 10:45:04 [TestNG-test-OrangeHRmTest-1] INFO  Baseclass - WebDriver initialized and browser maximized
2026-06-11 10:45:04 [TestNG-test-OrangeHRmTest-1] TRACE Baseclass - This is a TRACE message
2026-06-11 10:45:04 [TestNG-test-OrangeHRmTest-1] DEBUG Baseclass - This is a DEBUG message
2026-06-11 10:45:04 [TestNG-test-OrangeHRmTest-1] WARN  Baseclass - This is a WARN message
2026-06-11 10:45:04 [TestNG-test-OrangeHRmTest-1] INFO  Baseclass - WebDriver instance is closed
2026-06-11 10:45:04 [TestNG-test-OrangeHRmTest-2] INFO  ActionDriver - WebDriver instance is created
2026-06-11 10:45:04 [TestNG-test-OrangeHRmTest-2] INFO  Baseclass - WebDriver initialized and browser maximized
2026-06-11 10:45:04 [TestNG-test-OrangeHRmTest-2] TRACE Baseclass - This is a TRACE message
2026-06-11 10:45:04 [TestNG-test-OrangeHRmTest-2] DEBUG Baseclass - This is a DEBUG message
2026-06-11 10:45:04 [TestNG-test-OrangeHRmTest-2] WARN  Baseclass - This is a WARN message
2026-06-11 10:45:05 [TestNG-test-OrangeHRmTest-2] INFO  Baseclass - WebDriver instance is closed
2026-06-11 10:51:17 [main] INFO  Baseclass - config.property file loaded
2026-06-11 10:51:18 [TestNG-test-OrangeHRmTest-1] INFO  Baseclass - Setting up WebDriver for: com.orangehrm.test.Dummyclass
2026-06-11 10:51:18 [TestNG-test-OrangeHRmTest-2] INFO  Baseclass - Setting up WebDriver for: com.orangehrm.test.Dummyclass2
2026-06-11 10:51:21 [TestNG-test-OrangeHRmTest-2] INFO  Baseclass - ChromeDriver instance created
2026-06-11 10:51:21 [TestNG-test-OrangeHRmTest-1] INFO  Baseclass - ChromeDriver instance created
2026-06-11 10:51:27 [TestNG-test-OrangeHRmTest-1] INFO  ActionDriver - WebDriver instance is created
2026-06-11 10:51:27 [TestNG-test-OrangeHRmTest-1] INFO  Baseclass - WebDriver initialized and browser maximized
2026-06-11 10:51:27 [TestNG-test-OrangeHRmTest-1] TRACE Baseclass - This is a TRACE message
2026-06-11 10:51:27 [TestNG-test-OrangeHRmTest-1] DEBUG Baseclass - This is a DEBUG message
2026-06-11 10:51:27 [TestNG-test-OrangeHRmTest-1] WARN  Baseclass - This is a WARN message
2026-06-11 10:51:27 [TestNG-test-OrangeHRmTest-1] INFO  Baseclass - WebDriver instance is closed
2026-06-11 10:52:45 [TestNG-test-OrangeHRmTest-2] INFO  ActionDriver - WebDriver instance is created
2026-06-11 10:52:45 [TestNG-test-OrangeHRmTest-2] INFO  Baseclass - WebDriver initialized and browser maximized
2026-06-11 10:52:45 [TestNG-test-OrangeHRmTest-2] TRACE Baseclass - This is a TRACE message
2026-06-11 10:52:45 [TestNG-test-OrangeHRmTest-2] DEBUG Baseclass - This is a DEBUG message
2026-06-11 10:52:45 [TestNG-test-OrangeHRmTest-2] WARN  Baseclass - This is a WARN message
2026-06-11 10:52:45 [TestNG-test-OrangeHRmTest-2] INFO  Baseclass - WebDriver instance is closed
2026-06-11 10:55:57 [main] INFO  Baseclass - config.property file loaded
2026-06-11 10:55:57 [TestNG-test-OrangeHRmTest-1] INFO  Baseclass - Setting up WebDriver for: com.orangehrm.test.Dummyclass
2026-06-11 10:55:57 [TestNG-test-OrangeHRmTest-2] INFO  Baseclass - Setting up WebDriver for: com.orangehrm.test.Dummyclass2
2026-06-11 10:56:00 [TestNG-test-OrangeHRmTest-2] INFO  Baseclass - ChromeDriver instance created
2026-06-11 10:56:00 [TestNG-test-OrangeHRmTest-1] INFO  Baseclass - ChromeDriver instance created
2026-06-11 10:56:40 [TestNG-test-OrangeHRmTest-2] INFO  ActionDriver - WebDriver instance is created
2026-06-11 10:56:40 [TestNG-test-OrangeHRmTest-2] INFO  Baseclass - WebDriver initialized and browser maximized
2026-06-11 10:56:40 [TestNG-test-OrangeHRmTest-2] TRACE Baseclass - This is a TRACE message
2026-06-11 10:56:40 [TestNG-test-OrangeHRmTest-2] DEBUG Baseclass - This is a DEBUG message
2026-06-11 10:56:40 [TestNG-test-OrangeHRmTest-2] WARN  Baseclass - This is a WARN message
2026-06-11 10:56:40 [TestNG-test-OrangeHRmTest-2] INFO  Baseclass - WebDriver instance is closed
2026-06-11 10:57:03 [TestNG-test-OrangeHRmTest-1] INFO  ActionDriver - WebDriver instance is created
2026-06-11 10:57:03 [TestNG-test-OrangeHRmTest-1] INFO  Baseclass - WebDriver initialized and browser maximized
2026-06-11 10:57:03 [TestNG-test-OrangeHRmTest-1] TRACE Baseclass - This is a TRACE message
2026-06-11 10:57:03 [TestNG-test-OrangeHRmTest-1] DEBUG Baseclass - This is a DEBUG message
2026-06-11 10:57:03 [TestNG-test-OrangeHRmTest-1] WARN  Baseclass - This is a WARN message
2026-06-11 10:57:03 [TestNG-test-OrangeHRmTest-1] INFO  Baseclass - WebDriver instance is closed
2026-06-11 10:59:07 [main] INFO  Baseclass - config.property file loaded
2026-06-11 10:59:07 [TestNG-test-OrangeHRmTest-2] INFO  Baseclass - Setting up WebDriver for: com.orangehrm.test.Dummyclass2
2026-06-11 10:59:07 [TestNG-test-OrangeHRmTest-1] INFO  Baseclass - Setting up WebDriver for: com.orangehrm.test.Dummyclass
2026-06-11 10:59:10 [TestNG-test-OrangeHRmTest-1] INFO  Baseclass - ChromeDriver instance created
2026-06-11 10:59:10 [TestNG-test-OrangeHRmTest-2] INFO  Baseclass - ChromeDriver instance created
2026-06-11 10:59:30 [TestNG-test-OrangeHRmTest-1] INFO  ActionDriver - WebDriver instance is created
2026-06-11 10:59:30 [TestNG-test-OrangeHRmTest-1] INFO  Baseclass - WebDriver initialized and browser maximized
2026-06-11 10:59:30 [TestNG-test-OrangeHRmTest-1] TRACE Baseclass - This is a TRACE message
2026-06-11 10:59:30 [TestNG-test-OrangeHRmTest-1] DEBUG Baseclass - This is a DEBUG message
2026-06-11 10:59:30 [TestNG-test-OrangeHRmTest-1] WARN  Baseclass - This is a WARN message
2026-06-11 10:59:32 [TestNG-test-OrangeHRmTest-2] INFO  ActionDriver - WebDriver instance is created
2026-06-11 10:59:32 [TestNG-test-OrangeHRmTest-2] INFO  Baseclass - WebDriver initialized and browser maximized
2026-06-11 10:59:32 [TestNG-test-OrangeHRmTest-2] TRACE Baseclass - This is a TRACE message
2026-06-11 10:59:32 [TestNG-test-OrangeHRmTest-2] DEBUG Baseclass - This is a DEBUG message
2026-06-11 10:59:32 [TestNG-test-OrangeHRmTest-2] WARN  Baseclass - This is a WARN message
2026-06-11 10:59:45 [TestNG-test-OrangeHRmTest-2] INFO  Baseclass - WebDriver instance is closed
2026-06-11 10:59:51 [TestNG-test-OrangeHRmTest-1] INFO  Baseclass - WebDriver instance is closed
2026-06-11 11:08:05 [main] INFO  Baseclass - config.property file loaded
2026-06-11 11:08:06 [TestNG-test-OrangeHRmTest-2] INFO  Baseclass - Setting up WebDriver for: com.orangehrm.test.Dummyclass2
2026-06-11 11:08:06 [TestNG-test-OrangeHRmTest-1] INFO  Baseclass - Setting up WebDriver for: com.orangehrm.test.Dummyclass
2026-06-11 11:25:51 [main] INFO  Baseclass - config.property file loaded
2026-06-11 11:25:52 [TestNG-test-OrangeHRmTest-1] INFO  Baseclass - Setting up WebDriver for: com.orangehrm.test.Dummyclass
2026-06-11 11:25:52 [TestNG-test-OrangeHRmTest-2] INFO  Baseclass - Setting up WebDriver for: com.orangehrm.test.Dummyclass2
2026-06-11 11:25:57 [TestNG-test-OrangeHRmTest-1] INFO  Baseclass - ChromeDriver created
2026-06-11 11:26:29 [TestNG-test-OrangeHRmTest-2] INFO  Baseclass - ChromeDriver created
2026-06-11 11:27:51 [main] INFO  Baseclass - config.property file loaded
2026-06-11 11:27:52 [TestNG-test-OrangeHRmTest-1] INFO  Baseclass - Setting up WebDriver for: com.orangehrm.test.Dummyclass
2026-06-11 11:27:52 [TestNG-test-OrangeHRmTest-2] INFO  Baseclass - Setting up WebDriver for: com.orangehrm.test.Dummyclass2
2026-06-11 11:27:55 [TestNG-test-OrangeHRmTest-2] INFO  Baseclass - ChromeDriver created
2026-06-11 11:27:55 [TestNG-test-OrangeHRmTest-1] INFO  Baseclass - ChromeDriver created
2026-06-11 11:37:21 [main] INFO  Baseclass - config.property file loaded
2026-06-11 11:37:21 [main] INFO  Baseclass - Setting up WebDriver for: com.orangehrm.test.Dummyclass
2026-06-11 11:37:24 [main] INFO  Baseclass - ChromeDriver created
2026-06-11 11:37:27 [main] INFO  Baseclass - Setting up WebDriver for: com.orangehrm.test.Dummyclass2
2026-06-11 11:37:28 [main] INFO  Baseclass - ChromeDriver created
2026-06-11 11:43:28 [main] INFO  Baseclass - config.property file loaded
2026-06-11 11:43:29 [main] INFO  Baseclass - Setting up WebDriver for: com.orangehrm.test.Dummyclass
2026-06-11 11:43:32 [main] INFO  Baseclass - ChromeDriver created
2026-06-11 11:43:34 [main] INFO  Baseclass - Setting up WebDriver for: com.orangehrm.test.Dummyclass2
2026-06-11 11:43:35 [main] INFO  Baseclass - ChromeDriver created
2026-06-11 11:52:38 [main] INFO  Baseclass - config.property file loaded
2026-06-11 11:52:39 [main] INFO  Baseclass - Setting up WebDriver for: com.orangehrm.test.Dummyclass
2026-06-11 11:52:42 [main] INFO  Baseclass - ChromeDriver created
2026-06-11 11:52:52 [main] INFO  ActionDriver - WebDriver instance is created
2026-06-11 11:52:52 [main] INFO  Baseclass - WebDriver initialized successfully
2026-06-11 11:52:53 [main] INFO  Baseclass - WebDriver closed successfully
2026-06-11 11:52:53 [main] INFO  Baseclass - Setting up WebDriver for: com.orangehrm.test.Dummyclass2
2026-06-11 11:52:54 [main] INFO  Baseclass - ChromeDriver created
2026-06-11 11:52:58 [main] INFO  ActionDriver - WebDriver instance is created
2026-06-11 11:52:58 [main] INFO  Baseclass - WebDriver initialized successfully
2026-06-11 11:53:01 [main] INFO  Baseclass - WebDriver closed successfully
2026-06-11 11:57:33 [main] INFO  Baseclass - config.property file loaded
2026-06-11 11:57:33 [main] INFO  Baseclass - Setting up WebDriver for: com.orangehrm.test.Dummyclass
2026-06-11 11:57:35 [main] INFO  Baseclass - ChromeDriver created
2026-06-11 11:57:39 [main] INFO  ActionDriver - WebDriver instance is created
2026-06-11 11:57:39 [main] INFO  Baseclass - WebDriver initialized successfully
2026-06-11 11:57:43 [main] INFO  Baseclass - WebDriver closed successfully
2026-06-11 11:57:43 [main] INFO  Baseclass - Setting up WebDriver for: com.orangehrm.test.Dummyclass2
2026-06-11 11:57:44 [main] INFO  Baseclass - ChromeDriver created
2026-06-11 11:57:49 [main] INFO  ActionDriver - WebDriver instance is created
2026-06-11 11:57:49 [main] INFO  Baseclass - WebDriver initialized successfully
2026-06-11 11:57:50 [main] INFO  Baseclass - WebDriver closed successfully
2026-06-11 12:03:17 [main] INFO  Baseclass - config.property file loaded
2026-06-11 12:03:18 [main] INFO  Baseclass - Setting up WebDriver for: com.orangehrm.test.Dummyclass
2026-06-11 12:03:20 [main] INFO  Baseclass - ChromeDriver created
2026-06-11 12:03:25 [main] INFO  ActionDriver - WebDriver instance is created
2026-06-11 12:03:25 [main] INFO  Baseclass - WebDriver initialized successfully
2026-06-11 12:03:25 [main] INFO  Baseclass - WebDriver closed successfully
2026-06-11 12:03:25 [main] INFO  Baseclass - Setting up WebDriver for: com.orangehrm.test.Dummyclass2
2026-06-11 12:03:26 [main] INFO  Baseclass - ChromeDriver created
2026-06-11 12:04:48 [main] INFO  ActionDriver - WebDriver instance is created
2026-06-11 12:04:48 [main] INFO  Baseclass - WebDriver initialized successfully
2026-06-11 12:04:50 [main] INFO  Baseclass - WebDriver closed successfully
2026-06-11 12:55:28 [main] INFO  Baseclass - config.property file loaded
2026-06-11 12:55:28 [main] INFO  Baseclass - Setting up WebDriver for: com.orangehrm.test.Dummyclass
2026-06-11 12:55:34 [main] INFO  Baseclass - ChromeDriver created
2026-06-11 12:55:45 [main] INFO  ActionDriver - WebDriver instance is created
2026-06-11 12:55:45 [main] INFO  Baseclass - WebDriver initialized successfully
2026-06-11 12:55:51 [main] INFO  Baseclass - WebDriver closed successfully
2026-06-11 12:55:52 [main] INFO  Baseclass - Setting up WebDriver for: com.orangehrm.test.Dummyclass2
2026-06-11 12:55:53 [main] INFO  Baseclass - ChromeDriver created
2026-06-11 12:56:09 [main] INFO  ActionDriver - WebDriver instance is created
2026-06-11 12:56:09 [main] INFO  Baseclass - WebDriver initialized successfully
2026-06-11 12:56:10 [main] INFO  Baseclass - WebDriver closed successfully
2026-06-11 13:07:06 [main] INFO  Baseclass - config.property file loaded
2026-06-11 13:07:06 [main] INFO  Baseclass - Setting up WebDriver for: com.orangehrm.test.Dummyclass
2026-06-11 13:07:08 [main] INFO  Baseclass - ChromeDriver created
2026-06-11 13:07:32 [main] INFO  ActionDriver - WebDriver instance is created
2026-06-11 13:07:32 [main] INFO  Baseclass - WebDriver initialized successfully
2026-06-11 13:07:32 [main] INFO  Baseclass - WebDriver closed successfully
2026-06-11 13:07:32 [main] INFO  Baseclass - Setting up WebDriver for: com.orangehrm.test.Dummyclass2
2026-06-11 13:07:33 [main] INFO  Baseclass - ChromeDriver created
2026-06-11 13:07:38 [main] INFO  ActionDriver - WebDriver instance is created
2026-06-11 13:07:38 [main] INFO  Baseclass - WebDriver initialized successfully
2026-06-11 13:07:39 [main] INFO  Baseclass - WebDriver closed successfully
2026-06-11 13:09:38 [main] INFO  Baseclass - config.property file loaded
2026-06-11 13:09:38 [main] INFO  Baseclass - Setting up WebDriver for: com.orangehrm.test.Dummyclass
2026-06-11 13:09:40 [main] INFO  Baseclass - ChromeDriver created
2026-06-11 13:09:43 [main] INFO  ActionDriver - WebDriver instance is created
2026-06-11 13:09:43 [main] INFO  Baseclass - WebDriver initialized successfully
2026-06-11 13:11:32 [main] INFO  Baseclass - WebDriver closed successfully
2026-06-11 13:11:32 [main] INFO  Baseclass - Setting up WebDriver for: com.orangehrm.test.Dummyclass2
2026-06-11 13:11:33 [main] INFO  Baseclass - ChromeDriver created
2026-06-11 13:11:38 [main] INFO  ActionDriver - WebDriver instance is created
2026-06-11 13:11:38 [main] INFO  Baseclass - WebDriver initialized successfully
2026-06-11 13:11:38 [main] INFO  Baseclass - WebDriver closed successfully
2026-06-11 13:22:25 [main] INFO  Baseclass - config.property file loaded
2026-06-11 13:22:25 [main] INFO  Baseclass - Setting up WebDriver for: com.orangehrm.test.Dummyclass
2026-06-11 13:22:27 [main] INFO  Baseclass - ChromeDriver created
2026-06-11 13:22:33 [main] INFO  ActionDriver - WebDriver instance is created
2026-06-11 13:22:33 [main] INFO  Baseclass - WebDriver initialized successfully
2026-06-11 13:22:33 [main] INFO  Baseclass - WebDriver closed successfully
2026-06-11 13:22:33 [main] INFO  Baseclass - Setting up WebDriver for: com.orangehrm.test.Dummyclass2
2026-06-11 13:22:35 [main] INFO  Baseclass - ChromeDriver created
2026-06-11 13:23:16 [main] INFO  ActionDriver - WebDriver instance is created
2026-06-11 13:23:16 [main] INFO  Baseclass - WebDriver initialized successfully
2026-06-11 13:23:18 [main] INFO  Baseclass - WebDriver closed successfully
2026-06-11 13:46:18 [main] INFO  Baseclass - config.property file loaded
2026-06-11 13:46:18 [main] INFO  Baseclass - Setting up WebDriver for: com.orangehrm.test.Dummyclass
2026-06-11 13:46:20 [main] INFO  Baseclass - ChromeDriver created
2026-06-11 13:46:26 [main] INFO  ActionDriver - WebDriver instance is created
2026-06-11 13:46:26 [main] INFO  Baseclass - WebDriver initialized successfully
2026-06-11 13:46:27 [main] INFO  Baseclass - WebDriver closed successfully
2026-06-11 13:46:27 [main] INFO  Baseclass - Setting up WebDriver for: com.orangehrm.test.Dummyclass2
2026-06-11 13:46:28 [main] INFO  Baseclass - ChromeDriver created
2026-06-11 13:46:29 [main] INFO  ActionDriver - WebDriver instance is created
2026-06-11 13:46:29 [main] INFO  Baseclass - WebDriver initialized successfully
2026-06-11 13:46:33 [main] INFO  Baseclass - WebDriver closed successfully
2026-06-11 13:49:07 [main] INFO  Baseclass - config.property file loaded
2026-06-11 13:49:08 [main] INFO  Baseclass - Setting up WebDriver for: com.orangehrm.test.Dummyclass
2026-06-11 13:49:09 [main] INFO  Baseclass - ChromeDriver created
2026-06-11 13:49:11 [main] INFO  ActionDriver - WebDriver instance is created
2026-06-11 13:49:11 [main] INFO  Baseclass - WebDriver initialized successfully
2026-06-11 13:49:56 [main] INFO  Baseclass - WebDriver closed successfully
2026-06-11 13:49:56 [main] INFO  Baseclass - Setting up WebDriver for: com.orangehrm.test.Dummyclass2
2026-06-11 13:49:58 [main] INFO  Baseclass - ChromeDriver created
2026-06-11 13:50:14 [main] INFO  ActionDriver - WebDriver instance is created
2026-06-11 13:50:14 [main] INFO  Baseclass - WebDriver initialized successfully
2026-06-11 13:50:16 [main] INFO  Baseclass - WebDriver closed successfully
2026-06-11 13:56:08 [main] INFO  Baseclass - config.property file loaded
2026-06-11 13:56:08 [main] INFO  Baseclass - Setting up WebDriver for: com.orangehrm.test.Dummyclass
2026-06-11 13:56:13 [main] INFO  Baseclass - ChromeDriver created
2026-06-11 13:56:18 [main] INFO  ActionDriver - WebDriver instance is created
2026-06-11 13:56:18 [main] INFO  Baseclass - WebDriver initialized successfully
2026-06-11 13:56:18 [main] INFO  Baseclass - WebDriver closed successfully
2026-06-11 13:56:18 [main] INFO  Baseclass - Setting up WebDriver for: com.orangehrm.test.Dummyclass2
2026-06-11 13:56:20 [main] INFO  Baseclass - ChromeDriver created
2026-06-11 13:58:54 [main] INFO  ActionDriver - WebDriver instance is created
2026-06-11 13:58:54 [main] INFO  Baseclass - WebDriver initialized successfully
2026-06-11 13:58:55 [main] INFO  Baseclass - WebDriver closed successfully
2026-06-11 13:58:56 [main] INFO  Baseclass - Setting up WebDriver for: com.orangehrm.test.LoginPageTest
2026-06-11 13:58:57 [main] INFO  Baseclass - ChromeDriver created
2026-06-11 13:59:04 [main] INFO  ActionDriver - WebDriver instance is created
2026-06-11 13:59:04 [main] INFO  Baseclass - WebDriver initialized successfully
2026-06-11 13:59:07 [main] INFO  ActionDriver - WebDriver instance is created
2026-06-11 13:59:07 [main] INFO  ActionDriver - WebDriver instance is created
2026-06-11 13:59:09 [main] INFO  ActionDriver - Entered text: wronguser in Name: username
2026-06-11 13:59:09 [main] INFO  ActionDriver - Entered text: wrongpassword in Name: password
2026-06-11 13:59:09 [main] INFO  ActionDriver - Clicked element -> Text: Login
2026-06-11 13:59:18 [main] INFO  Baseclass - WebDriver closed successfully
2026-06-11 13:59:18 [main] INFO  Baseclass - Setting up WebDriver for: com.orangehrm.test.LoginPageTest
2026-06-11 13:59:19 [main] INFO  Baseclass - ChromeDriver created
2026-06-11 13:59:26 [main] INFO  ActionDriver - WebDriver instance is created
2026-06-11 13:59:26 [main] INFO  Baseclass - WebDriver initialized successfully
2026-06-11 13:59:29 [main] INFO  ActionDriver - WebDriver instance is created
2026-06-11 13:59:31 [main] INFO  ActionDriver - Entered text: admin in Name: username
2026-06-11 13:59:31 [main] INFO  ActionDriver - Entered text: admin123 in Name: password
2026-06-11 13:59:32 [main] INFO  ActionDriver - Clicked element -> Text: Login
2026-06-11 13:59:34 [main] INFO  ActionDriver - Clicked element -> Text: manda user
2026-06-11 13:59:36 [main] INFO  ActionDriver - Clicked element -> Text: Logout
2026-06-11 13:59:38 [main] INFO  Baseclass - WebDriver closed successfully
2026-06-11 13:59:38 [main] INFO  Baseclass - Setting up WebDriver for: com.orangehrm.test.HomePageTest
2026-06-11 13:59:40 [main] INFO  Baseclass - ChromeDriver created
2026-06-11 13:59:41 [main] INFO  ActionDriver - WebDriver instance is created
2026-06-11 13:59:41 [main] INFO  Baseclass - WebDriver initialized successfully
2026-06-11 13:59:41 [main] INFO  ActionDriver - WebDriver instance is created
2026-06-11 14:01:09 [main] WARN  ActionDriver - Border failed: no such window: target window already closed
from unknown error: web view not found
  (Session info: chrome=149.0.7827.55)
Build info: version: '4.44.0', revision: 'da2039b'
System info: os.name: 'Windows 11', os.arch: 'amd64', os.version: '10.0', java.version: '21.0.10'
Driver info: org.openqa.selenium.chrome.ChromeDriver
Command: [3ce2f5e6db9cd51288d530c0935d3d2a, findElement {value=//input[@placeholder='Username'], using=xpath}]
Capabilities {acceptInsecureCerts: false, browserName: chrome, browserVersion: 149.0.7827.55, chrome: {chromedriverVersion: 149.0.7827.55 (3188f8a607ae..., userDataDir: C:\Users\DEVIKA~1\AppData\L...}, fedcm:accounts: true, goog:chromeOptions: {debuggerAddress: localhost:64379}, goog:processID: 18640, networkConnectionEnabled: false, pageLoadStrategy: normal, platformName: windows, proxy: Proxy(), se:cdp: ws://localhost:64379/devtoo..., se:cdpVersion: 149.0.7827.55, setWindowRect: true, strictFileInteractability: false, timeouts: {implicit: 0, pageLoad: 300000, script: 30000}, unhandledPromptBehavior: dismiss and notify, webauthn:extension:credBlob: true, webauthn:extension:largeBlob: true, webauthn:extension:minPinLength: true, webauthn:extension:prf: true, webauthn:virtualAuthenticators: true}
Session ID: 3ce2f5e6db9cd51288d530c0935d3d2a
2026-06-11 14:01:19 [main] WARN  ActionDriver - Border failed: no such window: target window already closed
from unknown error: web view not found
  (Session info: chrome=149.0.7827.55)
Build info: version: '4.44.0', revision: 'da2039b'
System info: os.name: 'Windows 11', os.arch: 'amd64', os.version: '10.0', java.version: '21.0.10'
Driver info: org.openqa.selenium.chrome.ChromeDriver
Command: [3ce2f5e6db9cd51288d530c0935d3d2a, findElement {value=//input[@placeholder='Password'], using=xpath}]
Capabilities {acceptInsecureCerts: false, browserName: chrome, browserVersion: 149.0.7827.55, chrome: {chromedriverVersion: 149.0.7827.55 (3188f8a607ae..., userDataDir: C:\Users\DEVIKA~1\AppData\L...}, fedcm:accounts: true, goog:chromeOptions: {debuggerAddress: localhost:64379}, goog:processID: 18640, networkConnectionEnabled: false, pageLoadStrategy: normal, platformName: windows, proxy: Proxy(), se:cdp: ws://localhost:64379/devtoo..., se:cdpVersion: 149.0.7827.55, setWindowRect: true, strictFileInteractability: false, timeouts: {implicit: 0, pageLoad: 300000, script: 30000}, unhandledPromptBehavior: dismiss and notify, webauthn:extension:credBlob: true, webauthn:extension:largeBlob: true, webauthn:extension:minPinLength: true, webauthn:extension:prf: true, webauthn:virtualAuthenticators: true}
Session ID: 3ce2f5e6db9cd51288d530c0935d3d2a
2026-06-11 14:01:19 [main] WARN  ActionDriver - Border failed: no such window: target window already closed
from unknown error: web view not found
  (Session info: chrome=149.0.7827.55)
Build info: version: '4.44.0', revision: 'da2039b'
System info: os.name: 'Windows 11', os.arch: 'amd64', os.version: '10.0', java.version: '21.0.10'
Driver info: org.openqa.selenium.chrome.ChromeDriver
Command: [3ce2f5e6db9cd51288d530c0935d3d2a, findElement {value=//button[normalize-space()='Login'], using=xpath}]
Capabilities {acceptInsecureCerts: false, browserName: chrome, browserVersion: 149.0.7827.55, chrome: {chromedriverVersion: 149.0.7827.55 (3188f8a607ae..., userDataDir: C:\Users\DEVIKA~1\AppData\L...}, fedcm:accounts: true, goog:chromeOptions: {debuggerAddress: localhost:64379}, goog:processID: 18640, networkConnectionEnabled: false, pageLoadStrategy: normal, platformName: windows, proxy: Proxy(), se:cdp: ws://localhost:64379/devtoo..., se:cdpVersion: 149.0.7827.55, setWindowRect: true, strictFileInteractability: false, timeouts: {implicit: 0, pageLoad: 300000, script: 30000}, unhandledPromptBehavior: dismiss and notify, webauthn:extension:credBlob: true, webauthn:extension:largeBlob: true, webauthn:extension:minPinLength: true, webauthn:extension:prf: true, webauthn:virtualAuthenticators: true}
Session ID: 3ce2f5e6db9cd51288d530c0935d3d2a
2026-06-11 14:01:29 [main] WARN  ActionDriver - Border failed: no such window: target window already closed
from unknown error: web view not found
  (Session info: chrome=149.0.7827.55)
Build info: version: '4.44.0', revision: 'da2039b'
System info: os.name: 'Windows 11', os.arch: 'amd64', os.version: '10.0', java.version: '21.0.10'
Driver info: org.openqa.selenium.chrome.ChromeDriver
Command: [3ce2f5e6db9cd51288d530c0935d3d2a, findElement {value=//button[normalize-space()='Login'], using=xpath}]
Capabilities {acceptInsecureCerts: false, browserName: chrome, browserVersion: 149.0.7827.55, chrome: {chromedriverVersion: 149.0.7827.55 (3188f8a607ae..., userDataDir: C:\Users\DEVIKA~1\AppData\L...}, fedcm:accounts: true, goog:chromeOptions: {debuggerAddress: localhost:64379}, goog:processID: 18640, networkConnectionEnabled: false, pageLoadStrategy: normal, platformName: windows, proxy: Proxy(), se:cdp: ws://localhost:64379/devtoo..., se:cdpVersion: 149.0.7827.55, setWindowRect: true, strictFileInteractability: false, timeouts: {implicit: 0, pageLoad: 300000, script: 30000}, unhandledPromptBehavior: dismiss and notify, webauthn:extension:credBlob: true, webauthn:extension:largeBlob: true, webauthn:extension:minPinLength: true, webauthn:extension:prf: true, webauthn:virtualAuthenticators: true}
Session ID: 3ce2f5e6db9cd51288d530c0935d3d2a
2026-06-11 14:01:42 [main] WARN  ActionDriver - Border failed: no such window: target window already closed
from unknown error: web view not found
  (Session info: chrome=149.0.7827.55)
Build info: version: '4.44.0', revision: 'da2039b'
System info: os.name: 'Windows 11', os.arch: 'amd64', os.version: '10.0', java.version: '21.0.10'
Driver info: org.openqa.selenium.chrome.ChromeDriver
Command: [3ce2f5e6db9cd51288d530c0935d3d2a, findElement {value=//input[@placeholder='Username'], using=xpath}]
Capabilities {acceptInsecureCerts: false, browserName: chrome, browserVersion: 149.0.7827.55, chrome: {chromedriverVersion: 149.0.7827.55 (3188f8a607ae..., userDataDir: C:\Users\DEVIKA~1\AppData\L...}, fedcm:accounts: true, goog:chromeOptions: {debuggerAddress: localhost:64379}, goog:processID: 18640, networkConnectionEnabled: false, pageLoadStrategy: normal, platformName: windows, proxy: Proxy(), se:cdp: ws://localhost:64379/devtoo..., se:cdpVersion: 149.0.7827.55, setWindowRect: true, strictFileInteractability: false, timeouts: {implicit: 0, pageLoad: 300000, script: 30000}, unhandledPromptBehavior: dismiss and notify, webauthn:extension:credBlob: true, webauthn:extension:largeBlob: true, webauthn:extension:minPinLength: true, webauthn:extension:prf: true, webauthn:virtualAuthenticators: true}
Session ID: 3ce2f5e6db9cd51288d530c0935d3d2a
2026-06-11 14:01:52 [main] WARN  ActionDriver - Border failed: no such window: target window already closed
from unknown error: web view not found
  (Session info: chrome=149.0.7827.55)
Build info: version: '4.44.0', revision: 'da2039b'
System info: os.name: 'Windows 11', os.arch: 'amd64', os.version: '10.0', java.version: '21.0.10'
Driver info: org.openqa.selenium.chrome.ChromeDriver
Command: [3ce2f5e6db9cd51288d530c0935d3d2a, findElement {value=//input[@placeholder='Password'], using=xpath}]
Capabilities {acceptInsecureCerts: false, browserName: chrome, browserVersion: 149.0.7827.55, chrome: {chromedriverVersion: 149.0.7827.55 (3188f8a607ae..., userDataDir: C:\Users\DEVIKA~1\AppData\L...}, fedcm:accounts: true, goog:chromeOptions: {debuggerAddress: localhost:64379}, goog:processID: 18640, networkConnectionEnabled: false, pageLoadStrategy: normal, platformName: windows, proxy: Proxy(), se:cdp: ws://localhost:64379/devtoo..., se:cdpVersion: 149.0.7827.55, setWindowRect: true, strictFileInteractability: false, timeouts: {implicit: 0, pageLoad: 300000, script: 30000}, unhandledPromptBehavior: dismiss and notify, webauthn:extension:credBlob: true, webauthn:extension:largeBlob: true, webauthn:extension:minPinLength: true, webauthn:extension:prf: true, webauthn:virtualAuthenticators: true}
Session ID: 3ce2f5e6db9cd51288d530c0935d3d2a
2026-06-11 14:01:52 [main] WARN  ActionDriver - Border failed: no such window: target window already closed
from unknown error: web view not found
  (Session info: chrome=149.0.7827.55)
Build info: version: '4.44.0', revision: 'da2039b'
System info: os.name: 'Windows 11', os.arch: 'amd64', os.version: '10.0', java.version: '21.0.10'
Driver info: org.openqa.selenium.chrome.ChromeDriver
Command: [3ce2f5e6db9cd51288d530c0935d3d2a, findElement {value=//button[normalize-space()='Login'], using=xpath}]
Capabilities {acceptInsecureCerts: false, browserName: chrome, browserVersion: 149.0.7827.55, chrome: {chromedriverVersion: 149.0.7827.55 (3188f8a607ae..., userDataDir: C:\Users\DEVIKA~1\AppData\L...}, fedcm:accounts: true, goog:chromeOptions: {debuggerAddress: localhost:64379}, goog:processID: 18640, networkConnectionEnabled: false, pageLoadStrategy: normal, platformName: windows, proxy: Proxy(), se:cdp: ws://localhost:64379/devtoo..., se:cdpVersion: 149.0.7827.55, setWindowRect: true, strictFileInteractability: false, timeouts: {implicit: 0, pageLoad: 300000, script: 30000}, unhandledPromptBehavior: dismiss and notify, webauthn:extension:credBlob: true, webauthn:extension:largeBlob: true, webauthn:extension:minPinLength: true, webauthn:extension:prf: true, webauthn:virtualAuthenticators: true}
Session ID: 3ce2f5e6db9cd51288d530c0935d3d2a
2026-06-11 16:30:56 [main] INFO  Baseclass - config.property file loaded
2026-06-11 16:30:57 [main] INFO  Baseclass - Setting up WebDriver for: com.orangehrm.test.Dummyclass
2026-06-11 16:31:02 [main] INFO  Baseclass - ChromeDriver created
2026-06-11 16:31:08 [main] INFO  ActionDriver - WebDriver instance is created
2026-06-11 16:31:08 [main] INFO  Baseclass - WebDriver initialized successfully
2026-06-11 16:31:08 [main] INFO  Baseclass - WebDriver closed successfully
2026-06-11 16:31:08 [main] INFO  Baseclass - Setting up WebDriver for: com.orangehrm.test.Dummyclass2
2026-06-11 16:31:09 [main] INFO  Baseclass - ChromeDriver created
2026-06-11 16:31:11 [main] INFO  ActionDriver - WebDriver instance is created
2026-06-11 16:31:11 [main] INFO  Baseclass - WebDriver initialized successfully
2026-06-11 16:31:21 [main] INFO  Baseclass - WebDriver closed successfully
2026-06-11 16:31:22 [main] INFO  Baseclass - Setting up WebDriver for: com.orangehrm.test.LoginPageTest
2026-06-11 16:31:23 [main] INFO  Baseclass - ChromeDriver created
2026-06-11 16:34:32 [main] INFO  ActionDriver - WebDriver instance is created
2026-06-11 16:34:36 [main] INFO  ActionDriver - WebDriver instance is created
2026-06-11 16:34:36 [main] INFO  Baseclass - Setting up WebDriver for: com.orangehrm.test.HomePageTest
2026-06-11 16:34:37 [main] INFO  Baseclass - ChromeDriver created
2026-06-11 16:37:27 [main] INFO  ActionDriver - WebDriver instance is created
2026-06-11 16:37:27 [main] INFO  Baseclass - WebDriver initialized successfully
2026-06-11 16:37:27 [main] INFO  ActionDriver - WebDriver instance is created
2026-06-11 16:37:39 [main] WARN  ActionDriver - Border failed: no such window: target window already closed
from unknown error: web view not found
  (Session info: chrome=149.0.7827.103)
Build info: version: '4.44.0', revision: 'da2039b'
System info: os.name: 'Windows 11', os.arch: 'amd64', os.version: '10.0', java.version: '21.0.10'
Driver info: org.openqa.selenium.chrome.ChromeDriver
Command: [d95a9f995c1c05cdb3ed58d811e03180, findElement {using=xpath, value=//input[@placeholder='Username']}]
Capabilities {acceptInsecureCerts: false, browserName: chrome, browserVersion: 149.0.7827.103, chrome: {chromedriverVersion: 149.0.7827.55 (3188f8a607ae..., userDataDir: C:\Users\DEVIKA~1\AppData\L...}, fedcm:accounts: true, goog:chromeOptions: {debuggerAddress: localhost:49689}, goog:processID: 8944, networkConnectionEnabled: false, pageLoadStrategy: normal, platformName: windows, proxy: Proxy(), se:cdp: ws://localhost:49689/devtoo..., se:cdpVersion: 149.0.7827.103, setWindowRect: true, strictFileInteractability: false, timeouts: {implicit: 0, pageLoad: 300000, script: 30000}, unhandledPromptBehavior: dismiss and notify, webauthn:extension:credBlob: true, webauthn:extension:largeBlob: true, webauthn:extension:minPinLength: true, webauthn:extension:prf: true, webauthn:virtualAuthenticators: true}
Session ID: d95a9f995c1c05cdb3ed58d811e03180
2026-06-11 16:37:49 [main] WARN  ActionDriver - Border failed: no such window: target window already closed
from unknown error: web view not found
  (Session info: chrome=149.0.7827.103)
Build info: version: '4.44.0', revision: 'da2039b'
System info: os.name: 'Windows 11', os.arch: 'amd64', os.version: '10.0', java.version: '21.0.10'
Driver info: org.openqa.selenium.chrome.ChromeDriver
Command: [d95a9f995c1c05cdb3ed58d811e03180, findElement {using=xpath, value=//input[@placeholder='Password']}]
Capabilities {acceptInsecureCerts: false, browserName: chrome, browserVersion: 149.0.7827.103, chrome: {chromedriverVersion: 149.0.7827.55 (3188f8a607ae..., userDataDir: C:\Users\DEVIKA~1\AppData\L...}, fedcm:accounts: true, goog:chromeOptions: {debuggerAddress: localhost:49689}, goog:processID: 8944, networkConnectionEnabled: false, pageLoadStrategy: normal, platformName: windows, proxy: Proxy(), se:cdp: ws://localhost:49689/devtoo..., se:cdpVersion: 149.0.7827.103, setWindowRect: true, strictFileInteractability: false, timeouts: {implicit: 0, pageLoad: 300000, script: 30000}, unhandledPromptBehavior: dismiss and notify, webauthn:extension:credBlob: true, webauthn:extension:largeBlob: true, webauthn:extension:minPinLength: true, webauthn:extension:prf: true, webauthn:virtualAuthenticators: true}
Session ID: d95a9f995c1c05cdb3ed58d811e03180
2026-06-11 16:37:49 [main] WARN  ActionDriver - Border failed: no such window: target window already closed
from unknown error: web view not found
  (Session info: chrome=149.0.7827.103)
Build info: version: '4.44.0', revision: 'da2039b'
System info: os.name: 'Windows 11', os.arch: 'amd64', os.version: '10.0', java.version: '21.0.10'
Driver info: org.openqa.selenium.chrome.ChromeDriver
Command: [d95a9f995c1c05cdb3ed58d811e03180, findElement {using=xpath, value=//button[normalize-space()='Login']}]
Capabilities {acceptInsecureCerts: false, browserName: chrome, browserVersion: 149.0.7827.103, chrome: {chromedriverVersion: 149.0.7827.55 (3188f8a607ae..., userDataDir: C:\Users\DEVIKA~1\AppData\L...}, fedcm:accounts: true, goog:chromeOptions: {debuggerAddress: localhost:49689}, goog:processID: 8944, networkConnectionEnabled: false, pageLoadStrategy: normal, platformName: windows, proxy: Proxy(), se:cdp: ws://localhost:49689/devtoo..., se:cdpVersion: 149.0.7827.103, setWindowRect: true, strictFileInteractability: false, timeouts: {implicit: 0, pageLoad: 300000, script: 30000}, unhandledPromptBehavior: dismiss and notify, webauthn:extension:credBlob: true, webauthn:extension:largeBlob: true, webauthn:extension:minPinLength: true, webauthn:extension:prf: true, webauthn:virtualAuthenticators: true}
Session ID: d95a9f995c1c05cdb3ed58d811e03180
2026-06-11 16:39:02 [main] INFO  Baseclass - config.property file loaded
2026-06-11 16:39:02 [TestNG-test-OrangeHRmTest-1] INFO  Baseclass - Setting up WebDriver for: com.orangehrm.test.Dummyclass
2026-06-11 16:39:02 [TestNG-test-OrangeHRmTest-2] INFO  Baseclass - Setting up WebDriver for: com.orangehrm.test.Dummyclass2
2026-06-11 16:39:03 [TestNG-test-OrangeHRmTest-3] INFO  Baseclass - Setting up WebDriver for: com.orangehrm.test.LoginPageTest
2026-06-11 16:39:06 [TestNG-test-OrangeHRmTest-3] INFO  Baseclass - ChromeDriver created
2026-06-11 16:39:06 [TestNG-test-OrangeHRmTest-2] INFO  Baseclass - ChromeDriver created
2026-06-11 16:39:06 [TestNG-test-OrangeHRmTest-1] INFO  Baseclass - ChromeDriver created
2026-06-11 16:39:08 [TestNG-test-OrangeHRmTest-1] INFO  ActionDriver - WebDriver instance is created
2026-06-11 16:39:08 [TestNG-test-OrangeHRmTest-1] INFO  Baseclass - WebDriver initialized successfully
2026-06-11 16:39:08 [TestNG-test-OrangeHRmTest-2] INFO  ActionDriver - WebDriver instance is created
2026-06-11 16:39:08 [TestNG-test-OrangeHRmTest-2] INFO  Baseclass - WebDriver initialized successfully
2026-06-11 16:39:14 [TestNG-test-OrangeHRmTest-2] INFO  Baseclass - WebDriver closed successfully
2026-06-11 16:39:14 [TestNG-test-OrangeHRmTest-2] INFO  Baseclass - Setting up WebDriver for: com.orangehrm.test.HomePageTest
2026-06-11 16:39:14 [TestNG-test-OrangeHRmTest-1] INFO  Baseclass - WebDriver closed successfully
2026-06-11 16:39:14 [TestNG-test-OrangeHRmTest-3] INFO  ActionDriver - WebDriver instance is created
2026-06-11 16:39:14 [TestNG-test-OrangeHRmTest-3] INFO  Baseclass - WebDriver initialized successfully
2026-06-11 16:39:15 [TestNG-test-OrangeHRmTest-2] INFO  Baseclass - ChromeDriver created
2026-06-11 16:39:17 [TestNG-test-OrangeHRmTest-2] INFO  ActionDriver - WebDriver instance is created
2026-06-11 16:39:17 [TestNG-test-OrangeHRmTest-2] INFO  Baseclass - WebDriver initialized successfully
2026-06-11 16:39:17 [TestNG-test-OrangeHRmTest-2] INFO  ActionDriver - WebDriver instance is created
2026-06-11 16:39:17 [TestNG-test-OrangeHRmTest-3] INFO  ActionDriver - WebDriver instance is created
2026-06-11 16:39:17 [TestNG-test-OrangeHRmTest-3] INFO  ActionDriver - WebDriver instance is created
2026-06-11 16:39:20 [TestNG-test-OrangeHRmTest-3] INFO  ActionDriver - Entered text: wronguser in Name: username
2026-06-11 16:39:20 [TestNG-test-OrangeHRmTest-2] INFO  ActionDriver - Entered text: admin in Name: username
2026-06-11 16:39:21 [TestNG-test-OrangeHRmTest-3] INFO  ActionDriver - Entered text: wrongpassword in Name: password
2026-06-11 16:39:21 [TestNG-test-OrangeHRmTest-2] INFO  ActionDriver - Entered text: admin123 in Name: password
2026-06-11 16:39:22 [TestNG-test-OrangeHRmTest-3] INFO  ActionDriver - Clicked element -> Text: Login
2026-06-11 16:39:23 [TestNG-test-OrangeHRmTest-2] INFO  ActionDriver - Clicked element -> Text: Login
2026-06-11 16:39:25 [TestNG-test-OrangeHRmTest-3] INFO  Baseclass - WebDriver closed successfully
2026-06-11 16:39:25 [TestNG-test-OrangeHRmTest-3] INFO  Baseclass - Setting up WebDriver for: com.orangehrm.test.LoginPageTest
2026-06-11 16:39:26 [TestNG-test-OrangeHRmTest-3] INFO  Baseclass - ChromeDriver created
2026-06-11 16:39:32 [TestNG-test-OrangeHRmTest-3] INFO  ActionDriver - WebDriver instance is created
2026-06-11 16:39:32 [TestNG-test-OrangeHRmTest-3] INFO  Baseclass - WebDriver initialized successfully
2026-06-11 16:39:35 [TestNG-test-OrangeHRmTest-3] INFO  ActionDriver - WebDriver instance is created
2026-06-11 16:39:37 [TestNG-test-OrangeHRmTest-3] INFO  ActionDriver - Entered text: admin in Name: username
2026-06-11 16:39:37 [TestNG-test-OrangeHRmTest-3] INFO  ActionDriver - Entered text: admin123 in Name: password
2026-06-11 16:39:37 [TestNG-test-OrangeHRmTest-3] INFO  ActionDriver - Clicked element -> Text: Login
2026-06-11 16:39:41 [TestNG-test-OrangeHRmTest-3] INFO  ActionDriver - Clicked element -> Text: Richard Johnson
2026-06-11 16:39:43 [TestNG-test-OrangeHRmTest-3] INFO  ActionDriver - Clicked element -> Text: Logout
2026-06-11 16:39:45 [TestNG-test-OrangeHRmTest-2] WARN  ActionDriver - Border failed: no such element: Unable to locate element: {"method":"xpath","selector":"//input[@placeholder='Username']"}
  (Session info: chrome=149.0.7827.103)
For documentation on this error, please visit: https://www.selenium.dev/documentation/webdriver/troubleshooting/errors#nosuchelementexception
Build info: version: '4.44.0', revision: 'da2039b'
System info: os.name: 'Windows 11', os.arch: 'amd64', os.version: '10.0', java.version: '21.0.10'
Driver info: org.openqa.selenium.chrome.ChromeDriver
Command: [2bc8a37e0122958076c7ba61ba41c931, findElement {using=xpath, value=//input[@placeholder='Username']}]
Capabilities {acceptInsecureCerts: false, browserName: chrome, browserVersion: 149.0.7827.103, chrome: {chromedriverVersion: 149.0.7827.55 (3188f8a607ae..., userDataDir: C:\Users\DEVIKA~1\AppData\L...}, fedcm:accounts: true, goog:chromeOptions: {debuggerAddress: localhost:59655}, goog:processID: 5892, networkConnectionEnabled: false, pageLoadStrategy: normal, platformName: windows, proxy: Proxy(), se:cdp: ws://localhost:59655/devtoo..., se:cdpVersion: 149.0.7827.103, setWindowRect: true, strictFileInteractability: false, timeouts: {implicit: 0, pageLoad: 300000, script: 30000}, unhandledPromptBehavior: dismiss and notify, webauthn:extension:credBlob: true, webauthn:extension:largeBlob: true, webauthn:extension:minPinLength: true, webauthn:extension:prf: true, webauthn:virtualAuthenticators: true}
Session ID: 2bc8a37e0122958076c7ba61ba41c931
2026-06-11 16:39:45 [TestNG-test-OrangeHRmTest-3] INFO  Baseclass - WebDriver closed successfully
2026-06-11 16:40:05 [TestNG-test-OrangeHRmTest-2] WARN  ActionDriver - Border failed: no such element: Unable to locate element: {"method":"xpath","selector":"//input[@placeholder='Password']"}
  (Session info: chrome=149.0.7827.103)
For documentation on this error, please visit: https://www.selenium.dev/documentation/webdriver/troubleshooting/errors#nosuchelementexception
Build info: version: '4.44.0', revision: 'da2039b'
System info: os.name: 'Windows 11', os.arch: 'amd64', os.version: '10.0', java.version: '21.0.10'
Driver info: org.openqa.selenium.chrome.ChromeDriver
Command: [2bc8a37e0122958076c7ba61ba41c931, findElement {using=xpath, value=//input[@placeholder='Password']}]
Capabilities {acceptInsecureCerts: false, browserName: chrome, browserVersion: 149.0.7827.103, chrome: {chromedriverVersion: 149.0.7827.55 (3188f8a607ae..., userDataDir: C:\Users\DEVIKA~1\AppData\L...}, fedcm:accounts: true, goog:chromeOptions: {debuggerAddress: localhost:59655}, goog:processID: 5892, networkConnectionEnabled: false, pageLoadStrategy: normal, platformName: windows, proxy: Proxy(), se:cdp: ws://localhost:59655/devtoo..., se:cdpVersion: 149.0.7827.103, setWindowRect: true, strictFileInteractability: false, timeouts: {implicit: 0, pageLoad: 300000, script: 30000}, unhandledPromptBehavior: dismiss and notify, webauthn:extension:credBlob: true, webauthn:extension:largeBlob: true, webauthn:extension:minPinLength: true, webauthn:extension:prf: true, webauthn:virtualAuthenticators: true}
Session ID: 2bc8a37e0122958076c7ba61ba41c931
2026-06-11 16:40:15 [TestNG-test-OrangeHRmTest-2] WARN  ActionDriver - Border failed: invalid session id
Build info: version: '4.44.0', revision: 'da2039b'
System info: os.name: 'Windows 11', os.arch: 'amd64', os.version: '10.0', java.version: '21.0.10'
Driver info: org.openqa.selenium.chrome.ChromeDriver
Command: [2bc8a37e0122958076c7ba61ba41c931, findElement {using=xpath, value=//button[normalize-space()='Login']}]
Capabilities {acceptInsecureCerts: false, browserName: chrome, browserVersion: 149.0.7827.103, chrome: {chromedriverVersion: 149.0.7827.55 (3188f8a607ae..., userDataDir: C:\Users\DEVIKA~1\AppData\L...}, fedcm:accounts: true, goog:chromeOptions: {debuggerAddress: localhost:59655}, goog:processID: 5892, networkConnectionEnabled: false, pageLoadStrategy: normal, platformName: windows, proxy: Proxy(), se:cdp: ws://localhost:59655/devtoo..., se:cdpVersion: 149.0.7827.103, setWindowRect: true, strictFileInteractability: false, timeouts: {implicit: 0, pageLoad: 300000, script: 30000}, unhandledPromptBehavior: dismiss and notify, webauthn:extension:credBlob: true, webauthn:extension:largeBlob: true, webauthn:extension:minPinLength: true, webauthn:extension:prf: true, webauthn:virtualAuthenticators: true}
Session ID: 2bc8a37e0122958076c7ba61ba41c931
2026-06-11 16:40:15 [TestNG-test-OrangeHRmTest-2] WARN  ActionDriver - Border failed: invalid session id
Build info: version: '4.44.0', revision: 'da2039b'
System info: os.name: 'Windows 11', os.arch: 'amd64', os.version: '10.0', java.version: '21.0.10'
Driver info: org.openqa.selenium.chrome.ChromeDriver
Command: [2bc8a37e0122958076c7ba61ba41c931, findElement {using=xpath, value=//button[normalize-space()='Login']}]
Capabilities {acceptInsecureCerts: false, browserName: chrome, browserVersion: 149.0.7827.103, chrome: {chromedriverVersion: 149.0.7827.55 (3188f8a607ae..., userDataDir: C:\Users\DEVIKA~1\AppData\L...}, fedcm:accounts: true, goog:chromeOptions: {debuggerAddress: localhost:59655}, goog:processID: 5892, networkConnectionEnabled: false, pageLoadStrategy: normal, platformName: windows, proxy: Proxy(), se:cdp: ws://localhost:59655/devtoo..., se:cdpVersion: 149.0.7827.103, setWindowRect: true, strictFileInteractability: false, timeouts: {implicit: 0, pageLoad: 300000, script: 30000}, unhandledPromptBehavior: dismiss and notify, webauthn:extension:credBlob: true, webauthn:extension:largeBlob: true, webauthn:extension:minPinLength: true, webauthn:extension:prf: true, webauthn:virtualAuthenticators: true}
Session ID: 2bc8a37e0122958076c7ba61ba41c931
2026-06-11 16:40:15 [TestNG-test-OrangeHRmTest-2] WARN  ActionDriver - Border failed: invalid session id
Build info: version: '4.44.0', revision: 'da2039b'
System info: os.name: 'Windows 11', os.arch: 'amd64', os.version: '10.0', java.version: '21.0.10'
Driver info: org.openqa.selenium.chrome.ChromeDriver
Command: [2bc8a37e0122958076c7ba61ba41c931, findElement {using=xpath, value=//div[@class='oxd-brand-banner']//img}]
Capabilities {acceptInsecureCerts: false, browserName: chrome, browserVersion: 149.0.7827.103, chrome: {chromedriverVersion: 149.0.7827.55 (3188f8a607ae..., userDataDir: C:\Users\DEVIKA~1\AppData\L...}, fedcm:accounts: true, goog:chromeOptions: {debuggerAddress: localhost:59655}, goog:processID: 5892, networkConnectionEnabled: false, pageLoadStrategy: normal, platformName: windows, proxy: Proxy(), se:cdp: ws://localhost:59655/devtoo..., se:cdpVersion: 149.0.7827.103, setWindowRect: true, strictFileInteractability: false, timeouts: {implicit: 0, pageLoad: 300000, script: 30000}, unhandledPromptBehavior: dismiss and notify, webauthn:extension:credBlob: true, webauthn:extension:largeBlob: true, webauthn:extension:minPinLength: true, webauthn:extension:prf: true, webauthn:virtualAuthenticators: true}
Session ID: 2bc8a37e0122958076c7ba61ba41c931
2026-06-11 16:40:16 [TestNG-test-OrangeHRmTest-2] INFO  Baseclass - WebDriver closed successfully
2026-06-11 16:43:12 [main] INFO  Baseclass - config.property file loaded
2026-06-11 16:43:12 [TestNG-test-OrangeHRmTest-2] INFO  Baseclass - Setting up WebDriver for: com.orangehrm.test.Dummyclass2
2026-06-11 16:43:12 [TestNG-test-OrangeHRmTest-1] INFO  Baseclass - Setting up WebDriver for: com.orangehrm.test.Dummyclass
2026-06-11 16:43:13 [TestNG-test-OrangeHRmTest-3] INFO  Baseclass - Setting up WebDriver for: com.orangehrm.test.LoginPageTest
2026-06-11 16:43:15 [TestNG-test-OrangeHRmTest-1] INFO  Baseclass - ChromeDriver created
2026-06-11 16:43:15 [TestNG-test-OrangeHRmTest-3] INFO  Baseclass - ChromeDriver created
2026-06-11 16:43:15 [TestNG-test-OrangeHRmTest-2] INFO  Baseclass - ChromeDriver created
2026-06-11 16:43:35 [TestNG-test-OrangeHRmTest-3] INFO  ActionDriver - WebDriver instance is created
2026-06-11 16:43:35 [TestNG-test-OrangeHRmTest-3] INFO  Baseclass - WebDriver initialized successfully
2026-06-11 16:43:35 [TestNG-test-OrangeHRmTest-2] INFO  ActionDriver - WebDriver instance is created
2026-06-11 16:43:35 [TestNG-test-OrangeHRmTest-2] INFO  Baseclass - WebDriver initialized successfully
2026-06-11 16:43:35 [TestNG-test-OrangeHRmTest-1] INFO  ActionDriver - WebDriver instance is created
2026-06-11 16:43:35 [TestNG-test-OrangeHRmTest-1] INFO  Baseclass - WebDriver initialized successfully
2026-06-11 16:43:36 [TestNG-test-OrangeHRmTest-1] INFO  Baseclass - WebDriver closed successfully
2026-06-11 16:43:36 [TestNG-test-OrangeHRmTest-1] INFO  Baseclass - Setting up WebDriver for: com.orangehrm.test.HomePageTest
2026-06-11 16:43:36 [TestNG-test-OrangeHRmTest-2] INFO  Baseclass - WebDriver closed successfully
2026-06-11 16:43:37 [TestNG-test-OrangeHRmTest-1] INFO  Baseclass - ChromeDriver created
2026-06-11 16:43:38 [TestNG-test-OrangeHRmTest-3] INFO  ActionDriver - WebDriver instance is created
2026-06-11 16:43:38 [TestNG-test-OrangeHRmTest-3] INFO  ActionDriver - WebDriver instance is created
2026-06-11 16:43:39 [TestNG-test-OrangeHRmTest-1] INFO  ActionDriver - WebDriver instance is created
2026-06-11 16:43:39 [TestNG-test-OrangeHRmTest-1] INFO  Baseclass - WebDriver initialized successfully
2026-06-11 16:43:39 [TestNG-test-OrangeHRmTest-1] INFO  ActionDriver - WebDriver instance is created
2026-06-11 16:43:40 [TestNG-test-OrangeHRmTest-3] INFO  ActionDriver - Entered text: wronguser in Name: username
2026-06-11 16:43:40 [TestNG-test-OrangeHRmTest-3] INFO  ActionDriver - Entered text: wrongpassword in Name: password
2026-06-11 16:43:40 [TestNG-test-OrangeHRmTest-3] INFO  ActionDriver - Clicked element -> Text: Login
2026-06-11 16:43:44 [TestNG-test-OrangeHRmTest-1] INFO  ActionDriver - Entered text: admin in Name: username
2026-06-11 16:43:44 [TestNG-test-OrangeHRmTest-1] INFO  ActionDriver - Entered text: admin123 in Name: password
2026-06-11 16:43:45 [TestNG-test-OrangeHRmTest-3] INFO  Baseclass - WebDriver closed successfully
2026-06-11 16:43:45 [TestNG-test-OrangeHRmTest-3] INFO  Baseclass - Setting up WebDriver for: com.orangehrm.test.LoginPageTest
2026-06-11 16:43:46 [TestNG-test-OrangeHRmTest-3] INFO  Baseclass - ChromeDriver created
2026-06-11 16:43:46 [TestNG-test-OrangeHRmTest-1] INFO  ActionDriver - Clicked element -> Text: Login
2026-06-11 16:43:51 [TestNG-test-OrangeHRmTest-3] INFO  ActionDriver - WebDriver instance is created
2026-06-11 16:43:51 [TestNG-test-OrangeHRmTest-3] INFO  Baseclass - WebDriver initialized successfully
2026-06-11 16:43:54 [TestNG-test-OrangeHRmTest-3] INFO  ActionDriver - WebDriver instance is created
2026-06-11 16:43:56 [TestNG-test-OrangeHRmTest-3] INFO  ActionDriver - Entered text: admin in Name: username
2026-06-11 16:43:57 [TestNG-test-OrangeHRmTest-3] INFO  ActionDriver - Entered text: admin123 in Name: password
2026-06-11 16:43:57 [TestNG-test-OrangeHRmTest-3] INFO  ActionDriver - Clicked element -> Text: Login
2026-06-11 16:43:59 [TestNG-test-OrangeHRmTest-3] WARN  ActionDriver - Border failed: no such window: target window already closed
from unknown error: web view not found
  (Session info: chrome=149.0.7827.103)
Build info: version: '4.44.0', revision: 'da2039b'
System info: os.name: 'Windows 11', os.arch: 'amd64', os.version: '10.0', java.version: '21.0.10'
Driver info: org.openqa.selenium.chrome.ChromeDriver
Command: [0c175328699365ffc771eba75e0ca0e4, findElement {using=xpath, value=//span[normalize-space()='Admin']}]
Capabilities {acceptInsecureCerts: false, browserName: chrome, browserVersion: 149.0.7827.103, chrome: {chromedriverVersion: 149.0.7827.55 (3188f8a607ae..., userDataDir: C:\Users\DEVIKA~1\AppData\L...}, fedcm:accounts: true, goog:chromeOptions: {debuggerAddress: localhost:56779}, goog:processID: 11272, networkConnectionEnabled: false, pageLoadStrategy: normal, platformName: windows, proxy: Proxy(), se:cdp: ws://localhost:56779/devtoo..., se:cdpVersion: 149.0.7827.103, setWindowRect: true, strictFileInteractability: false, timeouts: {implicit: 0, pageLoad: 300000, script: 30000}, unhandledPromptBehavior: dismiss and notify, webauthn:extension:credBlob: true, webauthn:extension:largeBlob: true, webauthn:extension:minPinLength: true, webauthn:extension:prf: true, webauthn:virtualAuthenticators: true}
Session ID: 0c175328699365ffc771eba75e0ca0e4
2026-06-11 16:44:00 [TestNG-test-OrangeHRmTest-1] WARN  ActionDriver - Border failed: invalid session id
Build info: version: '4.44.0', revision: 'da2039b'
System info: os.name: 'Windows 11', os.arch: 'amd64', os.version: '10.0', java.version: '21.0.10'
Driver info: org.openqa.selenium.chrome.ChromeDriver
Command: [8b0184525a32c1ff98f728bb8fdf987d, findElement {using=xpath, value=//input[@placeholder='Username']}]
Capabilities {acceptInsecureCerts: false, browserName: chrome, browserVersion: 149.0.7827.103, chrome: {chromedriverVersion: 149.0.7827.55 (3188f8a607ae..., userDataDir: C:\Users\DEVIKA~1\AppData\L...}, fedcm:accounts: true, goog:chromeOptions: {debuggerAddress: localhost:60368}, goog:processID: 12032, networkConnectionEnabled: false, pageLoadStrategy: normal, platformName: windows, proxy: Proxy(), se:cdp: ws://localhost:60368/devtoo..., se:cdpVersion: 149.0.7827.103, setWindowRect: true, strictFileInteractability: false, timeouts: {implicit: 0, pageLoad: 300000, script: 30000}, unhandledPromptBehavior: dismiss and notify, webauthn:extension:credBlob: true, webauthn:extension:largeBlob: true, webauthn:extension:minPinLength: true, webauthn:extension:prf: true, webauthn:virtualAuthenticators: true}
Session ID: 8b0184525a32c1ff98f728bb8fdf987d
2026-06-11 16:44:00 [TestNG-test-OrangeHRmTest-1] WARN  ActionDriver - Border failed: invalid session id
Build info: version: '4.44.0', revision: 'da2039b'
System info: os.name: 'Windows 11', os.arch: 'amd64', os.version: '10.0', java.version: '21.0.10'
Driver info: org.openqa.selenium.chrome.ChromeDriver
Command: [8b0184525a32c1ff98f728bb8fdf987d, findElement {using=xpath, value=//input[@placeholder='Password']}]
Capabilities {acceptInsecureCerts: false, browserName: chrome, browserVersion: 149.0.7827.103, chrome: {chromedriverVersion: 149.0.7827.55 (3188f8a607ae..., userDataDir: C:\Users\DEVIKA~1\AppData\L...}, fedcm:accounts: true, goog:chromeOptions: {debuggerAddress: localhost:60368}, goog:processID: 12032, networkConnectionEnabled: false, pageLoadStrategy: normal, platformName: windows, proxy: Proxy(), se:cdp: ws://localhost:60368/devtoo..., se:cdpVersion: 149.0.7827.103, setWindowRect: true, strictFileInteractability: false, timeouts: {implicit: 0, pageLoad: 300000, script: 30000}, unhandledPromptBehavior: dismiss and notify, webauthn:extension:credBlob: true, webauthn:extension:largeBlob: true, webauthn:extension:minPinLength: true, webauthn:extension:prf: true, webauthn:virtualAuthenticators: true}
Session ID: 8b0184525a32c1ff98f728bb8fdf987d
2026-06-11 16:44:00 [TestNG-test-OrangeHRmTest-1] WARN  ActionDriver - Border failed: invalid session id
Build info: version: '4.44.0', revision: 'da2039b'
System info: os.name: 'Windows 11', os.arch: 'amd64', os.version: '10.0', java.version: '21.0.10'
Driver info: org.openqa.selenium.chrome.ChromeDriver
Command: [8b0184525a32c1ff98f728bb8fdf987d, findElement {using=xpath, value=//button[normalize-space()='Login']}]
Capabilities {acceptInsecureCerts: false, browserName: chrome, browserVersion: 149.0.7827.103, chrome: {chromedriverVersion: 149.0.7827.55 (3188f8a607ae..., userDataDir: C:\Users\DEVIKA~1\AppData\L...}, fedcm:accounts: true, goog:chromeOptions: {debuggerAddress: localhost:60368}, goog:processID: 12032, networkConnectionEnabled: false, pageLoadStrategy: normal, platformName: windows, proxy: Proxy(), se:cdp: ws://localhost:60368/devtoo..., se:cdpVersion: 149.0.7827.103, setWindowRect: true, strictFileInteractability: false, timeouts: {implicit: 0, pageLoad: 300000, script: 30000}, unhandledPromptBehavior: dismiss and notify, webauthn:extension:credBlob: true, webauthn:extension:largeBlob: true, webauthn:extension:minPinLength: true, webauthn:extension:prf: true, webauthn:virtualAuthenticators: true}
Session ID: 8b0184525a32c1ff98f728bb8fdf987d
2026-06-11 16:44:00 [TestNG-test-OrangeHRmTest-1] WARN  ActionDriver - Border failed: invalid session id
Build info: version: '4.44.0', revision: 'da2039b'
System info: os.name: 'Windows 11', os.arch: 'amd64', os.version: '10.0', java.version: '21.0.10'
Driver info: org.openqa.selenium.chrome.ChromeDriver
Command: [8b0184525a32c1ff98f728bb8fdf987d, findElement {using=xpath, value=//button[normalize-space()='Login']}]
Capabilities {acceptInsecureCerts: false, browserName: chrome, browserVersion: 149.0.7827.103, chrome: {chromedriverVersion: 149.0.7827.55 (3188f8a607ae..., userDataDir: C:\Users\DEVIKA~1\AppData\L...}, fedcm:accounts: true, goog:chromeOptions: {debuggerAddress: localhost:60368}, goog:processID: 12032, networkConnectionEnabled: false, pageLoadStrategy: normal, platformName: windows, proxy: Proxy(), se:cdp: ws://localhost:60368/devtoo..., se:cdpVersion: 149.0.7827.103, setWindowRect: true, strictFileInteractability: false, timeouts: {implicit: 0, pageLoad: 300000, script: 30000}, unhandledPromptBehavior: dismiss and notify, webauthn:extension:credBlob: true, webauthn:extension:largeBlob: true, webauthn:extension:minPinLength: true, webauthn:extension:prf: true, webauthn:virtualAuthenticators: true}
Session ID: 8b0184525a32c1ff98f728bb8fdf987d
2026-06-11 16:44:00 [TestNG-test-OrangeHRmTest-1] WARN  ActionDriver - Border failed: invalid session id
Build info: version: '4.44.0', revision: 'da2039b'
System info: os.name: 'Windows 11', os.arch: 'amd64', os.version: '10.0', java.version: '21.0.10'
Driver info: org.openqa.selenium.chrome.ChromeDriver
Command: [8b0184525a32c1ff98f728bb8fdf987d, findElement {using=xpath, value=//div[@class='oxd-brand-banner']//img}]
Capabilities {acceptInsecureCerts: false, browserName: chrome, browserVersion: 149.0.7827.103, chrome: {chromedriverVersion: 149.0.7827.55 (3188f8a607ae..., userDataDir: C:\Users\DEVIKA~1\AppData\L...}, fedcm:accounts: true, goog:chromeOptions: {debuggerAddress: localhost:60368}, goog:processID: 12032, networkConnectionEnabled: false, pageLoadStrategy: normal, platformName: windows, proxy: Proxy(), se:cdp: ws://localhost:60368/devtoo..., se:cdpVersion: 149.0.7827.103, setWindowRect: true, strictFileInteractability: false, timeouts: {implicit: 0, pageLoad: 300000, script: 30000}, unhandledPromptBehavior: dismiss and notify, webauthn:extension:credBlob: true, webauthn:extension:largeBlob: true, webauthn:extension:minPinLength: true, webauthn:extension:prf: true, webauthn:virtualAuthenticators: true}
Session ID: 8b0184525a32c1ff98f728bb8fdf987d
2026-06-11 16:44:01 [TestNG-test-OrangeHRmTest-3] INFO  Baseclass - WebDriver closed successfully
2026-06-11 16:44:01 [TestNG-test-OrangeHRmTest-1] INFO  Baseclass - WebDriver closed successfully
2026-06-11 16:44:54 [main] INFO  Baseclass - config.property file loaded
2026-06-11 16:44:54 [TestNG-test-OrangeHRmTest-1] INFO  Baseclass - Setting up WebDriver for: com.orangehrm.test.Dummyclass
2026-06-11 16:44:54 [TestNG-test-OrangeHRmTest-2] INFO  Baseclass - Setting up WebDriver for: com.orangehrm.test.Dummyclass2
2026-06-11 16:44:55 [TestNG-test-OrangeHRmTest-3] INFO  Baseclass - Setting up WebDriver for: com.orangehrm.test.LoginPageTest
2026-06-11 16:44:58 [TestNG-test-OrangeHRmTest-3] INFO  Baseclass - ChromeDriver created
2026-06-11 16:44:58 [TestNG-test-OrangeHRmTest-2] INFO  Baseclass - ChromeDriver created
2026-06-11 16:44:58 [TestNG-test-OrangeHRmTest-1] INFO  Baseclass - ChromeDriver created
2026-06-11 16:44:59 [TestNG-test-OrangeHRmTest-2] INFO  ActionDriver - WebDriver instance is created
2026-06-11 16:44:59 [TestNG-test-OrangeHRmTest-2] INFO  Baseclass - WebDriver initialized successfully
2026-06-11 16:45:05 [TestNG-test-OrangeHRmTest-1] INFO  ActionDriver - WebDriver instance is created
2026-06-11 16:45:05 [TestNG-test-OrangeHRmTest-1] INFO  Baseclass - WebDriver initialized successfully
2026-06-11 16:45:05 [TestNG-test-OrangeHRmTest-3] INFO  ActionDriver - WebDriver instance is created
2026-06-11 16:45:05 [TestNG-test-OrangeHRmTest-3] INFO  Baseclass - WebDriver initialized successfully
2026-06-11 16:45:06 [TestNG-test-OrangeHRmTest-1] INFO  Baseclass - WebDriver closed successfully
2026-06-11 16:45:06 [TestNG-test-OrangeHRmTest-1] INFO  Baseclass - Setting up WebDriver for: com.orangehrm.test.HomePageTest
2026-06-11 16:45:07 [TestNG-test-OrangeHRmTest-1] INFO  Baseclass - ChromeDriver created
2026-06-11 16:45:08 [TestNG-test-OrangeHRmTest-3] INFO  ActionDriver - WebDriver instance is created
2026-06-11 16:45:08 [TestNG-test-OrangeHRmTest-3] INFO  ActionDriver - WebDriver instance is created
2026-06-11 16:45:09 [TestNG-test-OrangeHRmTest-1] INFO  ActionDriver - WebDriver instance is created
2026-06-11 16:45:09 [TestNG-test-OrangeHRmTest-1] INFO  Baseclass - WebDriver initialized successfully
2026-06-11 16:45:09 [TestNG-test-OrangeHRmTest-1] INFO  ActionDriver - WebDriver instance is created
2026-06-11 16:45:11 [TestNG-test-OrangeHRmTest-3] INFO  ActionDriver - Entered text: wronguser in Name: username
2026-06-11 16:45:11 [TestNG-test-OrangeHRmTest-3] INFO  ActionDriver - Entered text: wrongpassword in Name: password
2026-06-11 16:45:12 [TestNG-test-OrangeHRmTest-3] INFO  ActionDriver - Clicked element -> Text: Login
2026-06-11 16:45:12 [TestNG-test-OrangeHRmTest-1] INFO  ActionDriver - Entered text: admin in Name: username
2026-06-11 16:45:13 [TestNG-test-OrangeHRmTest-1] INFO  ActionDriver - Entered text: admin123 in Name: password
2026-06-11 16:45:14 [TestNG-test-OrangeHRmTest-1] INFO  ActionDriver - Clicked element -> Text: Login
2026-06-11 16:45:16 [TestNG-test-OrangeHRmTest-3] INFO  Baseclass - WebDriver closed successfully
2026-06-11 16:45:16 [TestNG-test-OrangeHRmTest-3] INFO  Baseclass - Setting up WebDriver for: com.orangehrm.test.LoginPageTest
2026-06-11 16:45:17 [TestNG-test-OrangeHRmTest-3] INFO  Baseclass - ChromeDriver created
2026-06-11 16:45:19 [TestNG-test-OrangeHRmTest-3] INFO  ActionDriver - WebDriver instance is created
2026-06-11 16:45:19 [TestNG-test-OrangeHRmTest-3] INFO  Baseclass - WebDriver initialized successfully
2026-06-11 16:45:22 [TestNG-test-OrangeHRmTest-3] INFO  ActionDriver - WebDriver instance is created
2026-06-11 16:45:24 [TestNG-test-OrangeHRmTest-3] INFO  ActionDriver - Entered text: admin in Name: username
2026-06-11 16:45:24 [TestNG-test-OrangeHRmTest-3] INFO  ActionDriver - Entered text: admin123 in Name: password
2026-06-11 16:45:25 [TestNG-test-OrangeHRmTest-3] INFO  ActionDriver - Clicked element -> Text: Login
2026-06-11 16:45:27 [TestNG-test-OrangeHRmTest-3] INFO  ActionDriver - Clicked element -> Text: Richard Johnson
2026-06-11 16:45:29 [TestNG-test-OrangeHRmTest-3] INFO  ActionDriver - Clicked element -> Text: Logout
2026-06-11 16:45:31 [TestNG-test-OrangeHRmTest-3] INFO  Baseclass - WebDriver closed successfully
2026-06-11 16:45:36 [TestNG-test-OrangeHRmTest-1] WARN  ActionDriver - Border failed: no such element: Unable to locate element: {"method":"xpath","selector":"//input[@placeholder='Username']"}
  (Session info: chrome=149.0.7827.103)
For documentation on this error, please visit: https://www.selenium.dev/documentation/webdriver/troubleshooting/errors#nosuchelementexception
Build info: version: '4.44.0', revision: 'da2039b'
System info: os.name: 'Windows 11', os.arch: 'amd64', os.version: '10.0', java.version: '21.0.10'
Driver info: org.openqa.selenium.chrome.ChromeDriver
Command: [ac931c1684352846676a75b4c507a668, findElement {value=//input[@placeholder='Username'], using=xpath}]
Capabilities {acceptInsecureCerts: false, browserName: chrome, browserVersion: 149.0.7827.103, chrome: {chromedriverVersion: 149.0.7827.55 (3188f8a607ae..., userDataDir: C:\Users\DEVIKA~1\AppData\L...}, fedcm:accounts: true, goog:chromeOptions: {debuggerAddress: localhost:65075}, goog:processID: 17768, networkConnectionEnabled: false, pageLoadStrategy: normal, platformName: windows, proxy: Proxy(), se:cdp: ws://localhost:65075/devtoo..., se:cdpVersion: 149.0.7827.103, setWindowRect: true, strictFileInteractability: false, timeouts: {implicit: 0, pageLoad: 300000, script: 30000}, unhandledPromptBehavior: dismiss and notify, webauthn:extension:credBlob: true, webauthn:extension:largeBlob: true, webauthn:extension:minPinLength: true, webauthn:extension:prf: true, webauthn:virtualAuthenticators: true}
Session ID: ac931c1684352846676a75b4c507a668
2026-06-11 16:45:44 [TestNG-test-OrangeHRmTest-1] WARN  ActionDriver - Border failed: invalid session id
Build info: version: '4.44.0', revision: 'da2039b'
System info: os.name: 'Windows 11', os.arch: 'amd64', os.version: '10.0', java.version: '21.0.10'
Driver info: org.openqa.selenium.chrome.ChromeDriver
Command: [ac931c1684352846676a75b4c507a668, findElement {value=//input[@placeholder='Password'], using=xpath}]
Capabilities {acceptInsecureCerts: false, browserName: chrome, browserVersion: 149.0.7827.103, chrome: {chromedriverVersion: 149.0.7827.55 (3188f8a607ae..., userDataDir: C:\Users\DEVIKA~1\AppData\L...}, fedcm:accounts: true, goog:chromeOptions: {debuggerAddress: localhost:65075}, goog:processID: 17768, networkConnectionEnabled: false, pageLoadStrategy: normal, platformName: windows, proxy: Proxy(), se:cdp: ws://localhost:65075/devtoo..., se:cdpVersion: 149.0.7827.103, setWindowRect: true, strictFileInteractability: false, timeouts: {implicit: 0, pageLoad: 300000, script: 30000}, unhandledPromptBehavior: dismiss and notify, webauthn:extension:credBlob: true, webauthn:extension:largeBlob: true, webauthn:extension:minPinLength: true, webauthn:extension:prf: true, webauthn:virtualAuthenticators: true}
Session ID: ac931c1684352846676a75b4c507a668
2026-06-11 16:45:44 [TestNG-test-OrangeHRmTest-1] WARN  ActionDriver - Border failed: invalid session id
Build info: version: '4.44.0', revision: 'da2039b'
System info: os.name: 'Windows 11', os.arch: 'amd64', os.version: '10.0', java.version: '21.0.10'
Driver info: org.openqa.selenium.chrome.ChromeDriver
Command: [ac931c1684352846676a75b4c507a668, findElement {value=//button[normalize-space()='Login'], using=xpath}]
Capabilities {acceptInsecureCerts: false, browserName: chrome, browserVersion: 149.0.7827.103, chrome: {chromedriverVersion: 149.0.7827.55 (3188f8a607ae..., userDataDir: C:\Users\DEVIKA~1\AppData\L...}, fedcm:accounts: true, goog:chromeOptions: {debuggerAddress: localhost:65075}, goog:processID: 17768, networkConnectionEnabled: false, pageLoadStrategy: normal, platformName: windows, proxy: Proxy(), se:cdp: ws://localhost:65075/devtoo..., se:cdpVersion: 149.0.7827.103, setWindowRect: true, strictFileInteractability: false, timeouts: {implicit: 0, pageLoad: 300000, script: 30000}, unhandledPromptBehavior: dismiss and notify, webauthn:extension:credBlob: true, webauthn:extension:largeBlob: true, webauthn:extension:minPinLength: true, webauthn:extension:prf: true, webauthn:virtualAuthenticators: true}
Session ID: ac931c1684352846676a75b4c507a668
2026-06-11 16:45:44 [TestNG-test-OrangeHRmTest-1] WARN  ActionDriver - Border failed: invalid session id
Build info: version: '4.44.0', revision: 'da2039b'
System info: os.name: 'Windows 11', os.arch: 'amd64', os.version: '10.0', java.version: '21.0.10'
Driver info: org.openqa.selenium.chrome.ChromeDriver
Command: [ac931c1684352846676a75b4c507a668, findElement {value=//button[normalize-space()='Login'], using=xpath}]
Capabilities {acceptInsecureCerts: false, browserName: chrome, browserVersion: 149.0.7827.103, chrome: {chromedriverVersion: 149.0.7827.55 (3188f8a607ae..., userDataDir: C:\Users\DEVIKA~1\AppData\L...}, fedcm:accounts: true, goog:chromeOptions: {debuggerAddress: localhost:65075}, goog:processID: 17768, networkConnectionEnabled: false, pageLoadStrategy: normal, platformName: windows, proxy: Proxy(), se:cdp: ws://localhost:65075/devtoo..., se:cdpVersion: 149.0.7827.103, setWindowRect: true, strictFileInteractability: false, timeouts: {implicit: 0, pageLoad: 300000, script: 30000}, unhandledPromptBehavior: dismiss and notify, webauthn:extension:credBlob: true, webauthn:extension:largeBlob: true, webauthn:extension:minPinLength: true, webauthn:extension:prf: true, webauthn:virtualAuthenticators: true}
Session ID: ac931c1684352846676a75b4c507a668
2026-06-11 16:45:44 [TestNG-test-OrangeHRmTest-1] WARN  ActionDriver - Border failed: invalid session id
Build info: version: '4.44.0', revision: 'da2039b'
System info: os.name: 'Windows 11', os.arch: 'amd64', os.version: '10.0', java.version: '21.0.10'
Driver info: org.openqa.selenium.chrome.ChromeDriver
Command: [ac931c1684352846676a75b4c507a668, findElement {value=//div[@class='oxd-brand-banner']//img, using=xpath}]
Capabilities {acceptInsecureCerts: false, browserName: chrome, browserVersion: 149.0.7827.103, chrome: {chromedriverVersion: 149.0.7827.55 (3188f8a607ae..., userDataDir: C:\Users\DEVIKA~1\AppData\L...}, fedcm:accounts: true, goog:chromeOptions: {debuggerAddress: localhost:65075}, goog:processID: 17768, networkConnectionEnabled: false, pageLoadStrategy: normal, platformName: windows, proxy: Proxy(), se:cdp: ws://localhost:65075/devtoo..., se:cdpVersion: 149.0.7827.103, setWindowRect: true, strictFileInteractability: false, timeouts: {implicit: 0, pageLoad: 300000, script: 30000}, unhandledPromptBehavior: dismiss and notify, webauthn:extension:credBlob: true, webauthn:extension:largeBlob: true, webauthn:extension:minPinLength: true, webauthn:extension:prf: true, webauthn:virtualAuthenticators: true}
Session ID: ac931c1684352846676a75b4c507a668
2026-06-11 16:45:45 [TestNG-test-OrangeHRmTest-2] INFO  Baseclass - WebDriver closed successfully
2026-06-11 16:45:45 [TestNG-test-OrangeHRmTest-1] INFO  Baseclass - WebDriver closed successfully
2026-06-11 16:47:35 [main] INFO  Baseclass - config.property file loaded
2026-06-11 16:47:36 [main] INFO  Baseclass - Setting up WebDriver for: com.orangehrm.test.Dummyclass
2026-06-11 16:47:38 [main] INFO  Baseclass - ChromeDriver created
2026-06-11 16:47:43 [main] INFO  ActionDriver - WebDriver instance is created
2026-06-11 16:47:43 [main] INFO  Baseclass - WebDriver initialized successfully
2026-06-11 16:47:44 [main] INFO  Baseclass - WebDriver closed successfully
2026-06-11 16:47:44 [main] INFO  Baseclass - Setting up WebDriver for: com.orangehrm.test.Dummyclass2
2026-06-11 16:47:45 [main] INFO  Baseclass - ChromeDriver created
2026-06-11 16:47:55 [main] INFO  ActionDriver - WebDriver instance is created
2026-06-11 16:47:55 [main] INFO  Baseclass - WebDriver initialized successfully
2026-06-11 16:47:56 [main] INFO  Baseclass - WebDriver closed successfully
2026-06-11 16:47:56 [main] INFO  Baseclass - Setting up WebDriver for: com.orangehrm.test.LoginPageTest
2026-06-11 16:47:57 [main] INFO  Baseclass - ChromeDriver created
2026-06-11 16:48:04 [main] INFO  ActionDriver - WebDriver instance is created
2026-06-11 16:48:04 [main] INFO  Baseclass - WebDriver initialized successfully
2026-06-11 16:48:07 [main] INFO  ActionDriver - WebDriver instance is created
2026-06-11 16:48:07 [main] INFO  ActionDriver - WebDriver instance is created
2026-06-11 16:48:10 [main] INFO  ActionDriver - Entered text: wronguser in Name: username
2026-06-11 16:48:10 [main] INFO  ActionDriver - Entered text: wrongpassword in Name: password
2026-06-11 16:48:10 [main] INFO  ActionDriver - Clicked element -> Text: Login
2026-06-11 16:48:17 [main] INFO  Baseclass - WebDriver closed successfully
2026-06-11 16:48:17 [main] INFO  Baseclass - Setting up WebDriver for: com.orangehrm.test.LoginPageTest
2026-06-11 16:48:18 [main] INFO  Baseclass - ChromeDriver created
2026-06-11 16:48:20 [main] INFO  ActionDriver - WebDriver instance is created
2026-06-11 16:48:20 [main] INFO  Baseclass - WebDriver initialized successfully
2026-06-11 16:48:23 [main] INFO  ActionDriver - WebDriver instance is created
2026-06-11 16:48:25 [main] INFO  ActionDriver - Entered text: admin in Name: username
2026-06-11 16:48:26 [main] INFO  ActionDriver - Entered text: admin123 in Name: password
2026-06-11 16:48:26 [main] INFO  ActionDriver - Clicked element -> Text: Login
2026-06-11 16:48:28 [main] INFO  ActionDriver - Clicked element -> Text: Richard Johnson
2026-06-11 16:48:30 [main] INFO  ActionDriver - Clicked element -> Text: Logout
2026-06-11 16:48:32 [main] INFO  Baseclass - WebDriver closed successfully
2026-06-11 16:48:32 [main] INFO  Baseclass - Setting up WebDriver for: com.orangehrm.test.HomePageTest
2026-06-11 16:48:33 [main] INFO  Baseclass - ChromeDriver created
2026-06-11 16:48:37 [main] INFO  ActionDriver - WebDriver instance is created
2026-06-11 16:48:37 [main] INFO  Baseclass - WebDriver initialized successfully
2026-06-11 16:48:37 [main] INFO  ActionDriver - WebDriver instance is created
2026-06-11 16:48:40 [main] INFO  ActionDriver - Entered text: admin in Name: username
2026-06-11 16:48:40 [main] INFO  ActionDriver - Entered text: admin123 in Name: password
2026-06-11 16:48:40 [main] INFO  ActionDriver - Clicked element -> Text: Login
2026-06-11 16:49:04 [main] WARN  ActionDriver - Border failed: no such element: Unable to locate element: {"method":"xpath","selector":"//input[@placeholder='Username']"}
  (Session info: chrome=149.0.7827.103)
For documentation on this error, please visit: https://www.selenium.dev/documentation/webdriver/troubleshooting/errors#nosuchelementexception
Build info: version: '4.44.0', revision: 'da2039b'
System info: os.name: 'Windows 11', os.arch: 'amd64', os.version: '10.0', java.version: '21.0.10'
Driver info: org.openqa.selenium.chrome.ChromeDriver
Command: [4fb9e16b527dd9a39ac13d51e5f00ed2, findElement {value=//input[@placeholder='Username'], using=xpath}]
Capabilities {acceptInsecureCerts: false, browserName: chrome, browserVersion: 149.0.7827.103, chrome: {chromedriverVersion: 149.0.7827.55 (3188f8a607ae..., userDataDir: C:\Users\DEVIKA~1\AppData\L...}, fedcm:accounts: true, goog:chromeOptions: {debuggerAddress: localhost:60227}, goog:processID: 10144, networkConnectionEnabled: false, pageLoadStrategy: normal, platformName: windows, proxy: Proxy(), se:cdp: ws://localhost:60227/devtoo..., se:cdpVersion: 149.0.7827.103, setWindowRect: true, strictFileInteractability: false, timeouts: {implicit: 0, pageLoad: 300000, script: 30000}, unhandledPromptBehavior: dismiss and notify, webauthn:extension:credBlob: true, webauthn:extension:largeBlob: true, webauthn:extension:minPinLength: true, webauthn:extension:prf: true, webauthn:virtualAuthenticators: true}
Session ID: 4fb9e16b527dd9a39ac13d51e5f00ed2
2026-06-11 16:49:15 [main] WARN  ActionDriver - Border failed: invalid session id: session deleted as the browser has closed the connection
from disconnected: unable to send message to renderer
  (Session info: chrome=149.0.7827.103)
Build info: version: '4.44.0', revision: 'da2039b'
System info: os.name: 'Windows 11', os.arch: 'amd64', os.version: '10.0', java.version: '21.0.10'
Driver info: org.openqa.selenium.chrome.ChromeDriver
Command: [4fb9e16b527dd9a39ac13d51e5f00ed2, findElement {value=//input[@placeholder='Password'], using=xpath}]
Capabilities {acceptInsecureCerts: false, browserName: chrome, browserVersion: 149.0.7827.103, chrome: {chromedriverVersion: 149.0.7827.55 (3188f8a607ae..., userDataDir: C:\Users\DEVIKA~1\AppData\L...}, fedcm:accounts: true, goog:chromeOptions: {debuggerAddress: localhost:60227}, goog:processID: 10144, networkConnectionEnabled: false, pageLoadStrategy: normal, platformName: windows, proxy: Proxy(), se:cdp: ws://localhost:60227/devtoo..., se:cdpVersion: 149.0.7827.103, setWindowRect: true, strictFileInteractability: false, timeouts: {implicit: 0, pageLoad: 300000, script: 30000}, unhandledPromptBehavior: dismiss and notify, webauthn:extension:credBlob: true, webauthn:extension:largeBlob: true, webauthn:extension:minPinLength: true, webauthn:extension:prf: true, webauthn:virtualAuthenticators: true}
Session ID: 4fb9e16b527dd9a39ac13d51e5f00ed2
2026-06-11 16:49:15 [main] WARN  ActionDriver - Border failed: invalid session id
Build info: version: '4.44.0', revision: 'da2039b'
System info: os.name: 'Windows 11', os.arch: 'amd64', os.version: '10.0', java.version: '21.0.10'
Driver info: org.openqa.selenium.chrome.ChromeDriver
Command: [4fb9e16b527dd9a39ac13d51e5f00ed2, findElement {value=//button[normalize-space()='Login'], using=xpath}]
Capabilities {acceptInsecureCerts: false, browserName: chrome, browserVersion: 149.0.7827.103, chrome: {chromedriverVersion: 149.0.7827.55 (3188f8a607ae..., userDataDir: C:\Users\DEVIKA~1\AppData\L...}, fedcm:accounts: true, goog:chromeOptions: {debuggerAddress: localhost:60227}, goog:processID: 10144, networkConnectionEnabled: false, pageLoadStrategy: normal, platformName: windows, proxy: Proxy(), se:cdp: ws://localhost:60227/devtoo..., se:cdpVersion: 149.0.7827.103, setWindowRect: true, strictFileInteractability: false, timeouts: {implicit: 0, pageLoad: 300000, script: 30000}, unhandledPromptBehavior: dismiss and notify, webauthn:extension:credBlob: true, webauthn:extension:largeBlob: true, webauthn:extension:minPinLength: true, webauthn:extension:prf: true, webauthn:virtualAuthenticators: true}
Session ID: 4fb9e16b527dd9a39ac13d51e5f00ed2
2026-06-11 16:49:15 [main] WARN  ActionDriver - Border failed: invalid session id
Build info: version: '4.44.0', revision: 'da2039b'
System info: os.name: 'Windows 11', os.arch: 'amd64', os.version: '10.0', java.version: '21.0.10'
Driver info: org.openqa.selenium.chrome.ChromeDriver
Command: [4fb9e16b527dd9a39ac13d51e5f00ed2, findElement {value=//button[normalize-space()='Login'], using=xpath}]
Capabilities {acceptInsecureCerts: false, browserName: chrome, browserVersion: 149.0.7827.103, chrome: {chromedriverVersion: 149.0.7827.55 (3188f8a607ae..., userDataDir: C:\Users\DEVIKA~1\AppData\L...}, fedcm:accounts: true, goog:chromeOptions: {debuggerAddress: localhost:60227}, goog:processID: 10144, networkConnectionEnabled: false, pageLoadStrategy: normal, platformName: windows, proxy: Proxy(), se:cdp: ws://localhost:60227/devtoo..., se:cdpVersion: 149.0.7827.103, setWindowRect: true, strictFileInteractability: false, timeouts: {implicit: 0, pageLoad: 300000, script: 30000}, unhandledPromptBehavior: dismiss and notify, webauthn:extension:credBlob: true, webauthn:extension:largeBlob: true, webauthn:extension:minPinLength: true, webauthn:extension:prf: true, webauthn:virtualAuthenticators: true}
Session ID: 4fb9e16b527dd9a39ac13d51e5f00ed2
2026-06-11 16:49:15 [main] WARN  ActionDriver - Border failed: invalid session id
Build info: version: '4.44.0', revision: 'da2039b'
System info: os.name: 'Windows 11', os.arch: 'amd64', os.version: '10.0', java.version: '21.0.10'
Driver info: org.openqa.selenium.chrome.ChromeDriver
Command: [4fb9e16b527dd9a39ac13d51e5f00ed2, findElement {value=//div[@class='oxd-brand-banner']//img, using=xpath}]
Capabilities {acceptInsecureCerts: false, browserName: chrome, browserVersion: 149.0.7827.103, chrome: {chromedriverVersion: 149.0.7827.55 (3188f8a607ae..., userDataDir: C:\Users\DEVIKA~1\AppData\L...}, fedcm:accounts: true, goog:chromeOptions: {debuggerAddress: localhost:60227}, goog:processID: 10144, networkConnectionEnabled: false, pageLoadStrategy: normal, platformName: windows, proxy: Proxy(), se:cdp: ws://localhost:60227/devtoo..., se:cdpVersion: 149.0.7827.103, setWindowRect: true, strictFileInteractability: false, timeouts: {implicit: 0, pageLoad: 300000, script: 30000}, unhandledPromptBehavior: dismiss and notify, webauthn:extension:credBlob: true, webauthn:extension:largeBlob: true, webauthn:extension:minPinLength: true, webauthn:extension:prf: true, webauthn:virtualAuthenticators: true}
Session ID: 4fb9e16b527dd9a39ac13d51e5f00ed2
2026-06-11 16:49:16 [main] INFO  Baseclass - WebDriver closed successfully
2026-06-11 16:53:05 [main] INFO  Baseclass - config.property file loaded
2026-06-11 16:53:05 [main] INFO  Baseclass - Setting up WebDriver for: com.orangehrm.test.Dummyclass
2026-06-11 16:53:07 [main] INFO  Baseclass - ChromeDriver created
2026-06-11 16:53:08 [main] INFO  ActionDriver - WebDriver instance is created
2026-06-11 16:53:08 [main] INFO  Baseclass - WebDriver initialized successfully
2026-06-11 16:53:13 [main] INFO  Baseclass - WebDriver closed successfully
2026-06-11 16:53:13 [main] INFO  Baseclass - Setting up WebDriver for: com.orangehrm.test.Dummyclass2
2026-06-11 16:53:14 [main] INFO  Baseclass - ChromeDriver created
2026-06-11 16:53:19 [main] INFO  ActionDriver - WebDriver instance is created
2026-06-11 16:53:19 [main] INFO  Baseclass - WebDriver initialized successfully
2026-06-11 16:53:19 [main] INFO  Baseclass - WebDriver closed successfully
2026-06-11 16:53:20 [main] INFO  Baseclass - Setting up WebDriver for: com.orangehrm.test.LoginPageTest
2026-06-11 16:53:21 [main] INFO  Baseclass - ChromeDriver created
2026-06-11 16:53:30 [main] INFO  ActionDriver - WebDriver instance is created
2026-06-11 16:53:30 [main] INFO  Baseclass - WebDriver initialized successfully
2026-06-11 16:53:33 [main] INFO  ActionDriver - WebDriver instance is created
2026-06-11 16:53:33 [main] INFO  ActionDriver - WebDriver instance is created
2026-06-11 16:53:35 [main] INFO  ActionDriver - Entered text: wronguser in Name: username
2026-06-11 16:53:35 [main] INFO  ActionDriver - Entered text: wrongpassword in Name: password
2026-06-11 16:53:35 [main] INFO  ActionDriver - Clicked element -> Text: Login
2026-06-11 16:53:39 [main] INFO  Baseclass - WebDriver closed successfully
2026-06-11 16:53:39 [main] INFO  Baseclass - Setting up WebDriver for: com.orangehrm.test.LoginPageTest
2026-06-11 16:53:40 [main] INFO  Baseclass - ChromeDriver created
2026-06-11 16:53:45 [main] INFO  ActionDriver - WebDriver instance is created
2026-06-11 16:53:45 [main] INFO  Baseclass - WebDriver initialized successfully
2026-06-11 16:53:48 [main] INFO  ActionDriver - WebDriver instance is created
2026-06-11 16:53:50 [main] INFO  ActionDriver - Entered text: admin in Name: username
2026-06-11 16:53:51 [main] INFO  ActionDriver - Entered text: admin123 in Name: password
2026-06-11 16:53:51 [main] INFO  ActionDriver - Clicked element -> Text: Login
2026-06-11 16:53:54 [main] INFO  ActionDriver - Clicked element -> Text: Richard Johnson
2026-06-11 16:53:55 [main] INFO  ActionDriver - Clicked element -> Text: Logout
2026-06-11 16:53:58 [main] INFO  Baseclass - WebDriver closed successfully
2026-06-11 16:53:58 [main] INFO  Baseclass - Setting up WebDriver for: com.orangehrm.test.HomePageTest
2026-06-11 16:53:59 [main] INFO  Baseclass - ChromeDriver created
2026-06-11 16:54:04 [main] INFO  ActionDriver - WebDriver instance is created
2026-06-11 16:54:04 [main] INFO  Baseclass - WebDriver initialized successfully
2026-06-11 16:54:04 [main] INFO  ActionDriver - WebDriver instance is created
2026-06-11 16:54:07 [main] INFO  ActionDriver - Entered text: admin in Name: username
2026-06-11 16:54:07 [main] INFO  ActionDriver - Entered text: admin123 in Name: password
2026-06-11 16:54:07 [main] INFO  ActionDriver - Clicked element -> Text: Login
2026-06-11 16:54:29 [main] WARN  ActionDriver - Border failed: no such element: Unable to locate element: {"method":"xpath","selector":"//input[@placeholder='Username']"}
  (Session info: chrome=149.0.7827.103)
For documentation on this error, please visit: https://www.selenium.dev/documentation/webdriver/troubleshooting/errors#nosuchelementexception
Build info: version: '4.44.0', revision: 'da2039b'
System info: os.name: 'Windows 11', os.arch: 'amd64', os.version: '10.0', java.version: '21.0.10'
Driver info: org.openqa.selenium.chrome.ChromeDriver
Command: [7c04ff9adc04b5fbfb8d2bcd210d09d5, findElement {value=//input[@placeholder='Username'], using=xpath}]
Capabilities {acceptInsecureCerts: false, browserName: chrome, browserVersion: 149.0.7827.103, chrome: {chromedriverVersion: 149.0.7827.55 (3188f8a607ae..., userDataDir: C:\Users\DEVIKA~1\AppData\L...}, fedcm:accounts: true, goog:chromeOptions: {debuggerAddress: localhost:57851}, goog:processID: 19696, networkConnectionEnabled: false, pageLoadStrategy: normal, platformName: windows, proxy: Proxy(), se:cdp: ws://localhost:57851/devtoo..., se:cdpVersion: 149.0.7827.103, setWindowRect: true, strictFileInteractability: false, timeouts: {implicit: 0, pageLoad: 300000, script: 30000}, unhandledPromptBehavior: dismiss and notify, webauthn:extension:credBlob: true, webauthn:extension:largeBlob: true, webauthn:extension:minPinLength: true, webauthn:extension:prf: true, webauthn:virtualAuthenticators: true}
Session ID: 7c04ff9adc04b5fbfb8d2bcd210d09d5
2026-06-11 16:54:49 [main] WARN  ActionDriver - Border failed: no such element: Unable to locate element: {"method":"xpath","selector":"//input[@placeholder='Password']"}
  (Session info: chrome=149.0.7827.103)
For documentation on this error, please visit: https://www.selenium.dev/documentation/webdriver/troubleshooting/errors#nosuchelementexception
Build info: version: '4.44.0', revision: 'da2039b'
System info: os.name: 'Windows 11', os.arch: 'amd64', os.version: '10.0', java.version: '21.0.10'
Driver info: org.openqa.selenium.chrome.ChromeDriver
Command: [7c04ff9adc04b5fbfb8d2bcd210d09d5, findElement {value=//input[@placeholder='Password'], using=xpath}]
Capabilities {acceptInsecureCerts: false, browserName: chrome, browserVersion: 149.0.7827.103, chrome: {chromedriverVersion: 149.0.7827.55 (3188f8a607ae..., userDataDir: C:\Users\DEVIKA~1\AppData\L...}, fedcm:accounts: true, goog:chromeOptions: {debuggerAddress: localhost:57851}, goog:processID: 19696, networkConnectionEnabled: false, pageLoadStrategy: normal, platformName: windows, proxy: Proxy(), se:cdp: ws://localhost:57851/devtoo..., se:cdpVersion: 149.0.7827.103, setWindowRect: true, strictFileInteractability: false, timeouts: {implicit: 0, pageLoad: 300000, script: 30000}, unhandledPromptBehavior: dismiss and notify, webauthn:extension:credBlob: true, webauthn:extension:largeBlob: true, webauthn:extension:minPinLength: true, webauthn:extension:prf: true, webauthn:virtualAuthenticators: true}
Session ID: 7c04ff9adc04b5fbfb8d2bcd210d09d5
2026-06-11 16:54:50 [main] WARN  ActionDriver - Border failed: invalid session id
Build info: version: '4.44.0', revision: 'da2039b'
System info: os.name: 'Windows 11', os.arch: 'amd64', os.version: '10.0', java.version: '21.0.10'
Driver info: org.openqa.selenium.chrome.ChromeDriver
Command: [7c04ff9adc04b5fbfb8d2bcd210d09d5, findElement {value=//button[normalize-space()='Login'], using=xpath}]
Capabilities {acceptInsecureCerts: false, browserName: chrome, browserVersion: 149.0.7827.103, chrome: {chromedriverVersion: 149.0.7827.55 (3188f8a607ae..., userDataDir: C:\Users\DEVIKA~1\AppData\L...}, fedcm:accounts: true, goog:chromeOptions: {debuggerAddress: localhost:57851}, goog:processID: 19696, networkConnectionEnabled: false, pageLoadStrategy: normal, platformName: windows, proxy: Proxy(), se:cdp: ws://localhost:57851/devtoo..., se:cdpVersion: 149.0.7827.103, setWindowRect: true, strictFileInteractability: false, timeouts: {implicit: 0, pageLoad: 300000, script: 30000}, unhandledPromptBehavior: dismiss and notify, webauthn:extension:credBlob: true, webauthn:extension:largeBlob: true, webauthn:extension:minPinLength: true, webauthn:extension:prf: true, webauthn:virtualAuthenticators: true}
Session ID: 7c04ff9adc04b5fbfb8d2bcd210d09d5
2026-06-11 16:54:50 [main] WARN  ActionDriver - Border failed: invalid session id
Build info: version: '4.44.0', revision: 'da2039b'
System info: os.name: 'Windows 11', os.arch: 'amd64', os.version: '10.0', java.version: '21.0.10'
Driver info: org.openqa.selenium.chrome.ChromeDriver
Command: [7c04ff9adc04b5fbfb8d2bcd210d09d5, findElement {value=//button[normalize-space()='Login'], using=xpath}]
Capabilities {acceptInsecureCerts: false, browserName: chrome, browserVersion: 149.0.7827.103, chrome: {chromedriverVersion: 149.0.7827.55 (3188f8a607ae..., userDataDir: C:\Users\DEVIKA~1\AppData\L...}, fedcm:accounts: true, goog:chromeOptions: {debuggerAddress: localhost:57851}, goog:processID: 19696, networkConnectionEnabled: false, pageLoadStrategy: normal, platformName: windows, proxy: Proxy(), se:cdp: ws://localhost:57851/devtoo..., se:cdpVersion: 149.0.7827.103, setWindowRect: true, strictFileInteractability: false, timeouts: {implicit: 0, pageLoad: 300000, script: 30000}, unhandledPromptBehavior: dismiss and notify, webauthn:extension:credBlob: true, webauthn:extension:largeBlob: true, webauthn:extension:minPinLength: true, webauthn:extension:prf: true, webauthn:virtualAuthenticators: true}
Session ID: 7c04ff9adc04b5fbfb8d2bcd210d09d5
2026-06-11 16:54:50 [main] WARN  ActionDriver - Border failed: invalid session id
Build info: version: '4.44.0', revision: 'da2039b'
System info: os.name: 'Windows 11', os.arch: 'amd64', os.version: '10.0', java.version: '21.0.10'
Driver info: org.openqa.selenium.chrome.ChromeDriver
Command: [7c04ff9adc04b5fbfb8d2bcd210d09d5, findElement {value=//div[@class='oxd-brand-banner']//img, using=xpath}]
Capabilities {acceptInsecureCerts: false, browserName: chrome, browserVersion: 149.0.7827.103, chrome: {chromedriverVersion: 149.0.7827.55 (3188f8a607ae..., userDataDir: C:\Users\DEVIKA~1\AppData\L...}, fedcm:accounts: true, goog:chromeOptions: {debuggerAddress: localhost:57851}, goog:processID: 19696, networkConnectionEnabled: false, pageLoadStrategy: normal, platformName: windows, proxy: Proxy(), se:cdp: ws://localhost:57851/devtoo..., se:cdpVersion: 149.0.7827.103, setWindowRect: true, strictFileInteractability: false, timeouts: {implicit: 0, pageLoad: 300000, script: 30000}, unhandledPromptBehavior: dismiss and notify, webauthn:extension:credBlob: true, webauthn:extension:largeBlob: true, webauthn:extension:minPinLength: true, webauthn:extension:prf: true, webauthn:virtualAuthenticators: true}
Session ID: 7c04ff9adc04b5fbfb8d2bcd210d09d5
2026-06-11 16:54:51 [main] INFO  Baseclass - WebDriver closed successfully
2026-06-11 16:58:23 [main] INFO  Baseclass - config.property file loaded
2026-06-11 16:58:23 [main] INFO  Baseclass - Setting up WebDriver for: com.orangehrm.test.Dummyclass
2026-06-11 16:58:25 [main] INFO  Baseclass - ChromeDriver created
2026-06-11 16:58:32 [main] INFO  ActionDriver - WebDriver instance is created
2026-06-11 16:58:32 [main] INFO  Baseclass - WebDriver initialized successfully
2026-06-11 16:58:33 [main] INFO  Baseclass - WebDriver closed successfully
2026-06-11 16:58:33 [main] INFO  Baseclass - Setting up WebDriver for: com.orangehrm.test.Dummyclass2
2026-06-11 16:58:34 [main] INFO  Baseclass - ChromeDriver created
2026-06-11 16:58:37 [main] INFO  ActionDriver - WebDriver instance is created
2026-06-11 16:58:37 [main] INFO  Baseclass - WebDriver initialized successfully
2026-06-11 16:58:39 [main] INFO  Baseclass - WebDriver closed successfully
2026-06-11 16:58:39 [main] INFO  Baseclass - Setting up WebDriver for: com.orangehrm.test.LoginPageTest
2026-06-11 16:58:41 [main] INFO  Baseclass - ChromeDriver created
2026-06-11 16:58:42 [main] INFO  ActionDriver - WebDriver instance is created
2026-06-11 16:58:42 [main] INFO  Baseclass - WebDriver initialized successfully
2026-06-11 17:01:08 [main] INFO  Baseclass - config.property file loaded
2026-06-11 17:01:08 [main] INFO  Baseclass - Setting up WebDriver for: com.orangehrm.test.Dummyclass
2026-06-11 17:01:10 [main] INFO  Baseclass - ChromeDriver created
2026-06-11 17:01:15 [main] INFO  ActionDriver - WebDriver instance is created
2026-06-11 17:01:15 [main] INFO  Baseclass - WebDriver initialized successfully
2026-06-11 17:01:16 [main] INFO  Baseclass - WebDriver closed successfully
2026-06-11 17:01:16 [main] INFO  Baseclass - Setting up WebDriver for: com.orangehrm.test.Dummyclass2
2026-06-11 17:01:17 [main] INFO  Baseclass - ChromeDriver created
2026-06-11 17:01:18 [main] INFO  ActionDriver - WebDriver instance is created
2026-06-11 17:01:18 [main] INFO  Baseclass - WebDriver initialized successfully
2026-06-11 17:01:23 [main] INFO  Baseclass - WebDriver closed successfully
2026-06-11 17:01:24 [main] INFO  Baseclass - Setting up WebDriver for: com.orangehrm.test.LoginPageTest
2026-06-11 17:01:25 [main] INFO  Baseclass - ChromeDriver created
2026-06-11 17:02:17 [main] INFO  ActionDriver - WebDriver instance is created
2026-06-11 17:02:17 [main] INFO  Baseclass - WebDriver initialized successfully
2026-06-11 17:02:20 [main] INFO  ActionDriver - WebDriver instance is created
2026-06-11 17:02:20 [main] INFO  ActionDriver - WebDriver instance is created
2026-06-11 17:04:00 [main] INFO  Baseclass - config.property file loaded
2026-06-11 17:04:00 [main] INFO  Baseclass - Setting up WebDriver for: com.orangehrm.test.Dummyclass
2026-06-11 17:04:02 [main] INFO  Baseclass - ChromeDriver created
2026-06-11 17:04:03 [main] INFO  ActionDriver - WebDriver instance is created
2026-06-11 17:04:03 [main] INFO  Baseclass - WebDriver initialized successfully
2026-06-11 17:04:09 [main] INFO  Baseclass - WebDriver closed successfully
2026-06-11 17:04:09 [main] INFO  Baseclass - Setting up WebDriver for: com.orangehrm.test.Dummyclass2
2026-06-11 17:04:10 [main] INFO  Baseclass - ChromeDriver created
2026-06-11 17:04:16 [main] INFO  ActionDriver - WebDriver instance is created
2026-06-11 17:04:16 [main] INFO  Baseclass - WebDriver initialized successfully
2026-06-11 17:04:16 [main] INFO  Baseclass - WebDriver closed successfully
2026-06-11 17:04:17 [main] INFO  Baseclass - Setting up WebDriver for: com.orangehrm.test.LoginPageTest
2026-06-11 17:04:18 [main] INFO  Baseclass - ChromeDriver created
2026-06-11 17:04:20 [main] INFO  ActionDriver - WebDriver instance is created
2026-06-11 17:04:20 [main] INFO  Baseclass - WebDriver initialized successfully
2026-06-11 17:04:23 [main] INFO  ActionDriver - WebDriver instance is created
2026-06-11 17:04:23 [main] INFO  ActionDriver - WebDriver instance is created
2026-06-11 17:06:16 [main] WARN  ActionDriver - Border failed: no such window: target window already closed
from unknown error: web view not found
  (Session info: chrome=149.0.7827.103)
Build info: version: '4.44.0', revision: 'da2039b'
System info: os.name: 'Windows 11', os.arch: 'amd64', os.version: '10.0', java.version: '21.0.10'
Driver info: org.openqa.selenium.chrome.ChromeDriver
Command: [adee37a077c04e590435081cf52b0e88, findElement {using=xpath, value=//input[@placeholder='Username']}]
Capabilities {acceptInsecureCerts: false, browserName: chrome, browserVersion: 149.0.7827.103, chrome: {chromedriverVersion: 149.0.7827.55 (3188f8a607ae..., userDataDir: C:\Users\DEVIKA~1\AppData\L...}, fedcm:accounts: true, goog:chromeOptions: {debuggerAddress: localhost:59443}, goog:processID: 18856, networkConnectionEnabled: false, pageLoadStrategy: normal, platformName: windows, proxy: Proxy(), se:cdp: ws://localhost:59443/devtoo..., se:cdpVersion: 149.0.7827.103, setWindowRect: true, strictFileInteractability: false, timeouts: {implicit: 0, pageLoad: 300000, script: 30000}, unhandledPromptBehavior: dismiss and notify, webauthn:extension:credBlob: true, webauthn:extension:largeBlob: true, webauthn:extension:minPinLength: true, webauthn:extension:prf: true, webauthn:virtualAuthenticators: true}
Session ID: adee37a077c04e590435081cf52b0e88
2026-06-11 17:06:26 [main] WARN  ActionDriver - Border failed: no such window: target window already closed
from unknown error: web view not found
  (Session info: chrome=149.0.7827.103)
Build info: version: '4.44.0', revision: 'da2039b'
System info: os.name: 'Windows 11', os.arch: 'amd64', os.version: '10.0', java.version: '21.0.10'
Driver info: org.openqa.selenium.chrome.ChromeDriver
Command: [adee37a077c04e590435081cf52b0e88, findElement {using=xpath, value=//input[@placeholder='Password']}]
Capabilities {acceptInsecureCerts: false, browserName: chrome, browserVersion: 149.0.7827.103, chrome: {chromedriverVersion: 149.0.7827.55 (3188f8a607ae..., userDataDir: C:\Users\DEVIKA~1\AppData\L...}, fedcm:accounts: true, goog:chromeOptions: {debuggerAddress: localhost:59443}, goog:processID: 18856, networkConnectionEnabled: false, pageLoadStrategy: normal, platformName: windows, proxy: Proxy(), se:cdp: ws://localhost:59443/devtoo..., se:cdpVersion: 149.0.7827.103, setWindowRect: true, strictFileInteractability: false, timeouts: {implicit: 0, pageLoad: 300000, script: 30000}, unhandledPromptBehavior: dismiss and notify, webauthn:extension:credBlob: true, webauthn:extension:largeBlob: true, webauthn:extension:minPinLength: true, webauthn:extension:prf: true, webauthn:virtualAuthenticators: true}
Session ID: adee37a077c04e590435081cf52b0e88
2026-06-11 17:06:26 [main] WARN  ActionDriver - Border failed: no such window: target window already closed
from unknown error: web view not found
  (Session info: chrome=149.0.7827.103)
Build info: version: '4.44.0', revision: 'da2039b'
System info: os.name: 'Windows 11', os.arch: 'amd64', os.version: '10.0', java.version: '21.0.10'
Driver info: org.openqa.selenium.chrome.ChromeDriver
Command: [adee37a077c04e590435081cf52b0e88, findElement {using=xpath, value=//button[normalize-space()='Login']}]
Capabilities {acceptInsecureCerts: false, browserName: chrome, browserVersion: 149.0.7827.103, chrome: {chromedriverVersion: 149.0.7827.55 (3188f8a607ae..., userDataDir: C:\Users\DEVIKA~1\AppData\L...}, fedcm:accounts: true, goog:chromeOptions: {debuggerAddress: localhost:59443}, goog:processID: 18856, networkConnectionEnabled: false, pageLoadStrategy: normal, platformName: windows, proxy: Proxy(), se:cdp: ws://localhost:59443/devtoo..., se:cdpVersion: 149.0.7827.103, setWindowRect: true, strictFileInteractability: false, timeouts: {implicit: 0, pageLoad: 300000, script: 30000}, unhandledPromptBehavior: dismiss and notify, webauthn:extension:credBlob: true, webauthn:extension:largeBlob: true, webauthn:extension:minPinLength: true, webauthn:extension:prf: true, webauthn:virtualAuthenticators: true}
Session ID: adee37a077c04e590435081cf52b0e88
2026-06-11 17:06:36 [main] WARN  ActionDriver - Border failed: no such window: target window already closed
from unknown error: web view not found
  (Session info: chrome=149.0.7827.103)
Build info: version: '4.44.0', revision: 'da2039b'
System info: os.name: 'Windows 11', os.arch: 'amd64', os.version: '10.0', java.version: '21.0.10'
Driver info: org.openqa.selenium.chrome.ChromeDriver
Command: [adee37a077c04e590435081cf52b0e88, findElement {using=xpath, value=//button[normalize-space()='Login']}]
Capabilities {acceptInsecureCerts: false, browserName: chrome, browserVersion: 149.0.7827.103, chrome: {chromedriverVersion: 149.0.7827.55 (3188f8a607ae..., userDataDir: C:\Users\DEVIKA~1\AppData\L...}, fedcm:accounts: true, goog:chromeOptions: {debuggerAddress: localhost:59443}, goog:processID: 18856, networkConnectionEnabled: false, pageLoadStrategy: normal, platformName: windows, proxy: Proxy(), se:cdp: ws://localhost:59443/devtoo..., se:cdpVersion: 149.0.7827.103, setWindowRect: true, strictFileInteractability: false, timeouts: {implicit: 0, pageLoad: 300000, script: 30000}, unhandledPromptBehavior: dismiss and notify, webauthn:extension:credBlob: true, webauthn:extension:largeBlob: true, webauthn:extension:minPinLength: true, webauthn:extension:prf: true, webauthn:virtualAuthenticators: true}
Session ID: adee37a077c04e590435081cf52b0e88
2026-06-11 17:06:47 [main] WARN  ActionDriver - Border failed: no such window: target window already closed
from unknown error: web view not found
  (Session info: chrome=149.0.7827.103)
Build info: version: '4.44.0', revision: 'da2039b'
System info: os.name: 'Windows 11', os.arch: 'amd64', os.version: '10.0', java.version: '21.0.10'
Driver info: org.openqa.selenium.chrome.ChromeDriver
Command: [adee37a077c04e590435081cf52b0e88, findElement {using=xpath, value=//p[text() = 'Invalid credentials']}]
Capabilities {acceptInsecureCerts: false, browserName: chrome, browserVersion: 149.0.7827.103, chrome: {chromedriverVersion: 149.0.7827.55 (3188f8a607ae..., userDataDir: C:\Users\DEVIKA~1\AppData\L...}, fedcm:accounts: true, goog:chromeOptions: {debuggerAddress: localhost:59443}, goog:processID: 18856, networkConnectionEnabled: false, pageLoadStrategy: normal, platformName: windows, proxy: Proxy(), se:cdp: ws://localhost:59443/devtoo..., se:cdpVersion: 149.0.7827.103, setWindowRect: true, strictFileInteractability: false, timeouts: {implicit: 0, pageLoad: 300000, script: 30000}, unhandledPromptBehavior: dismiss and notify, webauthn:extension:credBlob: true, webauthn:extension:largeBlob: true, webauthn:extension:minPinLength: true, webauthn:extension:prf: true, webauthn:virtualAuthenticators: true}
Session ID: adee37a077c04e590435081cf52b0e88
2026-06-11 17:06:48 [main] INFO  Baseclass - WebDriver closed successfully
2026-06-11 17:06:48 [main] INFO  Baseclass - Setting up WebDriver for: com.orangehrm.test.LoginPageTest
2026-06-11 17:06:49 [main] INFO  Baseclass - ChromeDriver created
2026-06-11 17:06:51 [main] INFO  ActionDriver - WebDriver instance is created
2026-06-11 17:06:51 [main] INFO  Baseclass - WebDriver initialized successfully
2026-06-11 17:11:20 [main] INFO  Baseclass - config.property file loaded
2026-06-11 17:11:20 [main] INFO  Baseclass - Setting up WebDriver for: com.orangehrm.test.Dummyclass
2026-06-11 17:11:22 [main] INFO  Baseclass - ChromeDriver created
2026-06-11 17:11:27 [main] INFO  ActionDriver - WebDriver instance is created
2026-06-11 17:11:27 [main] INFO  Baseclass - WebDriver initialized successfully
2026-06-11 17:11:28 [main] INFO  Baseclass - WebDriver closed successfully
2026-06-11 17:11:28 [main] INFO  Baseclass - Setting up WebDriver for: com.orangehrm.test.Dummyclass2
2026-06-11 17:11:29 [main] INFO  Baseclass - ChromeDriver created
2026-06-11 17:11:31 [main] INFO  ActionDriver - WebDriver instance is created
2026-06-11 17:11:31 [main] INFO  Baseclass - WebDriver initialized successfully
2026-06-11 17:12:02 [main] INFO  Baseclass - WebDriver closed successfully
2026-06-11 17:12:02 [main] INFO  Baseclass - Setting up WebDriver for: com.orangehrm.test.LoginPageTest
2026-06-11 17:12:03 [main] INFO  Baseclass - ChromeDriver created
2026-06-11 17:12:07 [main] INFO  ActionDriver - WebDriver instance is created
2026-06-11 17:13:00 [main] INFO  Baseclass - config.property file loaded
2026-06-11 17:13:00 [main] INFO  Baseclass - Setting up WebDriver for: com.orangehrm.test.Dummyclass
2026-06-11 17:13:02 [main] INFO  Baseclass - ChromeDriver created
2026-06-11 17:13:08 [main] INFO  ActionDriver - WebDriver instance is created
2026-06-11 17:13:08 [main] INFO  Baseclass - WebDriver initialized successfully
2026-06-11 17:13:08 [main] INFO  Baseclass - Setting up WebDriver for: com.orangehrm.test.Dummyclass2
2026-06-11 17:13:09 [main] INFO  Baseclass - ChromeDriver created
2026-06-11 17:13:14 [main] INFO  ActionDriver - WebDriver instance is created
2026-06-11 17:13:14 [main] INFO  Baseclass - WebDriver initialized successfully
2026-06-11 17:13:15 [main] INFO  Baseclass - Setting up WebDriver for: com.orangehrm.test.LoginPageTest
2026-06-11 17:13:16 [main] INFO  Baseclass - ChromeDriver created
2026-06-11 17:13:31 [main] INFO  ActionDriver - WebDriver instance is created
2026-06-11 17:13:31 [main] INFO  Baseclass - WebDriver initialized successfully
2026-06-11 17:13:34 [main] INFO  ActionDriver - WebDriver instance is created
2026-06-11 17:13:34 [main] INFO  ActionDriver - WebDriver instance is created
2026-06-11 17:13:37 [main] INFO  ActionDriver - Entered text: wronguser in Name: username
2026-06-11 17:13:37 [main] INFO  ActionDriver - Entered text: wrongpassword in Name: password
2026-06-11 17:13:40 [main] INFO  ActionDriver - Clicked element -> Text: Login
2026-06-11 17:13:45 [main] INFO  ActionDriver - WebDriver instance is created
2026-06-11 17:13:45 [main] INFO  Baseclass - Setting up WebDriver for: com.orangehrm.test.HomePageTest
2026-06-11 17:13:46 [main] INFO  Baseclass - ChromeDriver created
2026-06-11 17:15:02 [main] INFO  ActionDriver - WebDriver instance is created
2026-06-11 17:15:02 [main] INFO  Baseclass - WebDriver initialized successfully
2026-06-11 17:15:02 [main] INFO  ActionDriver - WebDriver instance is created
2026-06-11 17:16:01 [main] INFO  Baseclass - config.property file loaded
2026-06-11 17:16:01 [main] INFO  Baseclass - Setting up WebDriver for: com.orangehrm.test.Dummyclass
2026-06-11 17:16:03 [main] INFO  Baseclass - ChromeDriver created
2026-06-11 17:16:07 [main] INFO  ActionDriver - WebDriver instance is created
2026-06-11 17:16:07 [main] INFO  Baseclass - WebDriver initialized successfully
2026-06-11 17:16:07 [main] INFO  Baseclass - Setting up WebDriver for: com.orangehrm.test.Dummyclass2
2026-06-11 17:16:08 [main] INFO  Baseclass - ChromeDriver created
2026-06-11 17:16:46 [main] INFO  ActionDriver - WebDriver instance is created
2026-06-11 17:16:46 [main] INFO  Baseclass - WebDriver initialized successfully
2026-06-11 17:16:47 [main] INFO  Baseclass - Setting up WebDriver for: com.orangehrm.test.LoginPageTest
2026-06-11 17:16:49 [main] INFO  Baseclass - ChromeDriver created
2026-06-11 17:16:57 [main] INFO  ActionDriver - WebDriver instance is created
2026-06-11 17:16:57 [main] INFO  Baseclass - WebDriver initialized successfully
2026-06-11 17:17:00 [main] INFO  ActionDriver - WebDriver instance is created
2026-06-11 17:17:00 [main] INFO  ActionDriver - WebDriver instance is created
2026-06-11 17:17:02 [main] INFO  ActionDriver - Entered text: wronguser in Name: username
2026-06-11 17:17:02 [main] INFO  ActionDriver - Entered text: wrongpassword in Name: password
2026-06-11 17:17:02 [main] INFO  ActionDriver - Clicked element -> Text: Login
2026-06-11 17:17:08 [main] INFO  ActionDriver - WebDriver instance is created
2026-06-11 17:17:08 [main] INFO  Baseclass - Setting up WebDriver for: com.orangehrm.test.HomePageTest
2026-06-11 17:17:09 [main] INFO  Baseclass - ChromeDriver created
2026-06-11 17:17:24 [main] INFO  ActionDriver - WebDriver instance is created
2026-06-11 17:17:24 [main] INFO  Baseclass - WebDriver initialized successfully
2026-06-11 17:17:24 [main] INFO  ActionDriver - WebDriver instance is created
2026-06-11 17:17:26 [main] INFO  ActionDriver - Entered text: admin in Name: username
2026-06-11 17:17:26 [main] INFO  ActionDriver - Entered text: admin123 in Name: password
2026-06-11 17:17:26 [main] INFO  ActionDriver - Clicked element -> Text: Login
2026-06-11 17:17:48 [main] WARN  ActionDriver - Border failed: invalid session id: session deleted as the browser has closed the connection
from disconnected: unable to send message to renderer
  (Session info: chrome=149.0.7827.103)
Build info: version: '4.44.0', revision: 'da2039b'
System info: os.name: 'Windows 11', os.arch: 'amd64', os.version: '10.0', java.version: '21.0.10'
Driver info: org.openqa.selenium.chrome.ChromeDriver
Command: [5cbf9dd79e8701c7e2ea1e1cd309ef57, findElement {value=//input[@placeholder='Username'], using=xpath}]
Capabilities {acceptInsecureCerts: false, browserName: chrome, browserVersion: 149.0.7827.103, chrome: {chromedriverVersion: 149.0.7827.55 (3188f8a607ae..., userDataDir: C:\Users\DEVIKA~1\AppData\L...}, fedcm:accounts: true, goog:chromeOptions: {debuggerAddress: localhost:65252}, goog:processID: 9780, networkConnectionEnabled: false, pageLoadStrategy: normal, platformName: windows, proxy: Proxy(), se:cdp: ws://localhost:65252/devtoo..., se:cdpVersion: 149.0.7827.103, setWindowRect: true, strictFileInteractability: false, timeouts: {implicit: 0, pageLoad: 300000, script: 30000}, unhandledPromptBehavior: dismiss and notify, webauthn:extension:credBlob: true, webauthn:extension:largeBlob: true, webauthn:extension:minPinLength: true, webauthn:extension:prf: true, webauthn:virtualAuthenticators: true}
Session ID: 5cbf9dd79e8701c7e2ea1e1cd309ef57
2026-06-11 17:17:48 [main] WARN  ActionDriver - Border failed: invalid session id
Build info: version: '4.44.0', revision: 'da2039b'
System info: os.name: 'Windows 11', os.arch: 'amd64', os.version: '10.0', java.version: '21.0.10'
Driver info: org.openqa.selenium.chrome.ChromeDriver
Command: [5cbf9dd79e8701c7e2ea1e1cd309ef57, findElement {value=//input[@placeholder='Password'], using=xpath}]
Capabilities {acceptInsecureCerts: false, browserName: chrome, browserVersion: 149.0.7827.103, chrome: {chromedriverVersion: 149.0.7827.55 (3188f8a607ae..., userDataDir: C:\Users\DEVIKA~1\AppData\L...}, fedcm:accounts: true, goog:chromeOptions: {debuggerAddress: localhost:65252}, goog:processID: 9780, networkConnectionEnabled: false, pageLoadStrategy: normal, platformName: windows, proxy: Proxy(), se:cdp: ws://localhost:65252/devtoo..., se:cdpVersion: 149.0.7827.103, setWindowRect: true, strictFileInteractability: false, timeouts: {implicit: 0, pageLoad: 300000, script: 30000}, unhandledPromptBehavior: dismiss and notify, webauthn:extension:credBlob: true, webauthn:extension:largeBlob: true, webauthn:extension:minPinLength: true, webauthn:extension:prf: true, webauthn:virtualAuthenticators: true}
Session ID: 5cbf9dd79e8701c7e2ea1e1cd309ef57
2026-06-11 17:17:48 [main] WARN  ActionDriver - Border failed: invalid session id
Build info: version: '4.44.0', revision: 'da2039b'
System info: os.name: 'Windows 11', os.arch: 'amd64', os.version: '10.0', java.version: '21.0.10'
Driver info: org.openqa.selenium.chrome.ChromeDriver
Command: [5cbf9dd79e8701c7e2ea1e1cd309ef57, findElement {value=//button[normalize-space()='Login'], using=xpath}]
Capabilities {acceptInsecureCerts: false, browserName: chrome, browserVersion: 149.0.7827.103, chrome: {chromedriverVersion: 149.0.7827.55 (3188f8a607ae..., userDataDir: C:\Users\DEVIKA~1\AppData\L...}, fedcm:accounts: true, goog:chromeOptions: {debuggerAddress: localhost:65252}, goog:processID: 9780, networkConnectionEnabled: false, pageLoadStrategy: normal, platformName: windows, proxy: Proxy(), se:cdp: ws://localhost:65252/devtoo..., se:cdpVersion: 149.0.7827.103, setWindowRect: true, strictFileInteractability: false, timeouts: {implicit: 0, pageLoad: 300000, script: 30000}, unhandledPromptBehavior: dismiss and notify, webauthn:extension:credBlob: true, webauthn:extension:largeBlob: true, webauthn:extension:minPinLength: true, webauthn:extension:prf: true, webauthn:virtualAuthenticators: true}
Session ID: 5cbf9dd79e8701c7e2ea1e1cd309ef57
2026-06-11 17:17:48 [main] WARN  ActionDriver - Border failed: invalid session id
Build info: version: '4.44.0', revision: 'da2039b'
System info: os.name: 'Windows 11', os.arch: 'amd64', os.version: '10.0', java.version: '21.0.10'
Driver info: org.openqa.selenium.chrome.ChromeDriver
Command: [5cbf9dd79e8701c7e2ea1e1cd309ef57, findElement {value=//button[normalize-space()='Login'], using=xpath}]
Capabilities {acceptInsecureCerts: false, browserName: chrome, browserVersion: 149.0.7827.103, chrome: {chromedriverVersion: 149.0.7827.55 (3188f8a607ae..., userDataDir: C:\Users\DEVIKA~1\AppData\L...}, fedcm:accounts: true, goog:chromeOptions: {debuggerAddress: localhost:65252}, goog:processID: 9780, networkConnectionEnabled: false, pageLoadStrategy: normal, platformName: windows, proxy: Proxy(), se:cdp: ws://localhost:65252/devtoo..., se:cdpVersion: 149.0.7827.103, setWindowRect: true, strictFileInteractability: false, timeouts: {implicit: 0, pageLoad: 300000, script: 30000}, unhandledPromptBehavior: dismiss and notify, webauthn:extension:credBlob: true, webauthn:extension:largeBlob: true, webauthn:extension:minPinLength: true, webauthn:extension:prf: true, webauthn:virtualAuthenticators: true}
Session ID: 5cbf9dd79e8701c7e2ea1e1cd309ef57
2026-06-11 17:17:48 [main] WARN  ActionDriver - Border failed: invalid session id
Build info: version: '4.44.0', revision: 'da2039b'
System info: os.name: 'Windows 11', os.arch: 'amd64', os.version: '10.0', java.version: '21.0.10'
Driver info: org.openqa.selenium.chrome.ChromeDriver
Command: [5cbf9dd79e8701c7e2ea1e1cd309ef57, findElement {value=//div[@class='oxd-brand-banner']//img, using=xpath}]
Capabilities {acceptInsecureCerts: false, browserName: chrome, browserVersion: 149.0.7827.103, chrome: {chromedriverVersion: 149.0.7827.55 (3188f8a607ae..., userDataDir: C:\Users\DEVIKA~1\AppData\L...}, fedcm:accounts: true, goog:chromeOptions: {debuggerAddress: localhost:65252}, goog:processID: 9780, networkConnectionEnabled: false, pageLoadStrategy: normal, platformName: windows, proxy: Proxy(), se:cdp: ws://localhost:65252/devtoo..., se:cdpVersion: 149.0.7827.103, setWindowRect: true, strictFileInteractability: false, timeouts: {implicit: 0, pageLoad: 300000, script: 30000}, unhandledPromptBehavior: dismiss and notify, webauthn:extension:credBlob: true, webauthn:extension:largeBlob: true, webauthn:extension:minPinLength: true, webauthn:extension:prf: true, webauthn:virtualAuthenticators: true}
Session ID: 5cbf9dd79e8701c7e2ea1e1cd309ef57
2026-06-11 17:25:05 [main] INFO  Baseclass - config.properties file loaded
2026-06-11 17:25:06 [main] INFO  Baseclass - Setting up WebDriver for: com.orangehrm.test.Dummyclass
2026-06-11 17:25:08 [main] INFO  Baseclass - ChromeDriver created
2026-06-11 17:25:13 [main] INFO  ActionDriver - WebDriver instance is created
2026-06-11 17:25:13 [main] INFO  Baseclass - WebDriver initialized successfully
2026-06-11 17:25:13 [main] INFO  Baseclass - Browser closed for: dummytest
2026-06-11 17:25:13 [main] INFO  Baseclass - ThreadLocal cleaned for: dummytest
2026-06-11 17:25:13 [main] INFO  Baseclass - Setting up WebDriver for: com.orangehrm.test.Dummyclass2
2026-06-11 17:25:15 [main] INFO  Baseclass - ChromeDriver created
2026-06-11 17:25:21 [main] INFO  ActionDriver - WebDriver instance is created
2026-06-11 17:25:21 [main] INFO  Baseclass - WebDriver initialized successfully
2026-06-11 17:25:21 [main] INFO  Baseclass - Browser closed for: dummyTest2
2026-06-11 17:25:21 [main] INFO  Baseclass - ThreadLocal cleaned for: dummyTest2
2026-06-11 17:25:22 [main] INFO  Baseclass - Setting up WebDriver for: com.orangehrm.test.LoginPageTest
2026-06-11 17:25:23 [main] INFO  Baseclass - ChromeDriver created
2026-06-11 17:25:25 [main] INFO  ActionDriver - WebDriver instance is created
2026-06-11 17:25:25 [main] INFO  Baseclass - WebDriver initialized successfully
2026-06-11 17:25:28 [main] INFO  ActionDriver - WebDriver instance is created
2026-06-11 17:25:28 [main] INFO  ActionDriver - WebDriver instance is created
2026-06-11 17:25:31 [main] INFO  ActionDriver - Entered text: wronguser in Name: username
2026-06-11 17:25:31 [main] INFO  ActionDriver - Entered text: wrongpassword in Name: password
2026-06-11 17:25:31 [main] INFO  ActionDriver - Clicked element -> Text: Login
2026-06-11 17:25:34 [main] INFO  Baseclass - Browser closed for: invalidLoginTest
2026-06-11 17:25:34 [main] INFO  Baseclass - ThreadLocal cleaned for: invalidLoginTest
2026-06-11 17:25:34 [main] INFO  Baseclass - Setting up WebDriver for: com.orangehrm.test.LoginPageTest
2026-06-11 17:25:35 [main] INFO  Baseclass - ChromeDriver created
2026-06-11 17:25:40 [main] INFO  ActionDriver - WebDriver instance is created
2026-06-11 17:25:40 [main] INFO  Baseclass - WebDriver initialized successfully
2026-06-11 17:25:43 [main] INFO  ActionDriver - WebDriver instance is created
2026-06-11 17:25:46 [main] INFO  ActionDriver - Entered text: admin in Name: username
2026-06-11 17:25:46 [main] INFO  ActionDriver - Entered text: admin123 in Name: password
2026-06-11 17:25:46 [main] INFO  ActionDriver - Clicked element -> Text: Login
2026-06-11 17:25:49 [main] INFO  ActionDriver - Clicked element -> Text: Richard Johnson
2026-06-11 17:25:52 [main] INFO  ActionDriver - Clicked element -> Class: oxd-userdropdown-link
2026-06-11 17:25:55 [main] INFO  Baseclass - Browser closed for: verifyValidLoginTest
2026-06-11 17:25:55 [main] INFO  Baseclass - ThreadLocal cleaned for: verifyValidLoginTest
2026-06-11 17:25:55 [main] INFO  Baseclass - Setting up WebDriver for: com.orangehrm.test.HomePageTest
2026-06-11 17:25:56 [main] INFO  Baseclass - ChromeDriver created
2026-06-11 17:26:02 [main] INFO  ActionDriver - WebDriver instance is created
2026-06-11 17:26:02 [main] INFO  Baseclass - WebDriver initialized successfully
2026-06-11 17:26:02 [main] INFO  ActionDriver - WebDriver instance is created
2026-06-11 17:26:05 [main] INFO  ActionDriver - Entered text: admin in Name: username
2026-06-11 17:26:05 [main] INFO  ActionDriver - Entered text: admin123 in Name: password
2026-06-11 17:26:07 [main] INFO  ActionDriver - Clicked element -> Text: Login
2026-06-11 17:26:29 [main] WARN  ActionDriver - Border failed: no such element: Unable to locate element: {"method":"xpath","selector":"//input[@placeholder='Username']"}
  (Session info: chrome=149.0.7827.103)
For documentation on this error, please visit: https://www.selenium.dev/documentation/webdriver/troubleshooting/errors#nosuchelementexception
Build info: version: '4.44.0', revision: 'da2039b'
System info: os.name: 'Windows 11', os.arch: 'amd64', os.version: '10.0', java.version: '21.0.10'
Driver info: org.openqa.selenium.chrome.ChromeDriver
Command: [c8ae2cdb7c8b4d1c896094a2c3ab8309, findElement {value=//input[@placeholder='Username'], using=xpath}]
Capabilities {acceptInsecureCerts: false, browserName: chrome, browserVersion: 149.0.7827.103, chrome: {chromedriverVersion: 149.0.7827.55 (3188f8a607ae..., userDataDir: C:\Users\DEVIKA~1\AppData\L...}, fedcm:accounts: true, goog:chromeOptions: {debuggerAddress: localhost:62312}, goog:processID: 13380, networkConnectionEnabled: false, pageLoadStrategy: normal, platformName: windows, proxy: Proxy(), se:cdp: ws://localhost:62312/devtoo..., se:cdpVersion: 149.0.7827.103, setWindowRect: true, strictFileInteractability: false, timeouts: {implicit: 0, pageLoad: 300000, script: 30000}, unhandledPromptBehavior: dismiss and notify, webauthn:extension:credBlob: true, webauthn:extension:largeBlob: true, webauthn:extension:minPinLength: true, webauthn:extension:prf: true, webauthn:virtualAuthenticators: true}
Session ID: c8ae2cdb7c8b4d1c896094a2c3ab8309
2026-06-11 17:26:35 [main] WARN  ActionDriver - Border failed: invalid session id
Build info: version: '4.44.0', revision: 'da2039b'
System info: os.name: 'Windows 11', os.arch: 'amd64', os.version: '10.0', java.version: '21.0.10'
Driver info: org.openqa.selenium.chrome.ChromeDriver
Command: [c8ae2cdb7c8b4d1c896094a2c3ab8309, findElement {value=//input[@placeholder='Password'], using=xpath}]
Capabilities {acceptInsecureCerts: false, browserName: chrome, browserVersion: 149.0.7827.103, chrome: {chromedriverVersion: 149.0.7827.55 (3188f8a607ae..., userDataDir: C:\Users\DEVIKA~1\AppData\L...}, fedcm:accounts: true, goog:chromeOptions: {debuggerAddress: localhost:62312}, goog:processID: 13380, networkConnectionEnabled: false, pageLoadStrategy: normal, platformName: windows, proxy: Proxy(), se:cdp: ws://localhost:62312/devtoo..., se:cdpVersion: 149.0.7827.103, setWindowRect: true, strictFileInteractability: false, timeouts: {implicit: 0, pageLoad: 300000, script: 30000}, unhandledPromptBehavior: dismiss and notify, webauthn:extension:credBlob: true, webauthn:extension:largeBlob: true, webauthn:extension:minPinLength: true, webauthn:extension:prf: true, webauthn:virtualAuthenticators: true}
Session ID: c8ae2cdb7c8b4d1c896094a2c3ab8309
2026-06-11 17:26:35 [main] WARN  ActionDriver - Border failed: invalid session id
Build info: version: '4.44.0', revision: 'da2039b'
System info: os.name: 'Windows 11', os.arch: 'amd64', os.version: '10.0', java.version: '21.0.10'
Driver info: org.openqa.selenium.chrome.ChromeDriver
Command: [c8ae2cdb7c8b4d1c896094a2c3ab8309, findElement {value=//button[normalize-space()='Login'], using=xpath}]
Capabilities {acceptInsecureCerts: false, browserName: chrome, browserVersion: 149.0.7827.103, chrome: {chromedriverVersion: 149.0.7827.55 (3188f8a607ae..., userDataDir: C:\Users\DEVIKA~1\AppData\L...}, fedcm:accounts: true, goog:chromeOptions: {debuggerAddress: localhost:62312}, goog:processID: 13380, networkConnectionEnabled: false, pageLoadStrategy: normal, platformName: windows, proxy: Proxy(), se:cdp: ws://localhost:62312/devtoo..., se:cdpVersion: 149.0.7827.103, setWindowRect: true, strictFileInteractability: false, timeouts: {implicit: 0, pageLoad: 300000, script: 30000}, unhandledPromptBehavior: dismiss and notify, webauthn:extension:credBlob: true, webauthn:extension:largeBlob: true, webauthn:extension:minPinLength: true, webauthn:extension:prf: true, webauthn:virtualAuthenticators: true}
Session ID: c8ae2cdb7c8b4d1c896094a2c3ab8309
2026-06-11 17:26:35 [main] WARN  ActionDriver - Border failed: invalid session id
Build info: version: '4.44.0', revision: 'da2039b'
System info: os.name: 'Windows 11', os.arch: 'amd64', os.version: '10.0', java.version: '21.0.10'
Driver info: org.openqa.selenium.chrome.ChromeDriver
Command: [c8ae2cdb7c8b4d1c896094a2c3ab8309, findElement {value=//button[normalize-space()='Login'], using=xpath}]
Capabilities {acceptInsecureCerts: false, browserName: chrome, browserVersion: 149.0.7827.103, chrome: {chromedriverVersion: 149.0.7827.55 (3188f8a607ae..., userDataDir: C:\Users\DEVIKA~1\AppData\L...}, fedcm:accounts: true, goog:chromeOptions: {debuggerAddress: localhost:62312}, goog:processID: 13380, networkConnectionEnabled: false, pageLoadStrategy: normal, platformName: windows, proxy: Proxy(), se:cdp: ws://localhost:62312/devtoo..., se:cdpVersion: 149.0.7827.103, setWindowRect: true, strictFileInteractability: false, timeouts: {implicit: 0, pageLoad: 300000, script: 30000}, unhandledPromptBehavior: dismiss and notify, webauthn:extension:credBlob: true, webauthn:extension:largeBlob: true, webauthn:extension:minPinLength: true, webauthn:extension:prf: true, webauthn:virtualAuthenticators: true}
Session ID: c8ae2cdb7c8b4d1c896094a2c3ab8309
2026-06-11 17:26:35 [main] WARN  ActionDriver - Border failed: invalid session id
Build info: version: '4.44.0', revision: 'da2039b'
System info: os.name: 'Windows 11', os.arch: 'amd64', os.version: '10.0', java.version: '21.0.10'
Driver info: org.openqa.selenium.chrome.ChromeDriver
Command: [c8ae2cdb7c8b4d1c896094a2c3ab8309, findElement {value=//div[@class='oxd-brand-banner']//img, using=xpath}]
Capabilities {acceptInsecureCerts: false, browserName: chrome, browserVersion: 149.0.7827.103, chrome: {chromedriverVersion: 149.0.7827.55 (3188f8a607ae..., userDataDir: C:\Users\DEVIKA~1\AppData\L...}, fedcm:accounts: true, goog:chromeOptions: {debuggerAddress: localhost:62312}, goog:processID: 13380, networkConnectionEnabled: false, pageLoadStrategy: normal, platformName: windows, proxy: Proxy(), se:cdp: ws://localhost:62312/devtoo..., se:cdpVersion: 149.0.7827.103, setWindowRect: true, strictFileInteractability: false, timeouts: {implicit: 0, pageLoad: 300000, script: 30000}, unhandledPromptBehavior: dismiss and notify, webauthn:extension:credBlob: true, webauthn:extension:largeBlob: true, webauthn:extension:minPinLength: true, webauthn:extension:prf: true, webauthn:virtualAuthenticators: true}
Session ID: c8ae2cdb7c8b4d1c896094a2c3ab8309
2026-06-11 17:26:36 [main] INFO  Baseclass - Browser closed for: verifyOrangeHRMLogo
2026-06-11 17:26:36 [main] INFO  Baseclass - ThreadLocal cleaned for: verifyOrangeHRMLogo
2026-06-11 17:28:37 [main] INFO  Baseclass - config.properties file loaded
2026-06-11 17:28:38 [main] INFO  Baseclass - Setting up WebDriver for: com.orangehrm.test.LoginPageTest
2026-06-11 17:28:39 [main] INFO  Baseclass - ChromeDriver created
2026-06-11 17:28:45 [main] INFO  ActionDriver - WebDriver instance is created
2026-06-11 17:28:45 [main] INFO  Baseclass - WebDriver initialized successfully
2026-06-11 17:28:48 [main] INFO  ActionDriver - WebDriver instance is created
2026-06-11 17:28:48 [main] INFO  ActionDriver - WebDriver instance is created
2026-06-11 17:28:50 [main] INFO  ActionDriver - Entered text: wronguser in Name: username
2026-06-11 17:28:51 [main] INFO  ActionDriver - Entered text: wrongpassword in Name: password
2026-06-11 17:28:51 [main] INFO  ActionDriver - Clicked element -> Text: Login
2026-06-11 17:28:56 [main] INFO  Baseclass - Browser closed for: invalidLoginTest
2026-06-11 17:28:56 [main] INFO  Baseclass - ThreadLocal cleaned for: invalidLoginTest
2026-06-11 17:28:56 [main] INFO  Baseclass - Setting up WebDriver for: com.orangehrm.test.LoginPageTest
2026-06-11 17:28:57 [main] INFO  Baseclass - ChromeDriver created
2026-06-11 17:29:59 [main] INFO  ActionDriver - WebDriver instance is created
2026-06-11 17:29:59 [main] INFO  Baseclass - WebDriver initialized successfully
2026-06-11 17:30:50 [main] INFO  Baseclass - config.properties file loaded
2026-06-11 17:30:51 [main] INFO  Baseclass - Setting up WebDriver for: com.orangehrm.test.LoginPageTest
2026-06-11 17:30:52 [main] INFO  Baseclass - ChromeDriver created
2026-06-11 17:31:38 [main] INFO  ActionDriver - WebDriver instance is created
2026-06-11 17:31:38 [main] INFO  Baseclass - WebDriver initialized successfully
2026-06-11 17:31:41 [main] INFO  ActionDriver - WebDriver instance is created
2026-06-11 17:31:41 [main] INFO  ActionDriver - WebDriver instance is created
2026-06-11 17:31:53 [main] WARN  ActionDriver - Border failed: no such window: target window already closed
from unknown error: web view not found
  (Session info: chrome=149.0.7827.103)
Build info: version: '4.44.0', revision: 'da2039b'
System info: os.name: 'Windows 11', os.arch: 'amd64', os.version: '10.0', java.version: '21.0.10'
Driver info: org.openqa.selenium.chrome.ChromeDriver
Command: [39255cf61a33d08360eb71ee960fb2c5, findElement {value=//input[@placeholder='Username'], using=xpath}]
Capabilities {acceptInsecureCerts: false, browserName: chrome, browserVersion: 149.0.7827.103, chrome: {chromedriverVersion: 149.0.7827.55 (3188f8a607ae..., userDataDir: C:\Users\DEVIKA~1\AppData\L...}, fedcm:accounts: true, goog:chromeOptions: {debuggerAddress: localhost:52593}, goog:processID: 21860, networkConnectionEnabled: false, pageLoadStrategy: normal, platformName: windows, proxy: Proxy(), se:cdp: ws://localhost:52593/devtoo..., se:cdpVersion: 149.0.7827.103, setWindowRect: true, strictFileInteractability: false, timeouts: {implicit: 0, pageLoad: 300000, script: 30000}, unhandledPromptBehavior: dismiss and notify, webauthn:extension:credBlob: true, webauthn:extension:largeBlob: true, webauthn:extension:minPinLength: true, webauthn:extension:prf: true, webauthn:virtualAuthenticators: true}
Session ID: 39255cf61a33d08360eb71ee960fb2c5
2026-06-11 17:32:03 [main] WARN  ActionDriver - Border failed: no such window: target window already closed
from unknown error: web view not found
  (Session info: chrome=149.0.7827.103)
Build info: version: '4.44.0', revision: 'da2039b'
System info: os.name: 'Windows 11', os.arch: 'amd64', os.version: '10.0', java.version: '21.0.10'
Driver info: org.openqa.selenium.chrome.ChromeDriver
Command: [39255cf61a33d08360eb71ee960fb2c5, findElement {value=//input[@placeholder='Password'], using=xpath}]
Capabilities {acceptInsecureCerts: false, browserName: chrome, browserVersion: 149.0.7827.103, chrome: {chromedriverVersion: 149.0.7827.55 (3188f8a607ae..., userDataDir: C:\Users\DEVIKA~1\AppData\L...}, fedcm:accounts: true, goog:chromeOptions: {debuggerAddress: localhost:52593}, goog:processID: 21860, networkConnectionEnabled: false, pageLoadStrategy: normal, platformName: windows, proxy: Proxy(), se:cdp: ws://localhost:52593/devtoo..., se:cdpVersion: 149.0.7827.103, setWindowRect: true, strictFileInteractability: false, timeouts: {implicit: 0, pageLoad: 300000, script: 30000}, unhandledPromptBehavior: dismiss and notify, webauthn:extension:credBlob: true, webauthn:extension:largeBlob: true, webauthn:extension:minPinLength: true, webauthn:extension:prf: true, webauthn:virtualAuthenticators: true}
Session ID: 39255cf61a33d08360eb71ee960fb2c5
2026-06-11 17:32:04 [main] WARN  ActionDriver - Border failed: no such window: target window already closed
from unknown error: web view not found
  (Session info: chrome=149.0.7827.103)
Build info: version: '4.44.0', revision: 'da2039b'
System info: os.name: 'Windows 11', os.arch: 'amd64', os.version: '10.0', java.version: '21.0.10'
Driver info: org.openqa.selenium.chrome.ChromeDriver
Command: [39255cf61a33d08360eb71ee960fb2c5, findElement {value=//button[normalize-space()='Login'], using=xpath}]
Capabilities {acceptInsecureCerts: false, browserName: chrome, browserVersion: 149.0.7827.103, chrome: {chromedriverVersion: 149.0.7827.55 (3188f8a607ae..., userDataDir: C:\Users\DEVIKA~1\AppData\L...}, fedcm:accounts: true, goog:chromeOptions: {debuggerAddress: localhost:52593}, goog:processID: 21860, networkConnectionEnabled: false, pageLoadStrategy: normal, platformName: windows, proxy: Proxy(), se:cdp: ws://localhost:52593/devtoo..., se:cdpVersion: 149.0.7827.103, setWindowRect: true, strictFileInteractability: false, timeouts: {implicit: 0, pageLoad: 300000, script: 30000}, unhandledPromptBehavior: dismiss and notify, webauthn:extension:credBlob: true, webauthn:extension:largeBlob: true, webauthn:extension:minPinLength: true, webauthn:extension:prf: true, webauthn:virtualAuthenticators: true}
Session ID: 39255cf61a33d08360eb71ee960fb2c5
2026-06-11 17:38:33 [main] INFO  Baseclass - config.properties file loaded
2026-06-11 17:38:34 [main] INFO  Baseclass - Setting up WebDriver for: com.orangehrm.test.LoginPageTest
2026-06-11 17:38:39 [main] INFO  Baseclass - ChromeDriver created
2026-06-11 17:38:41 [main] INFO  ActionDriver - WebDriver instance is created
2026-06-11 17:38:41 [main] INFO  Baseclass - WebDriver initialized successfully
2026-06-11 17:38:41 [main] INFO  ActionDriver - WebDriver instance is created
2026-06-11 17:38:46 [main] INFO  ActionDriver - Entered text: wronguser in Name: username
2026-06-11 17:38:47 [main] INFO  ActionDriver - Entered text: wrongpassword in Name: password
2026-06-11 17:38:47 [main] INFO  ActionDriver - Clicked element -> Text: Login
2026-06-11 17:39:09 [main] WARN  ActionDriver - Border failed: no such element: Unable to locate element: {"method":"xpath","selector":"//p[contains(text(),'Invalid credentials')]"}
  (Session info: chrome=149.0.7827.103)
For documentation on this error, please visit: https://www.selenium.dev/documentation/webdriver/troubleshooting/errors#nosuchelementexception
Build info: version: '4.44.0', revision: 'da2039b'
System info: os.name: 'Windows 11', os.arch: 'amd64', os.version: '10.0', java.version: '21.0.10'
Driver info: org.openqa.selenium.chrome.ChromeDriver
Command: [7ab12c4e6fe8dd6a08ead22de5e2bbfb, findElement {using=xpath, value=//p[contains(text(),'Invalid credentials')]}]
Capabilities {acceptInsecureCerts: false, browserName: chrome, browserVersion: 149.0.7827.103, chrome: {chromedriverVersion: 149.0.7827.55 (3188f8a607ae..., userDataDir: C:\Users\DEVIKA~1\AppData\L...}, fedcm:accounts: true, goog:chromeOptions: {debuggerAddress: localhost:62176}, goog:processID: 14572, networkConnectionEnabled: false, pageLoadStrategy: normal, platformName: windows, proxy: Proxy(), se:cdp: ws://localhost:62176/devtoo..., se:cdpVersion: 149.0.7827.103, setWindowRect: true, strictFileInteractability: false, timeouts: {implicit: 0, pageLoad: 300000, script: 30000}, unhandledPromptBehavior: dismiss and notify, webauthn:extension:credBlob: true, webauthn:extension:largeBlob: true, webauthn:extension:minPinLength: true, webauthn:extension:prf: true, webauthn:virtualAuthenticators: true}
Session ID: 7ab12c4e6fe8dd6a08ead22de5e2bbfb
2026-06-11 17:39:11 [main] INFO  Baseclass - Browser closed for: invalidLoginTest
2026-06-11 17:39:11 [main] INFO  Baseclass - ThreadLocal cleaned for: invalidLoginTest
2026-06-11 17:39:11 [main] INFO  Baseclass - Setting up WebDriver for: com.orangehrm.test.LoginPageTest
2026-06-11 17:39:12 [main] INFO  Baseclass - ChromeDriver created
2026-06-11 17:39:14 [main] INFO  ActionDriver - WebDriver instance is created
2026-06-11 17:39:14 [main] INFO  Baseclass - WebDriver initialized successfully
2026-06-11 17:39:14 [main] INFO  ActionDriver - WebDriver instance is created
2026-06-11 17:40:22 [main] WARN  ActionDriver - Border failed: no such window: target window already closed
from unknown error: web view not found
  (Session info: chrome=149.0.7827.103)
Build info: version: '4.44.0', revision: 'da2039b'
System info: os.name: 'Windows 11', os.arch: 'amd64', os.version: '10.0', java.version: '21.0.10'
Driver info: org.openqa.selenium.chrome.ChromeDriver
Command: [c93c141db91b500681271b061114603d, findElement {using=xpath, value=//input[@placeholder='Username']}]
Capabilities {acceptInsecureCerts: false, browserName: chrome, browserVersion: 149.0.7827.103, chrome: {chromedriverVersion: 149.0.7827.55 (3188f8a607ae..., userDataDir: C:\Users\DEVIKA~1\AppData\L...}, fedcm:accounts: true, goog:chromeOptions: {debuggerAddress: localhost:64174}, goog:processID: 18480, networkConnectionEnabled: false, pageLoadStrategy: normal, platformName: windows, proxy: Proxy(), se:cdp: ws://localhost:64174/devtoo..., se:cdpVersion: 149.0.7827.103, setWindowRect: true, strictFileInteractability: false, timeouts: {implicit: 0, pageLoad: 300000, script: 30000}, unhandledPromptBehavior: dismiss and notify, webauthn:extension:credBlob: true, webauthn:extension:largeBlob: true, webauthn:extension:minPinLength: true, webauthn:extension:prf: true, webauthn:virtualAuthenticators: true}
Session ID: c93c141db91b500681271b061114603d
2026-06-11 17:40:33 [main] WARN  ActionDriver - Border failed: no such window: target window already closed
from unknown error: web view not found
  (Session info: chrome=149.0.7827.103)
Build info: version: '4.44.0', revision: 'da2039b'
System info: os.name: 'Windows 11', os.arch: 'amd64', os.version: '10.0', java.version: '21.0.10'
Driver info: org.openqa.selenium.chrome.ChromeDriver
Command: [c93c141db91b500681271b061114603d, findElement {using=xpath, value=//input[@placeholder='Password']}]
Capabilities {acceptInsecureCerts: false, browserName: chrome, browserVersion: 149.0.7827.103, chrome: {chromedriverVersion: 149.0.7827.55 (3188f8a607ae..., userDataDir: C:\Users\DEVIKA~1\AppData\L...}, fedcm:accounts: true, goog:chromeOptions: {debuggerAddress: localhost:64174}, goog:processID: 18480, networkConnectionEnabled: false, pageLoadStrategy: normal, platformName: windows, proxy: Proxy(), se:cdp: ws://localhost:64174/devtoo..., se:cdpVersion: 149.0.7827.103, setWindowRect: true, strictFileInteractability: false, timeouts: {implicit: 0, pageLoad: 300000, script: 30000}, unhandledPromptBehavior: dismiss and notify, webauthn:extension:credBlob: true, webauthn:extension:largeBlob: true, webauthn:extension:minPinLength: true, webauthn:extension:prf: true, webauthn:virtualAuthenticators: true}
Session ID: c93c141db91b500681271b061114603d
2026-06-11 17:40:33 [main] WARN  ActionDriver - Border failed: no such window: target window already closed
from unknown error: web view not found
  (Session info: chrome=149.0.7827.103)
Build info: version: '4.44.0', revision: 'da2039b'
System info: os.name: 'Windows 11', os.arch: 'amd64', os.version: '10.0', java.version: '21.0.10'
Driver info: org.openqa.selenium.chrome.ChromeDriver
Command: [c93c141db91b500681271b061114603d, findElement {using=xpath, value=//button[normalize-space()='Login']}]
Capabilities {acceptInsecureCerts: false, browserName: chrome, browserVersion: 149.0.7827.103, chrome: {chromedriverVersion: 149.0.7827.55 (3188f8a607ae..., userDataDir: C:\Users\DEVIKA~1\AppData\L...}, fedcm:accounts: true, goog:chromeOptions: {debuggerAddress: localhost:64174}, goog:processID: 18480, networkConnectionEnabled: false, pageLoadStrategy: normal, platformName: windows, proxy: Proxy(), se:cdp: ws://localhost:64174/devtoo..., se:cdpVersion: 149.0.7827.103, setWindowRect: true, strictFileInteractability: false, timeouts: {implicit: 0, pageLoad: 300000, script: 30000}, unhandledPromptBehavior: dismiss and notify, webauthn:extension:credBlob: true, webauthn:extension:largeBlob: true, webauthn:extension:minPinLength: true, webauthn:extension:prf: true, webauthn:virtualAuthenticators: true}
Session ID: c93c141db91b500681271b061114603d
2026-06-11 17:40:43 [main] WARN  ActionDriver - Border failed: no such window: target window already closed
from unknown error: web view not found
  (Session info: chrome=149.0.7827.103)
Build info: version: '4.44.0', revision: 'da2039b'
System info: os.name: 'Windows 11', os.arch: 'amd64', os.version: '10.0', java.version: '21.0.10'
Driver info: org.openqa.selenium.chrome.ChromeDriver
Command: [c93c141db91b500681271b061114603d, findElement {using=xpath, value=//button[normalize-space()='Login']}]
Capabilities {acceptInsecureCerts: false, browserName: chrome, browserVersion: 149.0.7827.103, chrome: {chromedriverVersion: 149.0.7827.55 (3188f8a607ae..., userDataDir: C:\Users\DEVIKA~1\AppData\L...}, fedcm:accounts: true, goog:chromeOptions: {debuggerAddress: localhost:64174}, goog:processID: 18480, networkConnectionEnabled: false, pageLoadStrategy: normal, platformName: windows, proxy: Proxy(), se:cdp: ws://localhost:64174/devtoo..., se:cdpVersion: 149.0.7827.103, setWindowRect: true, strictFileInteractability: false, timeouts: {implicit: 0, pageLoad: 300000, script: 30000}, unhandledPromptBehavior: dismiss and notify, webauthn:extension:credBlob: true, webauthn:extension:largeBlob: true, webauthn:extension:minPinLength: true, webauthn:extension:prf: true, webauthn:virtualAuthenticators: true}
Session ID: c93c141db91b500681271b061114603d
2026-06-11 17:40:53 [main] WARN  ActionDriver - Border failed: no such window: target window already closed
from unknown error: web view not found
  (Session info: chrome=149.0.7827.103)
Build info: version: '4.44.0', revision: 'da2039b'
System info: os.name: 'Windows 11', os.arch: 'amd64', os.version: '10.0', java.version: '21.0.10'
Driver info: org.openqa.selenium.chrome.ChromeDriver
Command: [c93c141db91b500681271b061114603d, findElement {using=xpath, value=//span[normalize-space()='Admin']}]
Capabilities {acceptInsecureCerts: false, browserName: chrome, browserVersion: 149.0.7827.103, chrome: {chromedriverVersion: 149.0.7827.55 (3188f8a607ae..., userDataDir: C:\Users\DEVIKA~1\AppData\L...}, fedcm:accounts: true, goog:chromeOptions: {debuggerAddress: localhost:64174}, goog:processID: 18480, networkConnectionEnabled: false, pageLoadStrategy: normal, platformName: windows, proxy: Proxy(), se:cdp: ws://localhost:64174/devtoo..., se:cdpVersion: 149.0.7827.103, setWindowRect: true, strictFileInteractability: false, timeouts: {implicit: 0, pageLoad: 300000, script: 30000}, unhandledPromptBehavior: dismiss and notify, webauthn:extension:credBlob: true, webauthn:extension:largeBlob: true, webauthn:extension:minPinLength: true, webauthn:extension:prf: true, webauthn:virtualAuthenticators: true}
Session ID: c93c141db91b500681271b061114603d
2026-06-11 17:40:55 [main] INFO  Baseclass - Browser closed for: verifyValidLoginTest
2026-06-11 17:40:55 [main] INFO  Baseclass - ThreadLocal cleaned for: verifyValidLoginTest
2026-06-11 17:40:55 [main] INFO  Baseclass - Setting up WebDriver for: com.orangehrm.test.HomePageTest
2026-06-11 17:40:56 [main] INFO  Baseclass - ChromeDriver created
2026-06-11 17:41:01 [main] INFO  ActionDriver - WebDriver instance is created
2026-06-11 17:41:01 [main] INFO  Baseclass - WebDriver initialized successfully
2026-06-11 17:41:01 [main] INFO  ActionDriver - WebDriver instance is created
2026-06-11 17:41:02 [main] INFO  ActionDriver - Entered text: admin in Name: username
2026-06-11 17:41:02 [main] INFO  ActionDriver - Entered text: admin123 in Name: password
2026-06-11 17:41:04 [main] INFO  ActionDriver - Clicked element -> Text: Login
2026-06-11 17:41:13 [main] WARN  ActionDriver - Border failed: invalid session id
Build info: version: '4.44.0', revision: 'da2039b'
System info: os.name: 'Windows 11', os.arch: 'amd64', os.version: '10.0', java.version: '21.0.10'
Driver info: org.openqa.selenium.chrome.ChromeDriver
Command: [008daeb55b81fc9c37de631e61c4f9b2, findElement {using=xpath, value=//input[@placeholder='Username']}]
Capabilities {acceptInsecureCerts: false, browserName: chrome, browserVersion: 149.0.7827.103, chrome: {chromedriverVersion: 149.0.7827.55 (3188f8a607ae..., userDataDir: C:\Users\DEVIKA~1\AppData\L...}, fedcm:accounts: true, goog:chromeOptions: {debuggerAddress: localhost:64944}, goog:processID: 13244, networkConnectionEnabled: false, pageLoadStrategy: normal, platformName: windows, proxy: Proxy(), se:cdp: ws://localhost:64944/devtoo..., se:cdpVersion: 149.0.7827.103, setWindowRect: true, strictFileInteractability: false, timeouts: {implicit: 0, pageLoad: 300000, script: 30000}, unhandledPromptBehavior: dismiss and notify, webauthn:extension:credBlob: true, webauthn:extension:largeBlob: true, webauthn:extension:minPinLength: true, webauthn:extension:prf: true, webauthn:virtualAuthenticators: true}
Session ID: 008daeb55b81fc9c37de631e61c4f9b2
2026-06-11 17:41:13 [main] WARN  ActionDriver - Border failed: invalid session id
Build info: version: '4.44.0', revision: 'da2039b'
System info: os.name: 'Windows 11', os.arch: 'amd64', os.version: '10.0', java.version: '21.0.10'
Driver info: org.openqa.selenium.chrome.ChromeDriver
Command: [008daeb55b81fc9c37de631e61c4f9b2, findElement {using=xpath, value=//input[@placeholder='Password']}]
Capabilities {acceptInsecureCerts: false, browserName: chrome, browserVersion: 149.0.7827.103, chrome: {chromedriverVersion: 149.0.7827.55 (3188f8a607ae..., userDataDir: C:\Users\DEVIKA~1\AppData\L...}, fedcm:accounts: true, goog:chromeOptions: {debuggerAddress: localhost:64944}, goog:processID: 13244, networkConnectionEnabled: false, pageLoadStrategy: normal, platformName: windows, proxy: Proxy(), se:cdp: ws://localhost:64944/devtoo..., se:cdpVersion: 149.0.7827.103, setWindowRect: true, strictFileInteractability: false, timeouts: {implicit: 0, pageLoad: 300000, script: 30000}, unhandledPromptBehavior: dismiss and notify, webauthn:extension:credBlob: true, webauthn:extension:largeBlob: true, webauthn:extension:minPinLength: true, webauthn:extension:prf: true, webauthn:virtualAuthenticators: true}
Session ID: 008daeb55b81fc9c37de631e61c4f9b2
2026-06-11 17:41:13 [main] WARN  ActionDriver - Border failed: invalid session id
Build info: version: '4.44.0', revision: 'da2039b'
System info: os.name: 'Windows 11', os.arch: 'amd64', os.version: '10.0', java.version: '21.0.10'
Driver info: org.openqa.selenium.chrome.ChromeDriver
Command: [008daeb55b81fc9c37de631e61c4f9b2, findElement {using=xpath, value=//button[normalize-space()='Login']}]
Capabilities {acceptInsecureCerts: false, browserName: chrome, browserVersion: 149.0.7827.103, chrome: {chromedriverVersion: 149.0.7827.55 (3188f8a607ae..., userDataDir: C:\Users\DEVIKA~1\AppData\L...}, fedcm:accounts: true, goog:chromeOptions: {debuggerAddress: localhost:64944}, goog:processID: 13244, networkConnectionEnabled: false, pageLoadStrategy: normal, platformName: windows, proxy: Proxy(), se:cdp: ws://localhost:64944/devtoo..., se:cdpVersion: 149.0.7827.103, setWindowRect: true, strictFileInteractability: false, timeouts: {implicit: 0, pageLoad: 300000, script: 30000}, unhandledPromptBehavior: dismiss and notify, webauthn:extension:credBlob: true, webauthn:extension:largeBlob: true, webauthn:extension:minPinLength: true, webauthn:extension:prf: true, webauthn:virtualAuthenticators: true}
Session ID: 008daeb55b81fc9c37de631e61c4f9b2
2026-06-11 17:41:13 [main] WARN  ActionDriver - Border failed: invalid session id
Build info: version: '4.44.0', revision: 'da2039b'
System info: os.name: 'Windows 11', os.arch: 'amd64', os.version: '10.0', java.version: '21.0.10'
Driver info: org.openqa.selenium.chrome.ChromeDriver
Command: [008daeb55b81fc9c37de631e61c4f9b2, findElement {using=xpath, value=//button[normalize-space()='Login']}]
Capabilities {acceptInsecureCerts: false, browserName: chrome, browserVersion: 149.0.7827.103, chrome: {chromedriverVersion: 149.0.7827.55 (3188f8a607ae..., userDataDir: C:\Users\DEVIKA~1\AppData\L...}, fedcm:accounts: true, goog:chromeOptions: {debuggerAddress: localhost:64944}, goog:processID: 13244, networkConnectionEnabled: false, pageLoadStrategy: normal, platformName: windows, proxy: Proxy(), se:cdp: ws://localhost:64944/devtoo..., se:cdpVersion: 149.0.7827.103, setWindowRect: true, strictFileInteractability: false, timeouts: {implicit: 0, pageLoad: 300000, script: 30000}, unhandledPromptBehavior: dismiss and notify, webauthn:extension:credBlob: true, webauthn:extension:largeBlob: true, webauthn:extension:minPinLength: true, webauthn:extension:prf: true, webauthn:virtualAuthenticators: true}
Session ID: 008daeb55b81fc9c37de631e61c4f9b2
2026-06-11 17:41:13 [main] WARN  ActionDriver - Border failed: invalid session id
Build info: version: '4.44.0', revision: 'da2039b'
System info: os.name: 'Windows 11', os.arch: 'amd64', os.version: '10.0', java.version: '21.0.10'
Driver info: org.openqa.selenium.chrome.ChromeDriver
Command: [008daeb55b81fc9c37de631e61c4f9b2, findElement {using=xpath, value=//div[@class='oxd-brand-banner']//img}]
Capabilities {acceptInsecureCerts: false, browserName: chrome, browserVersion: 149.0.7827.103, chrome: {chromedriverVersion: 149.0.7827.55 (3188f8a607ae..., userDataDir: C:\Users\DEVIKA~1\AppData\L...}, fedcm:accounts: true, goog:chromeOptions: {debuggerAddress: localhost:64944}, goog:processID: 13244, networkConnectionEnabled: false, pageLoadStrategy: normal, platformName: windows, proxy: Proxy(), se:cdp: ws://localhost:64944/devtoo..., se:cdpVersion: 149.0.7827.103, setWindowRect: true, strictFileInteractability: false, timeouts: {implicit: 0, pageLoad: 300000, script: 30000}, unhandledPromptBehavior: dismiss and notify, webauthn:extension:credBlob: true, webauthn:extension:largeBlob: true, webauthn:extension:minPinLength: true, webauthn:extension:prf: true, webauthn:virtualAuthenticators: true}
Session ID: 008daeb55b81fc9c37de631e61c4f9b2
2026-06-11 17:41:14 [main] INFO  Baseclass - Browser closed for: verifyOrangeHRMLogo
2026-06-11 17:41:14 [main] INFO  Baseclass - ThreadLocal cleaned for: verifyOrangeHRMLogo
2026-06-11 17:41:14 [main] INFO  Baseclass - Setting up WebDriver for: com.orangehrm.test.Dummyclass
2026-06-11 17:41:15 [main] INFO  Baseclass - ChromeDriver created
2026-06-11 17:41:20 [main] INFO  ActionDriver - WebDriver instance is created
2026-06-11 17:41:20 [main] INFO  Baseclass - WebDriver initialized successfully
2026-06-11 17:41:20 [main] INFO  Baseclass - Browser closed for: dummytest
2026-06-11 17:41:20 [main] INFO  Baseclass - ThreadLocal cleaned for: dummytest
2026-06-11 17:41:20 [main] INFO  Baseclass - Setting up WebDriver for: com.orangehrm.test.Dummyclass2
2026-06-11 17:41:21 [main] INFO  Baseclass - ChromeDriver created
2026-06-11 17:41:31 [main] INFO  ActionDriver - WebDriver instance is created
2026-06-11 17:41:31 [main] INFO  Baseclass - WebDriver initialized successfully
2026-06-11 17:41:31 [main] INFO  Baseclass - Browser closed for: dummyTest2
2026-06-11 17:41:31 [main] INFO  Baseclass - ThreadLocal cleaned for: dummyTest2
2026-06-11 18:51:26 [main] INFO  Baseclass - config.properties file loaded
2026-06-11 19:03:42 [main] INFO  Baseclass - config.properties file loaded
2026-06-11 19:47:43 [main] INFO  Baseclass - config.properties file loaded
2026-06-11 19:58:27 [main] INFO  Baseclass - config.properties file loaded
2026-06-11 19:59:39 [main] INFO  Baseclass - config.properties file loaded
2026-06-11 20:01:35 [main] INFO  Baseclass - config.properties file loaded
2026-06-11 20:03:24 [main] INFO  Baseclass - config.properties file loaded
2026-06-11 20:12:51 [main] INFO  Baseclass - config.properties file loaded
2026-06-11 20:15:35 [main] INFO  Baseclass - config.properties file loaded
2026-06-11 20:15:43 [TestNG-tests-1] INFO  Baseclass - ChromeDriver Instance is created.
2026-06-11 20:15:44 [TestNG-tests-1] INFO  Baseclass - ChromeDriver Instance is created.
2026-06-11 20:15:59 [TestNG-tests-2] INFO  Baseclass - EdgeDriver Instance is created.
2026-06-11 20:16:04 [TestNG-tests-2] INFO  Baseclass - EdgeDriver Instance is created.
2026-06-11 20:24:19 [main] INFO  Baseclass - config.properties file loaded
2026-06-11 20:24:23 [TestNG-tests-2] INFO  Baseclass - EdgeDriver Instance is created.
2026-06-11 20:24:23 [TestNG-tests-1] INFO  Baseclass - ChromeDriver Instance is created.
2026-06-11 20:24:23 [TestNG-tests-2] INFO  ActionDriver - WebDriver instance is created.
2026-06-11 20:24:23 [TestNG-tests-1] INFO  ActionDriver - WebDriver instance is created.
2026-06-11 20:24:23 [TestNG-tests-2] INFO  Baseclass - ActionDriver initialized for thread: 29
2026-06-11 20:24:23 [TestNG-tests-1] INFO  Baseclass - ActionDriver initialized for thread: 28
2026-06-11 20:24:26 [TestNG-tests-2] INFO  Baseclass - EdgeDriver Instance is created.
2026-06-11 20:24:26 [TestNG-tests-2] INFO  ActionDriver - WebDriver instance is created.
2026-06-11 20:24:26 [TestNG-tests-2] INFO  Baseclass - ActionDriver initialized for thread: 29
2026-06-11 20:24:26 [TestNG-tests-1] INFO  Baseclass - ChromeDriver Instance is created.
2026-06-11 20:24:26 [TestNG-tests-1] INFO  ActionDriver - WebDriver instance is created.
2026-06-11 20:24:26 [TestNG-tests-1] INFO  Baseclass - ActionDriver initialized for thread: 28
2026-06-11 20:26:46 [main] INFO  Baseclass - config.properties file loaded
2026-06-11 20:26:50 [TestNG-tests-2] INFO  Baseclass - EdgeDriver Instance is created.
2026-06-11 20:26:50 [TestNG-tests-2] INFO  ActionDriver - WebDriver instance is created.
2026-06-11 20:26:50 [TestNG-tests-2] INFO  Baseclass - ActionDriver initialized for thread: 28
2026-06-11 20:26:50 [TestNG-tests-1] INFO  Baseclass - ChromeDriver Instance is created.
2026-06-11 20:26:50 [TestNG-tests-1] INFO  ActionDriver - WebDriver instance is created.
2026-06-11 20:26:50 [TestNG-tests-1] INFO  Baseclass - ActionDriver initialized for thread: 27
2026-06-11 20:26:53 [TestNG-tests-2] INFO  Baseclass - EdgeDriver Instance is created.
2026-06-11 20:26:53 [TestNG-tests-2] INFO  ActionDriver - WebDriver instance is created.
2026-06-11 20:26:53 [TestNG-tests-2] INFO  Baseclass - ActionDriver initialized for thread: 28
2026-06-11 20:26:53 [TestNG-tests-1] INFO  Baseclass - ChromeDriver Instance is created.
2026-06-11 20:26:53 [TestNG-tests-1] INFO  ActionDriver - WebDriver instance is created.
2026-06-11 20:26:53 [TestNG-tests-1] INFO  Baseclass - ActionDriver initialized for thread: 27
2026-06-11 20:29:32 [main] INFO  Baseclass - config.properties file loaded
2026-06-11 20:29:37 [TestNG-tests-2] INFO  Baseclass - EdgeDriver Instance is created.
2026-06-11 20:29:37 [TestNG-tests-1] INFO  Baseclass - ChromeDriver Instance is created.
2026-06-11 20:29:37 [TestNG-tests-2] INFO  ActionDriver - WebDriver instance is created.
2026-06-11 20:29:37 [TestNG-tests-2] INFO  Baseclass - ActionDriver initialized for thread: 29
2026-06-11 20:29:37 [TestNG-tests-1] INFO  ActionDriver - WebDriver instance is created.
2026-06-11 20:29:37 [TestNG-tests-1] INFO  Baseclass - ActionDriver initialized for thread: 28
2026-06-11 20:29:39 [TestNG-tests-2] INFO  Baseclass - EdgeDriver Instance is created.
2026-06-11 20:29:39 [TestNG-tests-2] INFO  ActionDriver - WebDriver instance is created.
2026-06-11 20:29:39 [TestNG-tests-2] INFO  Baseclass - ActionDriver initialized for thread: 29
2026-06-11 20:29:39 [TestNG-tests-1] INFO  Baseclass - ChromeDriver Instance is created.
2026-06-11 20:29:39 [TestNG-tests-1] INFO  ActionDriver - WebDriver instance is created.
2026-06-11 20:29:39 [TestNG-tests-1] INFO  Baseclass - ActionDriver initialized for thread: 28
2026-06-11 20:40:30 [main] INFO  Baseclass - config.properties file loaded
2026-06-11 20:40:34 [TestNG-tests-1] INFO  Baseclass - ChromeDriver Instance is created.
2026-06-11 20:40:34 [TestNG-tests-2] INFO  Baseclass - EdgeDriver Instance is created.
2026-06-11 20:40:34 [TestNG-tests-1] INFO  ActionDriver - WebDriver instance is created.
2026-06-11 20:40:34 [TestNG-tests-1] INFO  Baseclass - ActionDriver initialized for thread: 28
2026-06-11 20:40:34 [TestNG-tests-2] INFO  ActionDriver - WebDriver instance is created.
2026-06-11 20:40:34 [TestNG-tests-2] INFO  Baseclass - ActionDriver initialized for thread: 29
2026-06-11 20:40:58 [TestNG-tests-2] INFO  Baseclass - WebDriver Initialized and Browser Maximized
2026-06-11 20:40:58 [TestNG-tests-2] INFO  Baseclass - WebDriver instance is closed.
2026-06-11 20:41:00 [TestNG-tests-2] INFO  Baseclass - EdgeDriver Instance is created.
2026-06-11 20:41:00 [TestNG-tests-2] INFO  ActionDriver - WebDriver instance is created.
2026-06-11 20:41:00 [TestNG-tests-2] INFO  Baseclass - ActionDriver initialized for thread: 29
2026-06-11 20:41:07 [TestNG-tests-2] INFO  Baseclass - WebDriver Initialized and Browser Maximized
2026-06-11 20:41:07 [TestNG-tests-2] INFO  Baseclass - WebDriver instance is closed.
2026-06-11 20:41:08 [TestNG-tests-2] INFO  Baseclass - EdgeDriver Instance is created.
2026-06-11 20:41:08 [TestNG-tests-2] INFO  ActionDriver - WebDriver instance is created.
2026-06-11 20:41:08 [TestNG-tests-2] INFO  Baseclass - ActionDriver initialized for thread: 29
2026-06-11 20:41:43 [TestNG-tests-2] INFO  Baseclass - WebDriver Initialized and Browser Maximized
2026-06-11 20:42:14 [TestNG-tests-2] WARN  ActionDriver - Failed to apply the border to an element: Unable to describe element due to error: no such element: Unable to locate element: {"method":"css selector","selector":"*[name='username']"}
  (Session info: MicrosoftEdge=149.0.4022.62)
For documentation on this error, please visit: https://www.selenium.dev/documentation/webdriver/troubleshooting/errors#nosuchelementexception
Build info: version: '4.44.0', revision: 'da2039b'
System info: os.name: 'Windows 11', os.arch: 'amd64', os.version: '10.0', java.version: '21.0.10'
Driver info: org.openqa.selenium.edge.EdgeDriver
Command: [f83dca3f376db313a765612c4f56ca00, findElement {value=username, using=name}]
Capabilities {acceptInsecureCerts: false, browserName: MicrosoftEdge, browserVersion: 149.0.4022.62, fedcm:accounts: true, goog:processID: 28200, ms:edgeOptions: {debuggerAddress: localhost:62656}, msedge: {msedgedriverVersion: 149.0.4022.62 (068a180137b0..., userDataDir: C:\Users\DEVIKA~1\AppData\L...}, networkConnectionEnabled: false, pageLoadStrategy: normal, platformName: windows, proxy: Proxy(), se:cdp: ws://localhost:62656/devtoo..., se:cdpVersion: 149.0.4022.62, setWindowRect: true, strictFileInteractability: false, timeouts: {implicit: 0, pageLoad: 300000, script: 30000}, unhandledPromptBehavior: dismiss and notify, webauthn:extension:credBlob: true, webauthn:extension:largeBlob: true, webauthn:extension:minPinLength: true, webauthn:extension:prf: true, webauthn:virtualAuthenticators: true}
Session ID: f83dca3f376db313a765612c4f56ca00
org.openqa.selenium.NoSuchElementException: no such element: Unable to locate element: {"method":"css selector","selector":"*[name='username']"}
  (Session info: MicrosoftEdge=149.0.4022.62)
For documentation on this error, please visit: https://www.selenium.dev/documentation/webdriver/troubleshooting/errors#nosuchelementexception
Build info: version: '4.44.0', revision: 'da2039b'
System info: os.name: 'Windows 11', os.arch: 'amd64', os.version: '10.0', java.version: '21.0.10'
Driver info: org.openqa.selenium.edge.EdgeDriver
Command: [f83dca3f376db313a765612c4f56ca00, findElement {value=username, using=name}]
Capabilities {acceptInsecureCerts: false, browserName: MicrosoftEdge, browserVersion: 149.0.4022.62, fedcm:accounts: true, goog:processID: 28200, ms:edgeOptions: {debuggerAddress: localhost:62656}, msedge: {msedgedriverVersion: 149.0.4022.62 (068a180137b0..., userDataDir: C:\Users\DEVIKA~1\AppData\L...}, networkConnectionEnabled: false, pageLoadStrategy: normal, platformName: windows, proxy: Proxy(), se:cdp: ws://localhost:62656/devtoo..., se:cdpVersion: 149.0.4022.62, setWindowRect: true, strictFileInteractability: false, timeouts: {implicit: 0, pageLoad: 300000, script: 30000}, unhandledPromptBehavior: dismiss and notify, webauthn:extension:credBlob: true, webauthn:extension:largeBlob: true, webauthn:extension:minPinLength: true, webauthn:extension:prf: true, webauthn:virtualAuthenticators: true}
Session ID: f83dca3f376db313a765612c4f56ca00
	at org.openqa.selenium.remote.ErrorCodec.decode(ErrorCodec.java:169)
	at org.openqa.selenium.remote.codec.w3c.W3CHttpResponseCodec.decode(W3CHttpResponseCodec.java:143)
	at org.openqa.selenium.remote.codec.w3c.W3CHttpResponseCodec.decode(W3CHttpResponseCodec.java:50)
	at org.openqa.selenium.remote.HttpCommandExecutor.execute(HttpCommandExecutor.java:224)
	at org.openqa.selenium.remote.service.DriverCommandExecutor.invokeExecute(DriverCommandExecutor.java:217)
	at org.openqa.selenium.remote.service.DriverCommandExecutor.execute(DriverCommandExecutor.java:175)
	at org.openqa.selenium.remote.RemoteWebDriver.execute(RemoteWebDriver.java:600)
	at org.openqa.selenium.remote.ElementLocation$ElementFinder$2.findElement(ElementLocation.java:173)
	at org.openqa.selenium.remote.ElementLocation.findElement(ElementLocation.java:60)
	at org.openqa.selenium.remote.RemoteWebDriver.findElement(RemoteWebDriver.java:421)
	at org.openqa.selenium.remote.RemoteWebDriver.findElement(RemoteWebDriver.java:415)
	at com.orangehrm.actiondriver.ActionDriver.applyBorder(ActionDriver.java:233)
	at com.orangehrm.actiondriver.ActionDriver.enterText(ActionDriver.java:56)
	at com.orangehrm.pages.LoginPage.login(LoginPage.java:31)
	at com.orangehrm.test.HomePageTest.setUp(HomePageTest.java:24)
	at java.base/jdk.internal.reflect.DirectMethodHandleAccessor.invoke(DirectMethodHandleAccessor.java:103)
	at java.base/java.lang.reflect.Method.invoke(Method.java:580)
	at org.testng.internal.invokers.MethodInvocationHelper.invokeMethod(MethodInvocationHelper.java:141)
	at org.testng.internal.invokers.MethodInvocationHelper.invokeMethodConsideringTimeout(MethodInvocationHelper.java:71)
	at org.testng.internal.invokers.ConfigInvoker.invokeConfigurationMethod(ConfigInvoker.java:400)
	at org.testng.internal.invokers.ConfigInvoker.invokeConfigurations(ConfigInvoker.java:333)
	at org.testng.internal.invokers.TestInvoker.runConfigMethods(TestInvoker.java:836)
	at org.testng.internal.invokers.TestInvoker.invokeMethod(TestInvoker.java:601)
	at org.testng.internal.invokers.TestInvoker.invokeTestMethod(TestInvoker.java:230)
	at org.testng.internal.invokers.MethodRunner.runInSequence(MethodRunner.java:63)
	at org.testng.internal.invokers.TestInvoker$MethodInvocationAgent.invoke(TestInvoker.java:995)
	at org.testng.internal.invokers.TestInvoker.invokeTestMethods(TestInvoker.java:203)
	at org.testng.internal.invokers.TestMethodWorker.invokeTestMethods(TestMethodWorker.java:154)
	at org.testng.internal.invokers.TestMethodWorker.run(TestMethodWorker.java:134)
	at java.base/java.util.ArrayList.forEach(ArrayList.java:1596)
	at org.testng.TestRunner.privateRun(TestRunner.java:741)
	at org.testng.TestRunner.run(TestRunner.java:616)
	at org.testng.SuiteRunner.runTest(SuiteRunner.java:421)
	at org.testng.SuiteRunner$SuiteWorker.run(SuiteRunner.java:463)
	at org.testng.internal.thread.ThreadUtil.lambda$execute$0(ThreadUtil.java:64)
	at java.base/java.util.concurrent.FutureTask.run(FutureTask.java:317)
	at java.base/java.util.concurrent.ThreadPoolExecutor.runWorker(ThreadPoolExecutor.java:1144)
	at java.base/java.util.concurrent.ThreadPoolExecutor$Worker.run(ThreadPoolExecutor.java:642)
	at java.base/java.lang.Thread.run(Thread.java:1583)
2026-06-11 20:42:44 [TestNG-tests-2] WARN  ActionDriver - Failed to apply the border to an element: Unable to describe element due to error: no such element: Unable to locate element: {"method":"css selector","selector":"*[name='username']"}
  (Session info: MicrosoftEdge=149.0.4022.62)
For documentation on this error, please visit: https://www.selenium.dev/documentation/webdriver/troubleshooting/errors#nosuchelementexception
Build info: version: '4.44.0', revision: 'da2039b'
System info: os.name: 'Windows 11', os.arch: 'amd64', os.version: '10.0', java.version: '21.0.10'
Driver info: org.openqa.selenium.edge.EdgeDriver
Command: [f83dca3f376db313a765612c4f56ca00, findElement {value=username, using=name}]
Capabilities {acceptInsecureCerts: false, browserName: MicrosoftEdge, browserVersion: 149.0.4022.62, fedcm:accounts: true, goog:processID: 28200, ms:edgeOptions: {debuggerAddress: localhost:62656}, msedge: {msedgedriverVersion: 149.0.4022.62 (068a180137b0..., userDataDir: C:\Users\DEVIKA~1\AppData\L...}, networkConnectionEnabled: false, pageLoadStrategy: normal, platformName: windows, proxy: Proxy(), se:cdp: ws://localhost:62656/devtoo..., se:cdpVersion: 149.0.4022.62, setWindowRect: true, strictFileInteractability: false, timeouts: {implicit: 0, pageLoad: 300000, script: 30000}, unhandledPromptBehavior: dismiss and notify, webauthn:extension:credBlob: true, webauthn:extension:largeBlob: true, webauthn:extension:minPinLength: true, webauthn:extension:prf: true, webauthn:virtualAuthenticators: true}
Session ID: f83dca3f376db313a765612c4f56ca00
org.openqa.selenium.NoSuchElementException: no such element: Unable to locate element: {"method":"css selector","selector":"*[name='username']"}
  (Session info: MicrosoftEdge=149.0.4022.62)
For documentation on this error, please visit: https://www.selenium.dev/documentation/webdriver/troubleshooting/errors#nosuchelementexception
Build info: version: '4.44.0', revision: 'da2039b'
System info: os.name: 'Windows 11', os.arch: 'amd64', os.version: '10.0', java.version: '21.0.10'
Driver info: org.openqa.selenium.edge.EdgeDriver
Command: [f83dca3f376db313a765612c4f56ca00, findElement {value=username, using=name}]
Capabilities {acceptInsecureCerts: false, browserName: MicrosoftEdge, browserVersion: 149.0.4022.62, fedcm:accounts: true, goog:processID: 28200, ms:edgeOptions: {debuggerAddress: localhost:62656}, msedge: {msedgedriverVersion: 149.0.4022.62 (068a180137b0..., userDataDir: C:\Users\DEVIKA~1\AppData\L...}, networkConnectionEnabled: false, pageLoadStrategy: normal, platformName: windows, proxy: Proxy(), se:cdp: ws://localhost:62656/devtoo..., se:cdpVersion: 149.0.4022.62, setWindowRect: true, strictFileInteractability: false, timeouts: {implicit: 0, pageLoad: 300000, script: 30000}, unhandledPromptBehavior: dismiss and notify, webauthn:extension:credBlob: true, webauthn:extension:largeBlob: true, webauthn:extension:minPinLength: true, webauthn:extension:prf: true, webauthn:virtualAuthenticators: true}
Session ID: f83dca3f376db313a765612c4f56ca00
	at org.openqa.selenium.remote.ErrorCodec.decode(ErrorCodec.java:169)
	at org.openqa.selenium.remote.codec.w3c.W3CHttpResponseCodec.decode(W3CHttpResponseCodec.java:143)
	at org.openqa.selenium.remote.codec.w3c.W3CHttpResponseCodec.decode(W3CHttpResponseCodec.java:50)
	at org.openqa.selenium.remote.HttpCommandExecutor.execute(HttpCommandExecutor.java:224)
	at org.openqa.selenium.remote.service.DriverCommandExecutor.invokeExecute(DriverCommandExecutor.java:217)
	at org.openqa.selenium.remote.service.DriverCommandExecutor.execute(DriverCommandExecutor.java:175)
	at org.openqa.selenium.remote.RemoteWebDriver.execute(RemoteWebDriver.java:600)
	at org.openqa.selenium.remote.ElementLocation$ElementFinder$2.findElement(ElementLocation.java:173)
	at org.openqa.selenium.remote.ElementLocation.findElement(ElementLocation.java:60)
	at org.openqa.selenium.remote.RemoteWebDriver.findElement(RemoteWebDriver.java:421)
	at org.openqa.selenium.remote.RemoteWebDriver.findElement(RemoteWebDriver.java:415)
	at com.orangehrm.actiondriver.ActionDriver.applyBorder(ActionDriver.java:233)
	at com.orangehrm.actiondriver.ActionDriver.enterText(ActionDriver.java:64)
	at com.orangehrm.pages.LoginPage.login(LoginPage.java:31)
	at com.orangehrm.test.HomePageTest.setUp(HomePageTest.java:24)
	at java.base/jdk.internal.reflect.DirectMethodHandleAccessor.invoke(DirectMethodHandleAccessor.java:103)
	at java.base/java.lang.reflect.Method.invoke(Method.java:580)
	at org.testng.internal.invokers.MethodInvocationHelper.invokeMethod(MethodInvocationHelper.java:141)
	at org.testng.internal.invokers.MethodInvocationHelper.invokeMethodConsideringTimeout(MethodInvocationHelper.java:71)
	at org.testng.internal.invokers.ConfigInvoker.invokeConfigurationMethod(ConfigInvoker.java:400)
	at org.testng.internal.invokers.ConfigInvoker.invokeConfigurations(ConfigInvoker.java:333)
	at org.testng.internal.invokers.TestInvoker.runConfigMethods(TestInvoker.java:836)
	at org.testng.internal.invokers.TestInvoker.invokeMethod(TestInvoker.java:601)
	at org.testng.internal.invokers.TestInvoker.invokeTestMethod(TestInvoker.java:230)
	at org.testng.internal.invokers.MethodRunner.runInSequence(MethodRunner.java:63)
	at org.testng.internal.invokers.TestInvoker$MethodInvocationAgent.invoke(TestInvoker.java:995)
	at org.testng.internal.invokers.TestInvoker.invokeTestMethods(TestInvoker.java:203)
	at org.testng.internal.invokers.TestMethodWorker.invokeTestMethods(TestMethodWorker.java:154)
	at org.testng.internal.invokers.TestMethodWorker.run(TestMethodWorker.java:134)
	at java.base/java.util.ArrayList.forEach(ArrayList.java:1596)
	at org.testng.TestRunner.privateRun(TestRunner.java:741)
	at org.testng.TestRunner.run(TestRunner.java:616)
	at org.testng.SuiteRunner.runTest(SuiteRunner.java:421)
	at org.testng.SuiteRunner$SuiteWorker.run(SuiteRunner.java:463)
	at org.testng.internal.thread.ThreadUtil.lambda$execute$0(ThreadUtil.java:64)
	at java.base/java.util.concurrent.FutureTask.run(FutureTask.java:317)
	at java.base/java.util.concurrent.ThreadPoolExecutor.runWorker(ThreadPoolExecutor.java:1144)
	at java.base/java.util.concurrent.ThreadPoolExecutor$Worker.run(ThreadPoolExecutor.java:642)
	at java.base/java.lang.Thread.run(Thread.java:1583)
2026-06-11 20:43:14 [TestNG-tests-2] WARN  ActionDriver - Failed to apply the border to an element: Unable to describe element due to error: no such element: Unable to locate element: {"method":"css selector","selector":"input[type='password']"}
  (Session info: MicrosoftEdge=149.0.4022.62)
For documentation on this error, please visit: https://www.selenium.dev/documentation/webdriver/troubleshooting/errors#nosuchelementexception
Build info: version: '4.44.0', revision: 'da2039b'
System info: os.name: 'Windows 11', os.arch: 'amd64', os.version: '10.0', java.version: '21.0.10'
Driver info: org.openqa.selenium.edge.EdgeDriver
Command: [f83dca3f376db313a765612c4f56ca00, findElement {value=input[type='password'], using=css selector}]
Capabilities {acceptInsecureCerts: false, browserName: MicrosoftEdge, browserVersion: 149.0.4022.62, fedcm:accounts: true, goog:processID: 28200, ms:edgeOptions: {debuggerAddress: localhost:62656}, msedge: {msedgedriverVersion: 149.0.4022.62 (068a180137b0..., userDataDir: C:\Users\DEVIKA~1\AppData\L...}, networkConnectionEnabled: false, pageLoadStrategy: normal, platformName: windows, proxy: Proxy(), se:cdp: ws://localhost:62656/devtoo..., se:cdpVersion: 149.0.4022.62, setWindowRect: true, strictFileInteractability: false, timeouts: {implicit: 0, pageLoad: 300000, script: 30000}, unhandledPromptBehavior: dismiss and notify, webauthn:extension:credBlob: true, webauthn:extension:largeBlob: true, webauthn:extension:minPinLength: true, webauthn:extension:prf: true, webauthn:virtualAuthenticators: true}
Session ID: f83dca3f376db313a765612c4f56ca00
org.openqa.selenium.NoSuchElementException: no such element: Unable to locate element: {"method":"css selector","selector":"input[type='password']"}
  (Session info: MicrosoftEdge=149.0.4022.62)
For documentation on this error, please visit: https://www.selenium.dev/documentation/webdriver/troubleshooting/errors#nosuchelementexception
Build info: version: '4.44.0', revision: 'da2039b'
System info: os.name: 'Windows 11', os.arch: 'amd64', os.version: '10.0', java.version: '21.0.10'
Driver info: org.openqa.selenium.edge.EdgeDriver
Command: [f83dca3f376db313a765612c4f56ca00, findElement {value=input[type='password'], using=css selector}]
Capabilities {acceptInsecureCerts: false, browserName: MicrosoftEdge, browserVersion: 149.0.4022.62, fedcm:accounts: true, goog:processID: 28200, ms:edgeOptions: {debuggerAddress: localhost:62656}, msedge: {msedgedriverVersion: 149.0.4022.62 (068a180137b0..., userDataDir: C:\Users\DEVIKA~1\AppData\L...}, networkConnectionEnabled: false, pageLoadStrategy: normal, platformName: windows, proxy: Proxy(), se:cdp: ws://localhost:62656/devtoo..., se:cdpVersion: 149.0.4022.62, setWindowRect: true, strictFileInteractability: false, timeouts: {implicit: 0, pageLoad: 300000, script: 30000}, unhandledPromptBehavior: dismiss and notify, webauthn:extension:credBlob: true, webauthn:extension:largeBlob: true, webauthn:extension:minPinLength: true, webauthn:extension:prf: true, webauthn:virtualAuthenticators: true}
Session ID: f83dca3f376db313a765612c4f56ca00
	at org.openqa.selenium.remote.ErrorCodec.decode(ErrorCodec.java:169)
	at org.openqa.selenium.remote.codec.w3c.W3CHttpResponseCodec.decode(W3CHttpResponseCodec.java:143)
	at org.openqa.selenium.remote.codec.w3c.W3CHttpResponseCodec.decode(W3CHttpResponseCodec.java:50)
	at org.openqa.selenium.remote.HttpCommandExecutor.execute(HttpCommandExecutor.java:224)
	at org.openqa.selenium.remote.service.DriverCommandExecutor.invokeExecute(DriverCommandExecutor.java:217)
	at org.openqa.selenium.remote.service.DriverCommandExecutor.execute(DriverCommandExecutor.java:175)
	at org.openqa.selenium.remote.RemoteWebDriver.execute(RemoteWebDriver.java:600)
	at org.openqa.selenium.remote.ElementLocation$ElementFinder$2.findElement(ElementLocation.java:173)
	at org.openqa.selenium.remote.ElementLocation.findElement(ElementLocation.java:60)
	at org.openqa.selenium.remote.RemoteWebDriver.findElement(RemoteWebDriver.java:421)
	at org.openqa.selenium.remote.RemoteWebDriver.findElement(RemoteWebDriver.java:415)
	at com.orangehrm.actiondriver.ActionDriver.applyBorder(ActionDriver.java:233)
	at com.orangehrm.actiondriver.ActionDriver.enterText(ActionDriver.java:56)
	at com.orangehrm.pages.LoginPage.login(LoginPage.java:32)
	at com.orangehrm.test.HomePageTest.setUp(HomePageTest.java:24)
	at java.base/jdk.internal.reflect.DirectMethodHandleAccessor.invoke(DirectMethodHandleAccessor.java:103)
	at java.base/java.lang.reflect.Method.invoke(Method.java:580)
	at org.testng.internal.invokers.MethodInvocationHelper.invokeMethod(MethodInvocationHelper.java:141)
	at org.testng.internal.invokers.MethodInvocationHelper.invokeMethodConsideringTimeout(MethodInvocationHelper.java:71)
	at org.testng.internal.invokers.ConfigInvoker.invokeConfigurationMethod(ConfigInvoker.java:400)
	at org.testng.internal.invokers.ConfigInvoker.invokeConfigurations(ConfigInvoker.java:333)
	at org.testng.internal.invokers.TestInvoker.runConfigMethods(TestInvoker.java:836)
	at org.testng.internal.invokers.TestInvoker.invokeMethod(TestInvoker.java:601)
	at org.testng.internal.invokers.TestInvoker.invokeTestMethod(TestInvoker.java:230)
	at org.testng.internal.invokers.MethodRunner.runInSequence(MethodRunner.java:63)
	at org.testng.internal.invokers.TestInvoker$MethodInvocationAgent.invoke(TestInvoker.java:995)
	at org.testng.internal.invokers.TestInvoker.invokeTestMethods(TestInvoker.java:203)
	at org.testng.internal.invokers.TestMethodWorker.invokeTestMethods(TestMethodWorker.java:154)
	at org.testng.internal.invokers.TestMethodWorker.run(TestMethodWorker.java:134)
	at java.base/java.util.ArrayList.forEach(ArrayList.java:1596)
	at org.testng.TestRunner.privateRun(TestRunner.java:741)
	at org.testng.TestRunner.run(TestRunner.java:616)
	at org.testng.SuiteRunner.runTest(SuiteRunner.java:421)
	at org.testng.SuiteRunner$SuiteWorker.run(SuiteRunner.java:463)
	at org.testng.internal.thread.ThreadUtil.lambda$execute$0(ThreadUtil.java:64)
	at java.base/java.util.concurrent.FutureTask.run(FutureTask.java:317)
	at java.base/java.util.concurrent.ThreadPoolExecutor.runWorker(ThreadPoolExecutor.java:1144)
	at java.base/java.util.concurrent.ThreadPoolExecutor$Worker.run(ThreadPoolExecutor.java:642)
	at java.base/java.lang.Thread.run(Thread.java:1583)
2026-06-11 20:43:36 [TestNG-tests-1] INFO  Baseclass - ChromeDriver Instance is created.
2026-06-11 20:43:36 [TestNG-tests-1] INFO  ActionDriver - WebDriver instance is created.
2026-06-11 20:43:36 [TestNG-tests-1] INFO  Baseclass - ActionDriver initialized for thread: 28
2026-06-11 20:43:44 [TestNG-tests-2] WARN  ActionDriver - Failed to apply the border to an element: Unable to describe element due to error: no such element: Unable to locate element: {"method":"css selector","selector":"input[type='password']"}
  (Session info: MicrosoftEdge=149.0.4022.62)
For documentation on this error, please visit: https://www.selenium.dev/documentation/webdriver/troubleshooting/errors#nosuchelementexception
Build info: version: '4.44.0', revision: 'da2039b'
System info: os.name: 'Windows 11', os.arch: 'amd64', os.version: '10.0', java.version: '21.0.10'
Driver info: org.openqa.selenium.edge.EdgeDriver
Command: [f83dca3f376db313a765612c4f56ca00, findElement {value=input[type='password'], using=css selector}]
Capabilities {acceptInsecureCerts: false, browserName: MicrosoftEdge, browserVersion: 149.0.4022.62, fedcm:accounts: true, goog:processID: 28200, ms:edgeOptions: {debuggerAddress: localhost:62656}, msedge: {msedgedriverVersion: 149.0.4022.62 (068a180137b0..., userDataDir: C:\Users\DEVIKA~1\AppData\L...}, networkConnectionEnabled: false, pageLoadStrategy: normal, platformName: windows, proxy: Proxy(), se:cdp: ws://localhost:62656/devtoo..., se:cdpVersion: 149.0.4022.62, setWindowRect: true, strictFileInteractability: false, timeouts: {implicit: 0, pageLoad: 300000, script: 30000}, unhandledPromptBehavior: dismiss and notify, webauthn:extension:credBlob: true, webauthn:extension:largeBlob: true, webauthn:extension:minPinLength: true, webauthn:extension:prf: true, webauthn:virtualAuthenticators: true}
Session ID: f83dca3f376db313a765612c4f56ca00
org.openqa.selenium.NoSuchElementException: no such element: Unable to locate element: {"method":"css selector","selector":"input[type='password']"}
  (Session info: MicrosoftEdge=149.0.4022.62)
For documentation on this error, please visit: https://www.selenium.dev/documentation/webdriver/troubleshooting/errors#nosuchelementexception
Build info: version: '4.44.0', revision: 'da2039b'
System info: os.name: 'Windows 11', os.arch: 'amd64', os.version: '10.0', java.version: '21.0.10'
Driver info: org.openqa.selenium.edge.EdgeDriver
Command: [f83dca3f376db313a765612c4f56ca00, findElement {value=input[type='password'], using=css selector}]
Capabilities {acceptInsecureCerts: false, browserName: MicrosoftEdge, browserVersion: 149.0.4022.62, fedcm:accounts: true, goog:processID: 28200, ms:edgeOptions: {debuggerAddress: localhost:62656}, msedge: {msedgedriverVersion: 149.0.4022.62 (068a180137b0..., userDataDir: C:\Users\DEVIKA~1\AppData\L...}, networkConnectionEnabled: false, pageLoadStrategy: normal, platformName: windows, proxy: Proxy(), se:cdp: ws://localhost:62656/devtoo..., se:cdpVersion: 149.0.4022.62, setWindowRect: true, strictFileInteractability: false, timeouts: {implicit: 0, pageLoad: 300000, script: 30000}, unhandledPromptBehavior: dismiss and notify, webauthn:extension:credBlob: true, webauthn:extension:largeBlob: true, webauthn:extension:minPinLength: true, webauthn:extension:prf: true, webauthn:virtualAuthenticators: true}
Session ID: f83dca3f376db313a765612c4f56ca00
	at org.openqa.selenium.remote.ErrorCodec.decode(ErrorCodec.java:169)
	at org.openqa.selenium.remote.codec.w3c.W3CHttpResponseCodec.decode(W3CHttpResponseCodec.java:143)
	at org.openqa.selenium.remote.codec.w3c.W3CHttpResponseCodec.decode(W3CHttpResponseCodec.java:50)
	at org.openqa.selenium.remote.HttpCommandExecutor.execute(HttpCommandExecutor.java:224)
	at org.openqa.selenium.remote.service.DriverCommandExecutor.invokeExecute(DriverCommandExecutor.java:217)
	at org.openqa.selenium.remote.service.DriverCommandExecutor.execute(DriverCommandExecutor.java:175)
	at org.openqa.selenium.remote.RemoteWebDriver.execute(RemoteWebDriver.java:600)
	at org.openqa.selenium.remote.ElementLocation$ElementFinder$2.findElement(ElementLocation.java:173)
	at org.openqa.selenium.remote.ElementLocation.findElement(ElementLocation.java:60)
	at org.openqa.selenium.remote.RemoteWebDriver.findElement(RemoteWebDriver.java:421)
	at org.openqa.selenium.remote.RemoteWebDriver.findElement(RemoteWebDriver.java:415)
	at com.orangehrm.actiondriver.ActionDriver.applyBorder(ActionDriver.java:233)
	at com.orangehrm.actiondriver.ActionDriver.enterText(ActionDriver.java:64)
	at com.orangehrm.pages.LoginPage.login(LoginPage.java:32)
	at com.orangehrm.test.HomePageTest.setUp(HomePageTest.java:24)
	at java.base/jdk.internal.reflect.DirectMethodHandleAccessor.invoke(DirectMethodHandleAccessor.java:103)
	at java.base/java.lang.reflect.Method.invoke(Method.java:580)
	at org.testng.internal.invokers.MethodInvocationHelper.invokeMethod(MethodInvocationHelper.java:141)
	at org.testng.internal.invokers.MethodInvocationHelper.invokeMethodConsideringTimeout(MethodInvocationHelper.java:71)
	at org.testng.internal.invokers.ConfigInvoker.invokeConfigurationMethod(ConfigInvoker.java:400)
	at org.testng.internal.invokers.ConfigInvoker.invokeConfigurations(ConfigInvoker.java:333)
	at org.testng.internal.invokers.TestInvoker.runConfigMethods(TestInvoker.java:836)
	at org.testng.internal.invokers.TestInvoker.invokeMethod(TestInvoker.java:601)
	at org.testng.internal.invokers.TestInvoker.invokeTestMethod(TestInvoker.java:230)
	at org.testng.internal.invokers.MethodRunner.runInSequence(MethodRunner.java:63)
	at org.testng.internal.invokers.TestInvoker$MethodInvocationAgent.invoke(TestInvoker.java:995)
	at org.testng.internal.invokers.TestInvoker.invokeTestMethods(TestInvoker.java:203)
	at org.testng.internal.invokers.TestMethodWorker.invokeTestMethods(TestMethodWorker.java:154)
	at org.testng.internal.invokers.TestMethodWorker.run(TestMethodWorker.java:134)
	at java.base/java.util.ArrayList.forEach(ArrayList.java:1596)
	at org.testng.TestRunner.privateRun(TestRunner.java:741)
	at org.testng.TestRunner.run(TestRunner.java:616)
	at org.testng.SuiteRunner.runTest(SuiteRunner.java:421)
	at org.testng.SuiteRunner$SuiteWorker.run(SuiteRunner.java:463)
	at org.testng.internal.thread.ThreadUtil.lambda$execute$0(ThreadUtil.java:64)
	at java.base/java.util.concurrent.FutureTask.run(FutureTask.java:317)
	at java.base/java.util.concurrent.ThreadPoolExecutor.runWorker(ThreadPoolExecutor.java:1144)
	at java.base/java.util.concurrent.ThreadPoolExecutor$Worker.run(ThreadPoolExecutor.java:642)
	at java.base/java.lang.Thread.run(Thread.java:1583)
2026-06-11 20:46:33 [main] INFO  Baseclass - config.properties file loaded
2026-06-11 20:46:36 [TestNG-tests-2] INFO  Baseclass - EdgeDriver Instance is created.
2026-06-11 20:46:36 [TestNG-tests-1] INFO  Baseclass - ChromeDriver Instance is created.
2026-06-11 20:46:36 [TestNG-tests-2] INFO  ActionDriver - WebDriver instance is created.
2026-06-11 20:46:36 [TestNG-tests-1] INFO  ActionDriver - WebDriver instance is created.
2026-06-11 20:46:36 [TestNG-tests-2] INFO  Baseclass - ActionDriver initialized for thread: 29
2026-06-11 20:46:36 [TestNG-tests-1] INFO  Baseclass - ActionDriver initialized for thread: 28
2026-06-11 20:47:04 [TestNG-tests-1] INFO  Baseclass - WebDriver Initialized and Browser Maximized
2026-06-11 20:47:04 [TestNG-tests-2] INFO  Baseclass - WebDriver Initialized and Browser Maximized
2026-06-11 20:47:04 [TestNG-tests-1] INFO  Baseclass - WebDriver instance is closed.
2026-06-11 20:47:04 [TestNG-tests-2] INFO  Baseclass - WebDriver instance is closed.
2026-06-11 20:47:05 [TestNG-tests-1] INFO  Baseclass - ChromeDriver Instance is created.
2026-06-11 20:47:05 [TestNG-tests-1] INFO  ActionDriver - WebDriver instance is created.
2026-06-11 20:47:05 [TestNG-tests-1] INFO  Baseclass - ActionDriver initialized for thread: 28
2026-06-11 20:47:06 [TestNG-tests-2] INFO  Baseclass - EdgeDriver Instance is created.
2026-06-11 20:47:06 [TestNG-tests-2] INFO  ActionDriver - WebDriver instance is created.
2026-06-11 20:47:06 [TestNG-tests-2] INFO  Baseclass - ActionDriver initialized for thread: 29
2026-06-11 20:47:18 [TestNG-tests-1] INFO  Baseclass - WebDriver Initialized and Browser Maximized
2026-06-11 20:47:18 [TestNG-tests-1] INFO  Baseclass - WebDriver instance is closed.
2026-06-11 20:47:19 [TestNG-tests-1] INFO  Baseclass - ChromeDriver Instance is created.
2026-06-11 20:47:19 [TestNG-tests-1] INFO  ActionDriver - WebDriver instance is created.
2026-06-11 20:47:19 [TestNG-tests-1] INFO  Baseclass - ActionDriver initialized for thread: 28
2026-06-11 20:52:08 [main] INFO  Baseclass - config.properties file loaded
2026-06-11 20:52:12 [TestNG-tests-2] INFO  Baseclass - EdgeDriver Instance is created.
2026-06-11 20:52:12 [TestNG-tests-1] INFO  Baseclass - ChromeDriver Instance is created.
2026-06-11 20:52:12 [TestNG-tests-2] INFO  ActionDriver - WebDriver instance is created.
2026-06-11 20:52:12 [TestNG-tests-1] INFO  ActionDriver - WebDriver instance is created.
2026-06-11 20:52:12 [TestNG-tests-2] INFO  Baseclass - ActionDriver initialized for thread: 29
2026-06-11 20:52:12 [TestNG-tests-1] INFO  Baseclass - ActionDriver initialized for thread: 28
2026-06-11 20:52:30 [TestNG-tests-2] INFO  Baseclass - WebDriver Initialized and Browser Maximized
2026-06-11 20:52:30 [TestNG-tests-2] INFO  Baseclass - WebDriver instance is closed.
2026-06-11 20:52:31 [TestNG-tests-2] INFO  Baseclass - EdgeDriver Instance is created.
2026-06-11 20:52:31 [TestNG-tests-2] INFO  ActionDriver - WebDriver instance is created.
2026-06-11 20:52:31 [TestNG-tests-2] INFO  Baseclass - ActionDriver initialized for thread: 29
2026-06-11 20:52:40 [TestNG-tests-2] INFO  Baseclass - WebDriver Initialized and Browser Maximized
2026-06-11 20:52:40 [TestNG-tests-2] INFO  Baseclass - WebDriver instance is closed.
2026-06-11 20:52:41 [TestNG-tests-2] INFO  Baseclass - EdgeDriver Instance is created.
2026-06-11 20:52:41 [TestNG-tests-2] INFO  ActionDriver - WebDriver instance is created.
2026-06-11 20:52:41 [TestNG-tests-2] INFO  Baseclass - ActionDriver initialized for thread: 29
2026-06-11 20:52:48 [TestNG-tests-2] INFO  Baseclass - WebDriver Initialized and Browser Maximized
2026-06-11 20:55:03 [TestNG-tests-1] INFO  Baseclass - WebDriver Initialized and Browser Maximized
2026-06-11 20:55:04 [TestNG-tests-1] INFO  Baseclass - WebDriver instance is closed.
2026-06-11 20:55:05 [TestNG-tests-1] INFO  Baseclass - ChromeDriver Instance is created.
2026-06-11 20:55:05 [TestNG-tests-1] INFO  ActionDriver - WebDriver instance is created.
2026-06-11 20:55:05 [TestNG-tests-1] INFO  Baseclass - ActionDriver initialized for thread: 28
2026-06-11 20:55:08 [TestNG-tests-1] INFO  Baseclass - WebDriver Initialized and Browser Maximized
2026-06-11 20:55:09 [TestNG-tests-1] INFO  Baseclass - WebDriver instance is closed.
2026-06-11 20:56:57 [main] INFO  Baseclass - config.properties file loaded
2026-06-11 20:57:00 [TestNG-tests-2] INFO  Baseclass - EdgeDriver Instance is created.
2026-06-11 20:57:00 [TestNG-tests-2] INFO  ActionDriver - WebDriver instance is created.
2026-06-11 20:57:00 [TestNG-tests-2] INFO  Baseclass - ActionDriver initialized for thread: 29
2026-06-11 20:57:01 [TestNG-tests-1] INFO  Baseclass - ChromeDriver Instance is created.
2026-06-11 20:57:01 [TestNG-tests-1] INFO  ActionDriver - WebDriver instance is created.
2026-06-11 20:57:01 [TestNG-tests-1] INFO  Baseclass - ActionDriver initialized for thread: 28
2026-06-11 20:57:09 [TestNG-tests-1] INFO  Baseclass - WebDriver Initialized and Browser Maximized
2026-06-11 20:57:09 [TestNG-tests-1] INFO  Baseclass - WebDriver instance is closed.
2026-06-11 20:57:11 [TestNG-tests-1] INFO  Baseclass - ChromeDriver Instance is created.
2026-06-11 20:57:11 [TestNG-tests-1] INFO  ActionDriver - WebDriver instance is created.
2026-06-11 20:57:11 [TestNG-tests-1] INFO  Baseclass - ActionDriver initialized for thread: 28
2026-06-11 20:57:19 [TestNG-tests-1] INFO  Baseclass - WebDriver Initialized and Browser Maximized
2026-06-11 20:57:20 [TestNG-tests-1] INFO  Baseclass - WebDriver instance is closed.
2026-06-11 20:57:21 [TestNG-tests-1] INFO  Baseclass - ChromeDriver Instance is created.
2026-06-11 20:57:21 [TestNG-tests-1] INFO  ActionDriver - WebDriver instance is created.
2026-06-11 20:57:21 [TestNG-tests-1] INFO  Baseclass - ActionDriver initialized for thread: 28
2026-06-11 20:57:25 [TestNG-tests-1] INFO  Baseclass - WebDriver Initialized and Browser Maximized
2026-06-11 20:59:36 [TestNG-tests-2] INFO  Baseclass - WebDriver Initialized and Browser Maximized
2026-06-11 20:59:37 [TestNG-tests-2] INFO  Baseclass - WebDriver instance is closed.
2026-06-11 20:59:38 [TestNG-tests-2] INFO  Baseclass - EdgeDriver Instance is created.
2026-06-11 20:59:38 [TestNG-tests-2] INFO  ActionDriver - WebDriver instance is created.
2026-06-11 20:59:38 [TestNG-tests-2] INFO  Baseclass - ActionDriver initialized for thread: 29
2026-06-11 20:59:52 [TestNG-tests-2] INFO  Baseclass - WebDriver Initialized and Browser Maximized
2026-06-11 20:59:53 [TestNG-tests-2] INFO  Baseclass - WebDriver instance is closed.
2026-06-11 20:59:54 [TestNG-tests-2] INFO  Baseclass - EdgeDriver Instance is created.
2026-06-11 20:59:54 [TestNG-tests-2] INFO  ActionDriver - WebDriver instance is created.
2026-06-11 20:59:54 [TestNG-tests-2] INFO  Baseclass - ActionDriver initialized for thread: 29
2026-06-12 08:12:36 [main] INFO  Baseclass - config.properties file loaded
2026-06-12 08:12:39 [TestNG-tests-2] INFO  Baseclass - EdgeDriver Instance is created.
2026-06-12 08:12:39 [TestNG-tests-2] INFO  ActionDriver - WebDriver instance is created.
2026-06-12 08:12:39 [TestNG-tests-2] INFO  Baseclass - ActionDriver initialized for thread: 29
2026-06-12 08:12:50 [TestNG-tests-1] INFO  Baseclass - ChromeDriver Instance is created.
2026-06-12 08:12:50 [TestNG-tests-1] INFO  ActionDriver - WebDriver instance is created.
2026-06-12 08:12:50 [TestNG-tests-1] INFO  Baseclass - ActionDriver initialized for thread: 28
2026-06-12 08:12:59 [TestNG-tests-1] INFO  Baseclass - WebDriver Initialized and Browser Maximized
2026-06-12 08:13:01 [TestNG-tests-1] INFO  Baseclass - WebDriver instance is closed.
2026-06-12 08:13:02 [TestNG-tests-1] INFO  Baseclass - ChromeDriver Instance is created.
2026-06-12 08:13:02 [TestNG-tests-1] INFO  ActionDriver - WebDriver instance is created.
2026-06-12 08:13:02 [TestNG-tests-1] INFO  Baseclass - ActionDriver initialized for thread: 28
2026-06-12 08:13:10 [TestNG-tests-1] INFO  Baseclass - WebDriver Initialized and Browser Maximized
2026-06-12 08:13:12 [TestNG-tests-1] INFO  Baseclass - WebDriver instance is closed.
2026-06-12 08:13:14 [TestNG-tests-1] INFO  Baseclass - ChromeDriver Instance is created.
2026-06-12 08:13:14 [TestNG-tests-1] INFO  ActionDriver - WebDriver instance is created.
2026-06-12 08:13:14 [TestNG-tests-1] INFO  Baseclass - ActionDriver initialized for thread: 28
2026-06-12 08:13:21 [TestNG-tests-1] INFO  Baseclass - WebDriver Initialized and Browser Maximized
2026-06-12 08:15:51 [TestNG-tests-2] INFO  Baseclass - EdgeDriver Instance is created.
2026-06-12 08:15:51 [TestNG-tests-2] INFO  ActionDriver - WebDriver instance is created.
2026-06-12 08:15:51 [TestNG-tests-2] INFO  Baseclass - ActionDriver initialized for thread: 29
2026-06-12 08:15:55 [TestNG-tests-2] INFO  Baseclass - WebDriver Initialized and Browser Maximized
2026-06-12 08:30:26 [main] INFO  Baseclass - config.properties file loaded
2026-06-12 08:30:31 [TestNG-tests-1] INFO  Baseclass - ChromeDriver Instance is created.
2026-06-12 08:30:31 [TestNG-tests-1] INFO  ActionDriver - WebDriver instance is created.
2026-06-12 08:30:31 [TestNG-tests-1] INFO  Baseclass - ActionDriver initialized for thread: 28
2026-06-12 08:30:31 [TestNG-tests-2] INFO  Baseclass - EdgeDriver Instance is created.
2026-06-12 08:30:31 [TestNG-tests-2] INFO  ActionDriver - WebDriver instance is created.
2026-06-12 08:30:31 [TestNG-tests-2] INFO  Baseclass - ActionDriver initialized for thread: 29
2026-06-12 08:30:35 [TestNG-tests-1] INFO  Baseclass - WebDriver Initialized and Browser Maximized
2026-06-12 08:30:35 [TestNG-tests-1] INFO  Baseclass - WebDriver instance is closed.
2026-06-12 08:30:37 [TestNG-tests-1] INFO  Baseclass - ChromeDriver Instance is created.
2026-06-12 08:30:37 [TestNG-tests-1] INFO  ActionDriver - WebDriver instance is created.
2026-06-12 08:30:37 [TestNG-tests-1] INFO  Baseclass - ActionDriver initialized for thread: 28
2026-06-12 08:30:51 [TestNG-tests-2] INFO  Baseclass - WebDriver Initialized and Browser Maximized
2026-06-12 08:30:51 [TestNG-tests-2] INFO  Baseclass - WebDriver instance is closed.
2026-06-12 08:30:53 [TestNG-tests-2] INFO  Baseclass - EdgeDriver Instance is created.
2026-06-12 08:30:53 [TestNG-tests-2] INFO  ActionDriver - WebDriver instance is created.
2026-06-12 08:30:53 [TestNG-tests-2] INFO  Baseclass - ActionDriver initialized for thread: 29
2026-06-12 08:31:25 [TestNG-tests-1] INFO  Baseclass - WebDriver Initialized and Browser Maximized
2026-06-12 08:31:25 [TestNG-tests-1] INFO  Baseclass - WebDriver instance is closed.
2026-06-12 08:31:27 [TestNG-tests-1] INFO  Baseclass - ChromeDriver Instance is created.
2026-06-12 08:31:27 [TestNG-tests-1] INFO  ActionDriver - WebDriver instance is created.
2026-06-12 08:31:27 [TestNG-tests-1] INFO  Baseclass - ActionDriver initialized for thread: 28
2026-06-12 08:31:29 [TestNG-tests-2] INFO  Baseclass - WebDriver Initialized and Browser Maximized
2026-06-12 08:31:30 [TestNG-tests-2] INFO  Baseclass - WebDriver instance is closed.
2026-06-12 08:31:31 [TestNG-tests-2] INFO  Baseclass - EdgeDriver Instance is created.
2026-06-12 08:31:31 [TestNG-tests-2] INFO  ActionDriver - WebDriver instance is created.
2026-06-12 08:31:31 [TestNG-tests-2] INFO  Baseclass - ActionDriver initialized for thread: 29
2026-06-12 08:31:36 [TestNG-tests-1] INFO  Baseclass - WebDriver Initialized and Browser Maximized
2026-06-12 08:31:36 [TestNG-tests-1] INFO  ActionDriver - Applied the border with color green to element: Element with name: username
2026-06-12 08:31:36 [TestNG-tests-1] INFO  ActionDriver - Entered text on Element with name: username-->admin
2026-06-12 08:31:37 [TestNG-tests-1] INFO  ActionDriver - Applied the border with color green to element: Element with name: password
2026-06-12 08:31:37 [TestNG-tests-1] INFO  ActionDriver - Entered text on Element with name: password-->admin123
2026-06-12 08:31:37 [TestNG-tests-1] INFO  ActionDriver - Applied the border with color green to element: Element with text: Login
2026-06-12 08:31:43 [TestNG-tests-2] INFO  Baseclass - WebDriver Initialized and Browser Maximized
2026-06-12 08:31:43 [TestNG-tests-2] INFO  ActionDriver - Applied the border with color green to element: Element with name: username
2026-06-12 08:31:43 [TestNG-tests-2] INFO  ActionDriver - Entered text on Element with name: username-->admin
2026-06-12 08:31:43 [TestNG-tests-2] INFO  ActionDriver - Applied the border with color green to element: Element with name: password
2026-06-12 08:31:44 [TestNG-tests-2] INFO  ActionDriver - Entered text on Element with name: password-->admin123
2026-06-12 08:31:44 [TestNG-tests-2] INFO  ActionDriver - Applied the border with color green to element: Element with text: Login
2026-06-12 08:31:59 [TestNG-tests-1] WARN  ActionDriver - Failed to apply the border to an element: Unable to describe element due to error: no such element: Unable to locate element: {"method":"xpath","selector":"//button[text()=' Login ']"}
  (Session info: chrome=149.0.7827.103)
For documentation on this error, please visit: https://www.selenium.dev/documentation/webdriver/troubleshooting/errors#nosuchelementexception
Build info: version: '4.44.0', revision: 'da2039b'
System info: os.name: 'Windows 11', os.arch: 'amd64', os.version: '10.0', java.version: '21.0.10'
Driver info: org.openqa.selenium.chrome.ChromeDriver
Command: [45fc06a71907af193cdaea11cf11b0a9, findElement {using=xpath, value=//button[text()=' Login ']}]
Capabilities {acceptInsecureCerts: false, browserName: chrome, browserVersion: 149.0.7827.103, chrome: {chromedriverVersion: 149.0.7827.115 (daf70f9ddee..., userDataDir: C:\Users\DEVIKA~1\AppData\L...}, fedcm:accounts: true, goog:chromeOptions: {debuggerAddress: localhost:57928}, goog:processID: 9912, networkConnectionEnabled: false, pageLoadStrategy: normal, platformName: windows, proxy: Proxy(), se:cdp: ws://localhost:57928/devtoo..., se:cdpVersion: 149.0.7827.103, setWindowRect: true, strictFileInteractability: false, timeouts: {implicit: 0, pageLoad: 300000, script: 30000}, unhandledPromptBehavior: dismiss and notify, webauthn:extension:credBlob: true, webauthn:extension:largeBlob: true, webauthn:extension:minPinLength: true, webauthn:extension:prf: true, webauthn:virtualAuthenticators: true}
Session ID: 45fc06a71907af193cdaea11cf11b0a9
org.openqa.selenium.NoSuchElementException: no such element: Unable to locate element: {"method":"xpath","selector":"//button[text()=' Login ']"}
  (Session info: chrome=149.0.7827.103)
For documentation on this error, please visit: https://www.selenium.dev/documentation/webdriver/troubleshooting/errors#nosuchelementexception
Build info: version: '4.44.0', revision: 'da2039b'
System info: os.name: 'Windows 11', os.arch: 'amd64', os.version: '10.0', java.version: '21.0.10'
Driver info: org.openqa.selenium.chrome.ChromeDriver
Command: [45fc06a71907af193cdaea11cf11b0a9, findElement {using=xpath, value=//button[text()=' Login ']}]
Capabilities {acceptInsecureCerts: false, browserName: chrome, browserVersion: 149.0.7827.103, chrome: {chromedriverVersion: 149.0.7827.115 (daf70f9ddee..., userDataDir: C:\Users\DEVIKA~1\AppData\L...}, fedcm:accounts: true, goog:chromeOptions: {debuggerAddress: localhost:57928}, goog:processID: 9912, networkConnectionEnabled: false, pageLoadStrategy: normal, platformName: windows, proxy: Proxy(), se:cdp: ws://localhost:57928/devtoo..., se:cdpVersion: 149.0.7827.103, setWindowRect: true, strictFileInteractability: false, timeouts: {implicit: 0, pageLoad: 300000, script: 30000}, unhandledPromptBehavior: dismiss and notify, webauthn:extension:credBlob: true, webauthn:extension:largeBlob: true, webauthn:extension:minPinLength: true, webauthn:extension:prf: true, webauthn:virtualAuthenticators: true}
Session ID: 45fc06a71907af193cdaea11cf11b0a9
	at org.openqa.selenium.remote.ErrorCodec.decode(ErrorCodec.java:169)
	at org.openqa.selenium.remote.codec.w3c.W3CHttpResponseCodec.decode(W3CHttpResponseCodec.java:143)
	at org.openqa.selenium.remote.codec.w3c.W3CHttpResponseCodec.decode(W3CHttpResponseCodec.java:50)
	at org.openqa.selenium.remote.HttpCommandExecutor.execute(HttpCommandExecutor.java:224)
	at org.openqa.selenium.remote.service.DriverCommandExecutor.invokeExecute(DriverCommandExecutor.java:217)
	at org.openqa.selenium.remote.service.DriverCommandExecutor.execute(DriverCommandExecutor.java:175)
	at org.openqa.selenium.remote.RemoteWebDriver.execute(RemoteWebDriver.java:600)
	at org.openqa.selenium.remote.ElementLocation$ElementFinder$2.findElement(ElementLocation.java:173)
	at org.openqa.selenium.remote.ElementLocation.findElement(ElementLocation.java:60)
	at org.openqa.selenium.remote.RemoteWebDriver.findElement(RemoteWebDriver.java:421)
	at org.openqa.selenium.remote.RemoteWebDriver.findElement(RemoteWebDriver.java:415)
	at com.orangehrm.actiondriver.ActionDriver.applyBorder(ActionDriver.java:233)
	at com.orangehrm.actiondriver.ActionDriver.click(ActionDriver.java:44)
	at com.orangehrm.pages.LoginPage.login(LoginPage.java:33)
	at com.orangehrm.test.HomePageTest.setUp(HomePageTest.java:24)
	at java.base/jdk.internal.reflect.DirectMethodHandleAccessor.invoke(DirectMethodHandleAccessor.java:103)
	at java.base/java.lang.reflect.Method.invoke(Method.java:580)
	at org.testng.internal.invokers.MethodInvocationHelper.invokeMethod(MethodInvocationHelper.java:141)
	at org.testng.internal.invokers.MethodInvocationHelper.invokeMethodConsideringTimeout(MethodInvocationHelper.java:71)
	at org.testng.internal.invokers.ConfigInvoker.invokeConfigurationMethod(ConfigInvoker.java:400)
	at org.testng.internal.invokers.ConfigInvoker.invokeConfigurations(ConfigInvoker.java:333)
	at org.testng.internal.invokers.TestInvoker.runConfigMethods(TestInvoker.java:836)
	at org.testng.internal.invokers.TestInvoker.invokeMethod(TestInvoker.java:601)
	at org.testng.internal.invokers.TestInvoker.invokeTestMethod(TestInvoker.java:230)
	at org.testng.internal.invokers.MethodRunner.runInSequence(MethodRunner.java:63)
	at org.testng.internal.invokers.TestInvoker$MethodInvocationAgent.invoke(TestInvoker.java:995)
	at org.testng.internal.invokers.TestInvoker.invokeTestMethods(TestInvoker.java:203)
	at org.testng.internal.invokers.TestMethodWorker.invokeTestMethods(TestMethodWorker.java:154)
	at org.testng.internal.invokers.TestMethodWorker.run(TestMethodWorker.java:134)
	at java.base/java.util.ArrayList.forEach(ArrayList.java:1596)
	at org.testng.TestRunner.privateRun(TestRunner.java:741)
	at org.testng.TestRunner.run(TestRunner.java:616)
	at org.testng.SuiteRunner.runTest(SuiteRunner.java:421)
	at org.testng.SuiteRunner$SuiteWorker.run(SuiteRunner.java:463)
	at org.testng.internal.thread.ThreadUtil.lambda$execute$0(ThreadUtil.java:64)
	at java.base/java.util.concurrent.FutureTask.run(FutureTask.java:317)
	at java.base/java.util.concurrent.ThreadPoolExecutor.runWorker(ThreadPoolExecutor.java:1144)
	at java.base/java.util.concurrent.ThreadPoolExecutor$Worker.run(ThreadPoolExecutor.java:642)
	at java.base/java.lang.Thread.run(Thread.java:1583)
2026-06-12 08:32:08 [TestNG-tests-2] WARN  ActionDriver - Failed to apply the border to an element: Unable to describe element due to error: no such element: Unable to locate element: {"method":"xpath","selector":"//button[text()=' Login ']"}
  (Session info: MicrosoftEdge=149.0.4022.62)
For documentation on this error, please visit: https://www.selenium.dev/documentation/webdriver/troubleshooting/errors#nosuchelementexception
Build info: version: '4.44.0', revision: 'da2039b'
System info: os.name: 'Windows 11', os.arch: 'amd64', os.version: '10.0', java.version: '21.0.10'
Driver info: org.openqa.selenium.edge.EdgeDriver
Command: [b3fb8a66074201392caf81015f6f8fa1, findElement {using=xpath, value=//button[text()=' Login ']}]
Capabilities {acceptInsecureCerts: false, browserName: MicrosoftEdge, browserVersion: 149.0.4022.62, fedcm:accounts: true, goog:processID: 4316, ms:edgeOptions: {debuggerAddress: localhost:60392}, msedge: {msedgedriverVersion: 149.0.4022.62 (068a180137b0..., userDataDir: C:\Users\DEVIKA~1\AppData\L...}, networkConnectionEnabled: false, pageLoadStrategy: normal, platformName: windows, proxy: Proxy(), se:cdp: ws://localhost:60392/devtoo..., se:cdpVersion: 149.0.4022.62, setWindowRect: true, strictFileInteractability: false, timeouts: {implicit: 0, pageLoad: 300000, script: 30000}, unhandledPromptBehavior: dismiss and notify, webauthn:extension:credBlob: true, webauthn:extension:largeBlob: true, webauthn:extension:minPinLength: true, webauthn:extension:prf: true, webauthn:virtualAuthenticators: true}
Session ID: b3fb8a66074201392caf81015f6f8fa1
org.openqa.selenium.NoSuchElementException: no such element: Unable to locate element: {"method":"xpath","selector":"//button[text()=' Login ']"}
  (Session info: MicrosoftEdge=149.0.4022.62)
For documentation on this error, please visit: https://www.selenium.dev/documentation/webdriver/troubleshooting/errors#nosuchelementexception
Build info: version: '4.44.0', revision: 'da2039b'
System info: os.name: 'Windows 11', os.arch: 'amd64', os.version: '10.0', java.version: '21.0.10'
Driver info: org.openqa.selenium.edge.EdgeDriver
Command: [b3fb8a66074201392caf81015f6f8fa1, findElement {using=xpath, value=//button[text()=' Login ']}]
Capabilities {acceptInsecureCerts: false, browserName: MicrosoftEdge, browserVersion: 149.0.4022.62, fedcm:accounts: true, goog:processID: 4316, ms:edgeOptions: {debuggerAddress: localhost:60392}, msedge: {msedgedriverVersion: 149.0.4022.62 (068a180137b0..., userDataDir: C:\Users\DEVIKA~1\AppData\L...}, networkConnectionEnabled: false, pageLoadStrategy: normal, platformName: windows, proxy: Proxy(), se:cdp: ws://localhost:60392/devtoo..., se:cdpVersion: 149.0.4022.62, setWindowRect: true, strictFileInteractability: false, timeouts: {implicit: 0, pageLoad: 300000, script: 30000}, unhandledPromptBehavior: dismiss and notify, webauthn:extension:credBlob: true, webauthn:extension:largeBlob: true, webauthn:extension:minPinLength: true, webauthn:extension:prf: true, webauthn:virtualAuthenticators: true}
Session ID: b3fb8a66074201392caf81015f6f8fa1
	at org.openqa.selenium.remote.ErrorCodec.decode(ErrorCodec.java:169)
	at org.openqa.selenium.remote.codec.w3c.W3CHttpResponseCodec.decode(W3CHttpResponseCodec.java:143)
	at org.openqa.selenium.remote.codec.w3c.W3CHttpResponseCodec.decode(W3CHttpResponseCodec.java:50)
	at org.openqa.selenium.remote.HttpCommandExecutor.execute(HttpCommandExecutor.java:224)
	at org.openqa.selenium.remote.service.DriverCommandExecutor.invokeExecute(DriverCommandExecutor.java:217)
	at org.openqa.selenium.remote.service.DriverCommandExecutor.execute(DriverCommandExecutor.java:175)
	at org.openqa.selenium.remote.RemoteWebDriver.execute(RemoteWebDriver.java:600)
	at org.openqa.selenium.remote.ElementLocation$ElementFinder$2.findElement(ElementLocation.java:173)
	at org.openqa.selenium.remote.ElementLocation.findElement(ElementLocation.java:60)
	at org.openqa.selenium.remote.RemoteWebDriver.findElement(RemoteWebDriver.java:421)
	at org.openqa.selenium.remote.RemoteWebDriver.findElement(RemoteWebDriver.java:415)
	at com.orangehrm.actiondriver.ActionDriver.applyBorder(ActionDriver.java:233)
	at com.orangehrm.actiondriver.ActionDriver.click(ActionDriver.java:44)
	at com.orangehrm.pages.LoginPage.login(LoginPage.java:33)
	at com.orangehrm.test.HomePageTest.setUp(HomePageTest.java:24)
	at java.base/jdk.internal.reflect.DirectMethodHandleAccessor.invoke(DirectMethodHandleAccessor.java:103)
	at java.base/java.lang.reflect.Method.invoke(Method.java:580)
	at org.testng.internal.invokers.MethodInvocationHelper.invokeMethod(MethodInvocationHelper.java:141)
	at org.testng.internal.invokers.MethodInvocationHelper.invokeMethodConsideringTimeout(MethodInvocationHelper.java:71)
	at org.testng.internal.invokers.ConfigInvoker.invokeConfigurationMethod(ConfigInvoker.java:400)
	at org.testng.internal.invokers.ConfigInvoker.invokeConfigurations(ConfigInvoker.java:333)
	at org.testng.internal.invokers.TestInvoker.runConfigMethods(TestInvoker.java:836)
	at org.testng.internal.invokers.TestInvoker.invokeMethod(TestInvoker.java:601)
	at org.testng.internal.invokers.TestInvoker.invokeTestMethod(TestInvoker.java:230)
	at org.testng.internal.invokers.MethodRunner.runInSequence(MethodRunner.java:63)
	at org.testng.internal.invokers.TestInvoker$MethodInvocationAgent.invoke(TestInvoker.java:995)
	at org.testng.internal.invokers.TestInvoker.invokeTestMethods(TestInvoker.java:203)
	at org.testng.internal.invokers.TestMethodWorker.invokeTestMethods(TestMethodWorker.java:154)
	at org.testng.internal.invokers.TestMethodWorker.run(TestMethodWorker.java:134)
	at java.base/java.util.ArrayList.forEach(ArrayList.java:1596)
	at org.testng.TestRunner.privateRun(TestRunner.java:741)
	at org.testng.TestRunner.run(TestRunner.java:616)
	at org.testng.SuiteRunner.runTest(SuiteRunner.java:421)
	at org.testng.SuiteRunner$SuiteWorker.run(SuiteRunner.java:463)
	at org.testng.internal.thread.ThreadUtil.lambda$execute$0(ThreadUtil.java:64)
	at java.base/java.util.concurrent.FutureTask.run(FutureTask.java:317)
	at java.base/java.util.concurrent.ThreadPoolExecutor.runWorker(ThreadPoolExecutor.java:1144)
	at java.base/java.util.concurrent.ThreadPoolExecutor$Worker.run(ThreadPoolExecutor.java:642)
	at java.base/java.lang.Thread.run(Thread.java:1583)
2026-06-12 08:35:22 [main] INFO  Baseclass - config.properties file loaded
2026-06-12 08:35:26 [TestNG-tests-2] INFO  Baseclass - EdgeDriver Instance is created.
2026-06-12 08:35:26 [TestNG-tests-1] INFO  Baseclass - ChromeDriver Instance is created.
2026-06-12 08:35:26 [TestNG-tests-2] INFO  ActionDriver - WebDriver instance is created.
2026-06-12 08:35:26 [TestNG-tests-1] INFO  ActionDriver - WebDriver instance is created.
2026-06-12 08:35:26 [TestNG-tests-1] INFO  Baseclass - ActionDriver initialized for thread: 28
2026-06-12 08:35:26 [TestNG-tests-2] INFO  Baseclass - ActionDriver initialized for thread: 29
2026-06-12 08:35:29 [TestNG-tests-1] INFO  Baseclass - WebDriver Initialized and Browser Maximized
2026-06-12 08:35:30 [TestNG-tests-1] INFO  Baseclass - WebDriver instance is closed.
2026-06-12 08:35:31 [TestNG-tests-1] INFO  Baseclass - ChromeDriver Instance is created.
2026-06-12 08:35:31 [TestNG-tests-1] INFO  ActionDriver - WebDriver instance is created.
2026-06-12 08:35:31 [TestNG-tests-1] INFO  Baseclass - ActionDriver initialized for thread: 28
2026-06-12 08:35:34 [TestNG-tests-2] INFO  Baseclass - WebDriver Initialized and Browser Maximized
2026-06-12 08:35:34 [TestNG-tests-2] INFO  Baseclass - WebDriver instance is closed.
2026-06-12 08:35:36 [TestNG-tests-2] INFO  Baseclass - EdgeDriver Instance is created.
2026-06-12 08:35:36 [TestNG-tests-2] INFO  ActionDriver - WebDriver instance is created.
2026-06-12 08:35:36 [TestNG-tests-2] INFO  Baseclass - ActionDriver initialized for thread: 29
2026-06-12 08:35:40 [TestNG-tests-1] INFO  Baseclass - WebDriver Initialized and Browser Maximized
2026-06-12 08:35:40 [TestNG-tests-2] INFO  Baseclass - WebDriver Initialized and Browser Maximized
2026-06-12 08:35:40 [TestNG-tests-1] INFO  Baseclass - WebDriver instance is closed.
2026-06-12 08:35:40 [TestNG-tests-2] INFO  Baseclass - WebDriver instance is closed.
2026-06-12 08:35:42 [TestNG-tests-2] INFO  Baseclass - EdgeDriver Instance is created.
2026-06-12 08:35:42 [TestNG-tests-2] INFO  ActionDriver - WebDriver instance is created.
2026-06-12 08:35:42 [TestNG-tests-2] INFO  Baseclass - ActionDriver initialized for thread: 29
2026-06-12 08:35:42 [TestNG-tests-1] INFO  Baseclass - ChromeDriver Instance is created.
2026-06-12 08:35:42 [TestNG-tests-1] INFO  ActionDriver - WebDriver instance is created.
2026-06-12 08:35:42 [TestNG-tests-1] INFO  Baseclass - ActionDriver initialized for thread: 28
2026-06-12 08:35:49 [TestNG-tests-1] INFO  Baseclass - WebDriver Initialized and Browser Maximized
2026-06-12 08:35:50 [TestNG-tests-1] INFO  ActionDriver - Applied the border with color green to element: Element with name: username
2026-06-12 08:35:50 [TestNG-tests-1] INFO  ActionDriver - Entered text on Element with name: username-->admin
2026-06-12 08:35:50 [TestNG-tests-1] INFO  ActionDriver - Applied the border with color green to element: Element with name: password
2026-06-12 08:35:50 [TestNG-tests-1] INFO  ActionDriver - Entered text on Element with name: password-->admin123
2026-06-12 08:35:52 [TestNG-tests-2] INFO  Baseclass - WebDriver Initialized and Browser Maximized
2026-06-12 08:35:53 [TestNG-tests-2] INFO  ActionDriver - Applied the border with color green to element: Element with name: username
2026-06-12 08:35:53 [TestNG-tests-2] INFO  ActionDriver - Entered text on Element with name: username-->admin
2026-06-12 08:35:53 [TestNG-tests-2] INFO  ActionDriver - Applied the border with color green to element: Element with name: password
2026-06-12 08:35:54 [TestNG-tests-2] INFO  ActionDriver - Entered text on Element with name: password-->admin123
2026-06-12 08:36:16 [TestNG-tests-1] WARN  ActionDriver - Failed to apply the border to an element: Unable to describe element due to error: invalid session id: session deleted as the browser has closed the connection
from disconnected: unable to send message to renderer
  (Session info: chrome=149.0.7827.103)
Build info: version: '4.44.0', revision: 'da2039b'
System info: os.name: 'Windows 11', os.arch: 'amd64', os.version: '10.0', java.version: '21.0.10'
Driver info: org.openqa.selenium.chrome.ChromeDriver
Command: [fd8bf24549d3a678593e5519d5620e66, findElement {value=//button[normalize-space()=' Login '], using=xpath}]
Capabilities {acceptInsecureCerts: false, browserName: chrome, browserVersion: 149.0.7827.103, chrome: {chromedriverVersion: 149.0.7827.115 (daf70f9ddee..., userDataDir: C:\Users\DEVIKA~1\AppData\L...}, fedcm:accounts: true, goog:chromeOptions: {debuggerAddress: localhost:55004}, goog:processID: 4508, networkConnectionEnabled: false, pageLoadStrategy: normal, platformName: windows, proxy: Proxy(), se:cdp: ws://localhost:55004/devtoo..., se:cdpVersion: 149.0.7827.103, setWindowRect: true, strictFileInteractability: false, timeouts: {implicit: 0, pageLoad: 300000, script: 30000}, unhandledPromptBehavior: dismiss and notify, webauthn:extension:credBlob: true, webauthn:extension:largeBlob: true, webauthn:extension:minPinLength: true, webauthn:extension:prf: true, webauthn:virtualAuthenticators: true}
Session ID: fd8bf24549d3a678593e5519d5620e66
org.openqa.selenium.NoSuchElementException: no such element: Unable to locate element: {"method":"xpath","selector":"//button[normalize-space()=' Login ']"}
  (Session info: chrome=149.0.7827.103)
For documentation on this error, please visit: https://www.selenium.dev/documentation/webdriver/troubleshooting/errors#nosuchelementexception
Build info: version: '4.44.0', revision: 'da2039b'
System info: os.name: 'Windows 11', os.arch: 'amd64', os.version: '10.0', java.version: '21.0.10'
Driver info: org.openqa.selenium.chrome.ChromeDriver
Command: [fd8bf24549d3a678593e5519d5620e66, findElement {value=//button[normalize-space()=' Login '], using=xpath}]
Capabilities {acceptInsecureCerts: false, browserName: chrome, browserVersion: 149.0.7827.103, chrome: {chromedriverVersion: 149.0.7827.115 (daf70f9ddee..., userDataDir: C:\Users\DEVIKA~1\AppData\L...}, fedcm:accounts: true, goog:chromeOptions: {debuggerAddress: localhost:55004}, goog:processID: 4508, networkConnectionEnabled: false, pageLoadStrategy: normal, platformName: windows, proxy: Proxy(), se:cdp: ws://localhost:55004/devtoo..., se:cdpVersion: 149.0.7827.103, setWindowRect: true, strictFileInteractability: false, timeouts: {implicit: 0, pageLoad: 300000, script: 30000}, unhandledPromptBehavior: dismiss and notify, webauthn:extension:credBlob: true, webauthn:extension:largeBlob: true, webauthn:extension:minPinLength: true, webauthn:extension:prf: true, webauthn:virtualAuthenticators: true}
Session ID: fd8bf24549d3a678593e5519d5620e66
	at org.openqa.selenium.remote.ErrorCodec.decode(ErrorCodec.java:169)
	at org.openqa.selenium.remote.codec.w3c.W3CHttpResponseCodec.decode(W3CHttpResponseCodec.java:143)
	at org.openqa.selenium.remote.codec.w3c.W3CHttpResponseCodec.decode(W3CHttpResponseCodec.java:50)
	at org.openqa.selenium.remote.HttpCommandExecutor.execute(HttpCommandExecutor.java:224)
	at org.openqa.selenium.remote.service.DriverCommandExecutor.invokeExecute(DriverCommandExecutor.java:217)
	at org.openqa.selenium.remote.service.DriverCommandExecutor.execute(DriverCommandExecutor.java:175)
	at org.openqa.selenium.remote.RemoteWebDriver.execute(RemoteWebDriver.java:600)
	at org.openqa.selenium.remote.ElementLocation$ElementFinder$2.findElement(ElementLocation.java:173)
	at org.openqa.selenium.remote.ElementLocation.findElement(ElementLocation.java:60)
	at org.openqa.selenium.remote.RemoteWebDriver.findElement(RemoteWebDriver.java:421)
	at org.openqa.selenium.remote.RemoteWebDriver.findElement(RemoteWebDriver.java:415)
	at com.orangehrm.actiondriver.ActionDriver.applyBorder(ActionDriver.java:233)
	at com.orangehrm.actiondriver.ActionDriver.click(ActionDriver.java:38)
	at com.orangehrm.pages.LoginPage.login(LoginPage.java:33)
	at com.orangehrm.test.HomePageTest.setUp(HomePageTest.java:24)
	at java.base/jdk.internal.reflect.DirectMethodHandleAccessor.invoke(DirectMethodHandleAccessor.java:103)
	at java.base/java.lang.reflect.Method.invoke(Method.java:580)
	at org.testng.internal.invokers.MethodInvocationHelper.invokeMethod(MethodInvocationHelper.java:141)
	at org.testng.internal.invokers.MethodInvocationHelper.invokeMethodConsideringTimeout(MethodInvocationHelper.java:71)
	at org.testng.internal.invokers.ConfigInvoker.invokeConfigurationMethod(ConfigInvoker.java:400)
	at org.testng.internal.invokers.ConfigInvoker.invokeConfigurations(ConfigInvoker.java:333)
	at org.testng.internal.invokers.TestInvoker.runConfigMethods(TestInvoker.java:836)
	at org.testng.internal.invokers.TestInvoker.invokeMethod(TestInvoker.java:601)
	at org.testng.internal.invokers.TestInvoker.invokeTestMethod(TestInvoker.java:230)
	at org.testng.internal.invokers.MethodRunner.runInSequence(MethodRunner.java:63)
	at org.testng.internal.invokers.TestInvoker$MethodInvocationAgent.invoke(TestInvoker.java:995)
	at org.testng.internal.invokers.TestInvoker.invokeTestMethods(TestInvoker.java:203)
	at org.testng.internal.invokers.TestMethodWorker.invokeTestMethods(TestMethodWorker.java:154)
	at org.testng.internal.invokers.TestMethodWorker.run(TestMethodWorker.java:134)
	at java.base/java.util.ArrayList.forEach(ArrayList.java:1596)
	at org.testng.TestRunner.privateRun(TestRunner.java:741)
	at org.testng.TestRunner.run(TestRunner.java:616)
	at org.testng.SuiteRunner.runTest(SuiteRunner.java:421)
	at org.testng.SuiteRunner$SuiteWorker.run(SuiteRunner.java:463)
	at org.testng.internal.thread.ThreadUtil.lambda$execute$0(ThreadUtil.java:64)
	at java.base/java.util.concurrent.FutureTask.run(FutureTask.java:317)
	at java.base/java.util.concurrent.ThreadPoolExecutor.runWorker(ThreadPoolExecutor.java:1144)
	at java.base/java.util.concurrent.ThreadPoolExecutor$Worker.run(ThreadPoolExecutor.java:642)
	at java.base/java.lang.Thread.run(Thread.java:1583)
2026-06-12 08:36:16 [TestNG-tests-1] WARN  ActionDriver - Failed to apply the border to an element: Unable to describe element due to error: invalid session id
Build info: version: '4.44.0', revision: 'da2039b'
System info: os.name: 'Windows 11', os.arch: 'amd64', os.version: '10.0', java.version: '21.0.10'
Driver info: org.openqa.selenium.chrome.ChromeDriver
Command: [fd8bf24549d3a678593e5519d5620e66, findElement {value=//button[normalize-space()=' Login '], using=xpath}]
Capabilities {acceptInsecureCerts: false, browserName: chrome, browserVersion: 149.0.7827.103, chrome: {chromedriverVersion: 149.0.7827.115 (daf70f9ddee..., userDataDir: C:\Users\DEVIKA~1\AppData\L...}, fedcm:accounts: true, goog:chromeOptions: {debuggerAddress: localhost:55004}, goog:processID: 4508, networkConnectionEnabled: false, pageLoadStrategy: normal, platformName: windows, proxy: Proxy(), se:cdp: ws://localhost:55004/devtoo..., se:cdpVersion: 149.0.7827.103, setWindowRect: true, strictFileInteractability: false, timeouts: {implicit: 0, pageLoad: 300000, script: 30000}, unhandledPromptBehavior: dismiss and notify, webauthn:extension:credBlob: true, webauthn:extension:largeBlob: true, webauthn:extension:minPinLength: true, webauthn:extension:prf: true, webauthn:virtualAuthenticators: true}
Session ID: fd8bf24549d3a678593e5519d5620e66
org.openqa.selenium.NoSuchSessionException: invalid session id
Build info: version: '4.44.0', revision: 'da2039b'
System info: os.name: 'Windows 11', os.arch: 'amd64', os.version: '10.0', java.version: '21.0.10'
Driver info: org.openqa.selenium.chrome.ChromeDriver
Command: [fd8bf24549d3a678593e5519d5620e66, findElement {value=//button[normalize-space()=' Login '], using=xpath}]
Capabilities {acceptInsecureCerts: false, browserName: chrome, browserVersion: 149.0.7827.103, chrome: {chromedriverVersion: 149.0.7827.115 (daf70f9ddee..., userDataDir: C:\Users\DEVIKA~1\AppData\L...}, fedcm:accounts: true, goog:chromeOptions: {debuggerAddress: localhost:55004}, goog:processID: 4508, networkConnectionEnabled: false, pageLoadStrategy: normal, platformName: windows, proxy: Proxy(), se:cdp: ws://localhost:55004/devtoo..., se:cdpVersion: 149.0.7827.103, setWindowRect: true, strictFileInteractability: false, timeouts: {implicit: 0, pageLoad: 300000, script: 30000}, unhandledPromptBehavior: dismiss and notify, webauthn:extension:credBlob: true, webauthn:extension:largeBlob: true, webauthn:extension:minPinLength: true, webauthn:extension:prf: true, webauthn:virtualAuthenticators: true}
Session ID: fd8bf24549d3a678593e5519d5620e66
	at org.openqa.selenium.remote.ErrorCodec.decode(ErrorCodec.java:169)
	at org.openqa.selenium.remote.codec.w3c.W3CHttpResponseCodec.decode(W3CHttpResponseCodec.java:143)
	at org.openqa.selenium.remote.codec.w3c.W3CHttpResponseCodec.decode(W3CHttpResponseCodec.java:50)
	at org.openqa.selenium.remote.HttpCommandExecutor.execute(HttpCommandExecutor.java:224)
	at org.openqa.selenium.remote.service.DriverCommandExecutor.invokeExecute(DriverCommandExecutor.java:217)
	at org.openqa.selenium.remote.service.DriverCommandExecutor.execute(DriverCommandExecutor.java:175)
	at org.openqa.selenium.remote.RemoteWebDriver.execute(RemoteWebDriver.java:600)
	at org.openqa.selenium.remote.ElementLocation$ElementFinder$2.findElement(ElementLocation.java:173)
	at org.openqa.selenium.remote.ElementLocation.findElement(ElementLocation.java:60)
	at org.openqa.selenium.remote.RemoteWebDriver.findElement(RemoteWebDriver.java:421)
	at org.openqa.selenium.remote.RemoteWebDriver.findElement(RemoteWebDriver.java:415)
	at com.orangehrm.actiondriver.ActionDriver.applyBorder(ActionDriver.java:233)
	at com.orangehrm.actiondriver.ActionDriver.click(ActionDriver.java:44)
	at com.orangehrm.pages.LoginPage.login(LoginPage.java:33)
	at com.orangehrm.test.HomePageTest.setUp(HomePageTest.java:24)
	at java.base/jdk.internal.reflect.DirectMethodHandleAccessor.invoke(DirectMethodHandleAccessor.java:103)
	at java.base/java.lang.reflect.Method.invoke(Method.java:580)
	at org.testng.internal.invokers.MethodInvocationHelper.invokeMethod(MethodInvocationHelper.java:141)
	at org.testng.internal.invokers.MethodInvocationHelper.invokeMethodConsideringTimeout(MethodInvocationHelper.java:71)
	at org.testng.internal.invokers.ConfigInvoker.invokeConfigurationMethod(ConfigInvoker.java:400)
	at org.testng.internal.invokers.ConfigInvoker.invokeConfigurations(ConfigInvoker.java:333)
	at org.testng.internal.invokers.TestInvoker.runConfigMethods(TestInvoker.java:836)
	at org.testng.internal.invokers.TestInvoker.invokeMethod(TestInvoker.java:601)
	at org.testng.internal.invokers.TestInvoker.invokeTestMethod(TestInvoker.java:230)
	at org.testng.internal.invokers.MethodRunner.runInSequence(MethodRunner.java:63)
	at org.testng.internal.invokers.TestInvoker$MethodInvocationAgent.invoke(TestInvoker.java:995)
	at org.testng.internal.invokers.TestInvoker.invokeTestMethods(TestInvoker.java:203)
	at org.testng.internal.invokers.TestMethodWorker.invokeTestMethods(TestMethodWorker.java:154)
	at org.testng.internal.invokers.TestMethodWorker.run(TestMethodWorker.java:134)
	at java.base/java.util.ArrayList.forEach(ArrayList.java:1596)
	at org.testng.TestRunner.privateRun(TestRunner.java:741)
	at org.testng.TestRunner.run(TestRunner.java:616)
	at org.testng.SuiteRunner.runTest(SuiteRunner.java:421)
	at org.testng.SuiteRunner$SuiteWorker.run(SuiteRunner.java:463)
	at org.testng.internal.thread.ThreadUtil.lambda$execute$0(ThreadUtil.java:64)
	at java.base/java.util.concurrent.FutureTask.run(FutureTask.java:317)
	at java.base/java.util.concurrent.ThreadPoolExecutor.runWorker(ThreadPoolExecutor.java:1144)
	at java.base/java.util.concurrent.ThreadPoolExecutor$Worker.run(ThreadPoolExecutor.java:642)
	at java.base/java.lang.Thread.run(Thread.java:1583)
2026-06-12 08:36:24 [TestNG-tests-2] WARN  ActionDriver - Failed to apply the border to an element: Unable to describe element due to error: no such element: Unable to locate element: {"method":"xpath","selector":"//button[normalize-space()=' Login ']"}
  (Session info: MicrosoftEdge=149.0.4022.62)
For documentation on this error, please visit: https://www.selenium.dev/documentation/webdriver/troubleshooting/errors#nosuchelementexception
Build info: version: '4.44.0', revision: 'da2039b'
System info: os.name: 'Windows 11', os.arch: 'amd64', os.version: '10.0', java.version: '21.0.10'
Driver info: org.openqa.selenium.edge.EdgeDriver
Command: [15e80cbbe8fa8b165d8ba10299e4327b, findElement {value=//button[normalize-space()=' Login '], using=xpath}]
Capabilities {acceptInsecureCerts: false, browserName: MicrosoftEdge, browserVersion: 149.0.4022.62, fedcm:accounts: true, goog:processID: 15968, ms:edgeOptions: {debuggerAddress: localhost:50755}, msedge: {msedgedriverVersion: 149.0.4022.62 (068a180137b0..., userDataDir: C:\Users\DEVIKA~1\AppData\L...}, networkConnectionEnabled: false, pageLoadStrategy: normal, platformName: windows, proxy: Proxy(), se:cdp: ws://localhost:50755/devtoo..., se:cdpVersion: 149.0.4022.62, setWindowRect: true, strictFileInteractability: false, timeouts: {implicit: 0, pageLoad: 300000, script: 30000}, unhandledPromptBehavior: dismiss and notify, webauthn:extension:credBlob: true, webauthn:extension:largeBlob: true, webauthn:extension:minPinLength: true, webauthn:extension:prf: true, webauthn:virtualAuthenticators: true}
Session ID: 15e80cbbe8fa8b165d8ba10299e4327b
org.openqa.selenium.NoSuchElementException: no such element: Unable to locate element: {"method":"xpath","selector":"//button[normalize-space()=' Login ']"}
  (Session info: MicrosoftEdge=149.0.4022.62)
For documentation on this error, please visit: https://www.selenium.dev/documentation/webdriver/troubleshooting/errors#nosuchelementexception
Build info: version: '4.44.0', revision: 'da2039b'
System info: os.name: 'Windows 11', os.arch: 'amd64', os.version: '10.0', java.version: '21.0.10'
Driver info: org.openqa.selenium.edge.EdgeDriver
Command: [15e80cbbe8fa8b165d8ba10299e4327b, findElement {value=//button[normalize-space()=' Login '], using=xpath}]
Capabilities {acceptInsecureCerts: false, browserName: MicrosoftEdge, browserVersion: 149.0.4022.62, fedcm:accounts: true, goog:processID: 15968, ms:edgeOptions: {debuggerAddress: localhost:50755}, msedge: {msedgedriverVersion: 149.0.4022.62 (068a180137b0..., userDataDir: C:\Users\DEVIKA~1\AppData\L...}, networkConnectionEnabled: false, pageLoadStrategy: normal, platformName: windows, proxy: Proxy(), se:cdp: ws://localhost:50755/devtoo..., se:cdpVersion: 149.0.4022.62, setWindowRect: true, strictFileInteractability: false, timeouts: {implicit: 0, pageLoad: 300000, script: 30000}, unhandledPromptBehavior: dismiss and notify, webauthn:extension:credBlob: true, webauthn:extension:largeBlob: true, webauthn:extension:minPinLength: true, webauthn:extension:prf: true, webauthn:virtualAuthenticators: true}
Session ID: 15e80cbbe8fa8b165d8ba10299e4327b
	at org.openqa.selenium.remote.ErrorCodec.decode(ErrorCodec.java:169)
	at org.openqa.selenium.remote.codec.w3c.W3CHttpResponseCodec.decode(W3CHttpResponseCodec.java:143)
	at org.openqa.selenium.remote.codec.w3c.W3CHttpResponseCodec.decode(W3CHttpResponseCodec.java:50)
	at org.openqa.selenium.remote.HttpCommandExecutor.execute(HttpCommandExecutor.java:224)
	at org.openqa.selenium.remote.service.DriverCommandExecutor.invokeExecute(DriverCommandExecutor.java:217)
	at org.openqa.selenium.remote.service.DriverCommandExecutor.execute(DriverCommandExecutor.java:175)
	at org.openqa.selenium.remote.RemoteWebDriver.execute(RemoteWebDriver.java:600)
	at org.openqa.selenium.remote.ElementLocation$ElementFinder$2.findElement(ElementLocation.java:173)
	at org.openqa.selenium.remote.ElementLocation.findElement(ElementLocation.java:60)
	at org.openqa.selenium.remote.RemoteWebDriver.findElement(RemoteWebDriver.java:421)
	at org.openqa.selenium.remote.RemoteWebDriver.findElement(RemoteWebDriver.java:415)
	at com.orangehrm.actiondriver.ActionDriver.applyBorder(ActionDriver.java:233)
	at com.orangehrm.actiondriver.ActionDriver.click(ActionDriver.java:38)
	at com.orangehrm.pages.LoginPage.login(LoginPage.java:33)
	at com.orangehrm.test.HomePageTest.setUp(HomePageTest.java:24)
	at java.base/jdk.internal.reflect.DirectMethodHandleAccessor.invoke(DirectMethodHandleAccessor.java:103)
	at java.base/java.lang.reflect.Method.invoke(Method.java:580)
	at org.testng.internal.invokers.MethodInvocationHelper.invokeMethod(MethodInvocationHelper.java:141)
	at org.testng.internal.invokers.MethodInvocationHelper.invokeMethodConsideringTimeout(MethodInvocationHelper.java:71)
	at org.testng.internal.invokers.ConfigInvoker.invokeConfigurationMethod(ConfigInvoker.java:400)
	at org.testng.internal.invokers.ConfigInvoker.invokeConfigurations(ConfigInvoker.java:333)
	at org.testng.internal.invokers.TestInvoker.runConfigMethods(TestInvoker.java:836)
	at org.testng.internal.invokers.TestInvoker.invokeMethod(TestInvoker.java:601)
	at org.testng.internal.invokers.TestInvoker.invokeTestMethod(TestInvoker.java:230)
	at org.testng.internal.invokers.MethodRunner.runInSequence(MethodRunner.java:63)
	at org.testng.internal.invokers.TestInvoker$MethodInvocationAgent.invoke(TestInvoker.java:995)
	at org.testng.internal.invokers.TestInvoker.invokeTestMethods(TestInvoker.java:203)
	at org.testng.internal.invokers.TestMethodWorker.invokeTestMethods(TestMethodWorker.java:154)
	at org.testng.internal.invokers.TestMethodWorker.run(TestMethodWorker.java:134)
	at java.base/java.util.ArrayList.forEach(ArrayList.java:1596)
	at org.testng.TestRunner.privateRun(TestRunner.java:741)
	at org.testng.TestRunner.run(TestRunner.java:616)
	at org.testng.SuiteRunner.runTest(SuiteRunner.java:421)
	at org.testng.SuiteRunner$SuiteWorker.run(SuiteRunner.java:463)
	at org.testng.internal.thread.ThreadUtil.lambda$execute$0(ThreadUtil.java:64)
	at java.base/java.util.concurrent.FutureTask.run(FutureTask.java:317)
	at java.base/java.util.concurrent.ThreadPoolExecutor.runWorker(ThreadPoolExecutor.java:1144)
	at java.base/java.util.concurrent.ThreadPoolExecutor$Worker.run(ThreadPoolExecutor.java:642)
	at java.base/java.lang.Thread.run(Thread.java:1583)
2026-06-12 08:38:19 [main] INFO  Baseclass - config.properties file loaded
2026-06-12 08:38:22 [TestNG-tests-2] INFO  Baseclass - EdgeDriver Instance is created.
2026-06-12 08:38:22 [TestNG-tests-1] INFO  Baseclass - ChromeDriver Instance is created.
2026-06-12 08:38:22 [TestNG-tests-1] INFO  ActionDriver - WebDriver instance is created.
2026-06-12 08:38:22 [TestNG-tests-2] INFO  ActionDriver - WebDriver instance is created.
2026-06-12 08:38:22 [TestNG-tests-2] INFO  Baseclass - ActionDriver initialized for thread: 29
2026-06-12 08:38:22 [TestNG-tests-1] INFO  Baseclass - ActionDriver initialized for thread: 28
2026-06-12 08:38:33 [TestNG-tests-1] INFO  Baseclass - WebDriver Initialized and Browser Maximized
2026-06-12 08:38:33 [TestNG-tests-1] INFO  Baseclass - WebDriver instance is closed.
2026-06-12 08:38:34 [TestNG-tests-2] INFO  Baseclass - WebDriver Initialized and Browser Maximized
2026-06-12 08:38:34 [TestNG-tests-1] INFO  Baseclass - ChromeDriver Instance is created.
2026-06-12 08:38:34 [TestNG-tests-1] INFO  ActionDriver - WebDriver instance is created.
2026-06-12 08:38:34 [TestNG-tests-1] INFO  Baseclass - ActionDriver initialized for thread: 28
2026-06-12 08:38:35 [TestNG-tests-2] INFO  Baseclass - WebDriver instance is closed.
2026-06-12 08:38:36 [TestNG-tests-2] INFO  Baseclass - EdgeDriver Instance is created.
2026-06-12 08:38:36 [TestNG-tests-2] INFO  ActionDriver - WebDriver instance is created.
2026-06-12 08:38:36 [TestNG-tests-2] INFO  Baseclass - ActionDriver initialized for thread: 29
2026-06-12 08:38:44 [TestNG-tests-1] INFO  Baseclass - WebDriver Initialized and Browser Maximized
2026-06-12 08:38:44 [TestNG-tests-1] INFO  Baseclass - WebDriver instance is closed.
2026-06-12 08:38:45 [TestNG-tests-1] INFO  Baseclass - ChromeDriver Instance is created.
2026-06-12 08:38:45 [TestNG-tests-1] INFO  ActionDriver - WebDriver instance is created.
2026-06-12 08:38:45 [TestNG-tests-1] INFO  Baseclass - ActionDriver initialized for thread: 28
2026-06-12 08:38:48 [TestNG-tests-2] INFO  Baseclass - WebDriver Initialized and Browser Maximized
2026-06-12 08:38:48 [TestNG-tests-2] INFO  Baseclass - WebDriver instance is closed.
2026-06-12 08:38:49 [TestNG-tests-1] INFO  Baseclass - WebDriver Initialized and Browser Maximized
2026-06-12 08:38:50 [TestNG-tests-2] INFO  Baseclass - EdgeDriver Instance is created.
2026-06-12 08:38:50 [TestNG-tests-2] INFO  ActionDriver - WebDriver instance is created.
2026-06-12 08:38:50 [TestNG-tests-2] INFO  Baseclass - ActionDriver initialized for thread: 29
2026-06-12 08:38:55 [TestNG-tests-1] INFO  ActionDriver - Applied the border with color green to element: Element with name: username
2026-06-12 08:38:56 [TestNG-tests-1] INFO  ActionDriver - Entered text on Element with name: username-->admin
2026-06-12 08:38:56 [TestNG-tests-1] INFO  ActionDriver - Applied the border with color green to element: Element with name: password
2026-06-12 08:38:56 [TestNG-tests-1] INFO  ActionDriver - Entered text on Element with name: password-->admin123
2026-06-12 08:38:56 [TestNG-tests-1] WARN  ActionDriver - Failed to apply the border to an element: Unable to describe element due to error: invalid selector: Unable to locate an element with the xpath expression //text()=' Login '] because of the following error:
SyntaxError: Failed to execute 'evaluate' on 'Document': The string '//text()=' Login ']' is not a valid XPath expression.
  (Session info: chrome=149.0.7827.103)
For documentation on this error, please visit: https://www.selenium.dev/documentation/webdriver/troubleshooting/errors#invalidselectorexception
Build info: version: '4.44.0', revision: 'da2039b'
System info: os.name: 'Windows 11', os.arch: 'amd64', os.version: '10.0', java.version: '21.0.10'
Driver info: org.openqa.selenium.chrome.ChromeDriver
Command: [d086e4128b365e0fba2860efd7ced22c, findElement {using=xpath, value=//text()=' Login ']}]
Capabilities {acceptInsecureCerts: false, browserName: chrome, browserVersion: 149.0.7827.103, chrome: {chromedriverVersion: 149.0.7827.115 (daf70f9ddee..., userDataDir: C:\Users\DEVIKA~1\AppData\L...}, fedcm:accounts: true, goog:chromeOptions: {debuggerAddress: localhost:62651}, goog:processID: 17980, networkConnectionEnabled: false, pageLoadStrategy: normal, platformName: windows, proxy: Proxy(), se:cdp: ws://localhost:62651/devtoo..., se:cdpVersion: 149.0.7827.103, setWindowRect: true, strictFileInteractability: false, timeouts: {implicit: 0, pageLoad: 300000, script: 30000}, unhandledPromptBehavior: dismiss and notify, webauthn:extension:credBlob: true, webauthn:extension:largeBlob: true, webauthn:extension:minPinLength: true, webauthn:extension:prf: true, webauthn:virtualAuthenticators: true}
Session ID: d086e4128b365e0fba2860efd7ced22c
org.openqa.selenium.InvalidSelectorException: invalid selector: Unable to locate an element with the xpath expression //text()=' Login '] because of the following error:
SyntaxError: Failed to execute 'evaluate' on 'Document': The string '//text()=' Login ']' is not a valid XPath expression.
  (Session info: chrome=149.0.7827.103)
For documentation on this error, please visit: https://www.selenium.dev/documentation/webdriver/troubleshooting/errors#invalidselectorexception
Build info: version: '4.44.0', revision: 'da2039b'
System info: os.name: 'Windows 11', os.arch: 'amd64', os.version: '10.0', java.version: '21.0.10'
Driver info: org.openqa.selenium.chrome.ChromeDriver
Command: [d086e4128b365e0fba2860efd7ced22c, findElement {using=xpath, value=//text()=' Login ']}]
Capabilities {acceptInsecureCerts: false, browserName: chrome, browserVersion: 149.0.7827.103, chrome: {chromedriverVersion: 149.0.7827.115 (daf70f9ddee..., userDataDir: C:\Users\DEVIKA~1\AppData\L...}, fedcm:accounts: true, goog:chromeOptions: {debuggerAddress: localhost:62651}, goog:processID: 17980, networkConnectionEnabled: false, pageLoadStrategy: normal, platformName: windows, proxy: Proxy(), se:cdp: ws://localhost:62651/devtoo..., se:cdpVersion: 149.0.7827.103, setWindowRect: true, strictFileInteractability: false, timeouts: {implicit: 0, pageLoad: 300000, script: 30000}, unhandledPromptBehavior: dismiss and notify, webauthn:extension:credBlob: true, webauthn:extension:largeBlob: true, webauthn:extension:minPinLength: true, webauthn:extension:prf: true, webauthn:virtualAuthenticators: true}
Session ID: d086e4128b365e0fba2860efd7ced22c
	at org.openqa.selenium.remote.ErrorCodec.decode(ErrorCodec.java:169)
	at org.openqa.selenium.remote.codec.w3c.W3CHttpResponseCodec.decode(W3CHttpResponseCodec.java:143)
	at org.openqa.selenium.remote.codec.w3c.W3CHttpResponseCodec.decode(W3CHttpResponseCodec.java:50)
	at org.openqa.selenium.remote.HttpCommandExecutor.execute(HttpCommandExecutor.java:224)
	at org.openqa.selenium.remote.service.DriverCommandExecutor.invokeExecute(DriverCommandExecutor.java:217)
	at org.openqa.selenium.remote.service.DriverCommandExecutor.execute(DriverCommandExecutor.java:175)
	at org.openqa.selenium.remote.RemoteWebDriver.execute(RemoteWebDriver.java:600)
	at org.openqa.selenium.remote.ElementLocation$ElementFinder$2.findElement(ElementLocation.java:173)
	at org.openqa.selenium.remote.ElementLocation.findElement(ElementLocation.java:60)
	at org.openqa.selenium.remote.RemoteWebDriver.findElement(RemoteWebDriver.java:421)
	at org.openqa.selenium.remote.RemoteWebDriver.findElement(RemoteWebDriver.java:415)
	at com.orangehrm.actiondriver.ActionDriver.applyBorder(ActionDriver.java:233)
	at com.orangehrm.actiondriver.ActionDriver.click(ActionDriver.java:38)
	at com.orangehrm.pages.LoginPage.login(LoginPage.java:33)
	at com.orangehrm.test.HomePageTest.setUp(HomePageTest.java:24)
	at java.base/jdk.internal.reflect.DirectMethodHandleAccessor.invoke(DirectMethodHandleAccessor.java:103)
	at java.base/java.lang.reflect.Method.invoke(Method.java:580)
	at org.testng.internal.invokers.MethodInvocationHelper.invokeMethod(MethodInvocationHelper.java:141)
	at org.testng.internal.invokers.MethodInvocationHelper.invokeMethodConsideringTimeout(MethodInvocationHelper.java:71)
	at org.testng.internal.invokers.ConfigInvoker.invokeConfigurationMethod(ConfigInvoker.java:400)
	at org.testng.internal.invokers.ConfigInvoker.invokeConfigurations(ConfigInvoker.java:333)
	at org.testng.internal.invokers.TestInvoker.runConfigMethods(TestInvoker.java:836)
	at org.testng.internal.invokers.TestInvoker.invokeMethod(TestInvoker.java:601)
	at org.testng.internal.invokers.TestInvoker.invokeTestMethod(TestInvoker.java:230)
	at org.testng.internal.invokers.MethodRunner.runInSequence(MethodRunner.java:63)
	at org.testng.internal.invokers.TestInvoker$MethodInvocationAgent.invoke(TestInvoker.java:995)
	at org.testng.internal.invokers.TestInvoker.invokeTestMethods(TestInvoker.java:203)
	at org.testng.internal.invokers.TestMethodWorker.invokeTestMethods(TestMethodWorker.java:154)
	at org.testng.internal.invokers.TestMethodWorker.run(TestMethodWorker.java:134)
	at java.base/java.util.ArrayList.forEach(ArrayList.java:1596)
	at org.testng.TestRunner.privateRun(TestRunner.java:741)
	at org.testng.TestRunner.run(TestRunner.java:616)
	at org.testng.SuiteRunner.runTest(SuiteRunner.java:421)
	at org.testng.SuiteRunner$SuiteWorker.run(SuiteRunner.java:463)
	at org.testng.internal.thread.ThreadUtil.lambda$execute$0(ThreadUtil.java:64)
	at java.base/java.util.concurrent.FutureTask.run(FutureTask.java:317)
	at java.base/java.util.concurrent.ThreadPoolExecutor.runWorker(ThreadPoolExecutor.java:1144)
	at java.base/java.util.concurrent.ThreadPoolExecutor$Worker.run(ThreadPoolExecutor.java:642)
	at java.base/java.lang.Thread.run(Thread.java:1583)
2026-06-12 08:38:56 [TestNG-tests-1] WARN  ActionDriver - Failed to apply the border to an element: Unable to describe element due to error: invalid selector: Unable to locate an element with the xpath expression //text()=' Login '] because of the following error:
SyntaxError: Failed to execute 'evaluate' on 'Document': The string '//text()=' Login ']' is not a valid XPath expression.
  (Session info: chrome=149.0.7827.103)
For documentation on this error, please visit: https://www.selenium.dev/documentation/webdriver/troubleshooting/errors#invalidselectorexception
Build info: version: '4.44.0', revision: 'da2039b'
System info: os.name: 'Windows 11', os.arch: 'amd64', os.version: '10.0', java.version: '21.0.10'
Driver info: org.openqa.selenium.chrome.ChromeDriver
Command: [d086e4128b365e0fba2860efd7ced22c, findElement {using=xpath, value=//text()=' Login ']}]
Capabilities {acceptInsecureCerts: false, browserName: chrome, browserVersion: 149.0.7827.103, chrome: {chromedriverVersion: 149.0.7827.115 (daf70f9ddee..., userDataDir: C:\Users\DEVIKA~1\AppData\L...}, fedcm:accounts: true, goog:chromeOptions: {debuggerAddress: localhost:62651}, goog:processID: 17980, networkConnectionEnabled: false, pageLoadStrategy: normal, platformName: windows, proxy: Proxy(), se:cdp: ws://localhost:62651/devtoo..., se:cdpVersion: 149.0.7827.103, setWindowRect: true, strictFileInteractability: false, timeouts: {implicit: 0, pageLoad: 300000, script: 30000}, unhandledPromptBehavior: dismiss and notify, webauthn:extension:credBlob: true, webauthn:extension:largeBlob: true, webauthn:extension:minPinLength: true, webauthn:extension:prf: true, webauthn:virtualAuthenticators: true}
Session ID: d086e4128b365e0fba2860efd7ced22c
org.openqa.selenium.InvalidSelectorException: invalid selector: Unable to locate an element with the xpath expression //text()=' Login '] because of the following error:
SyntaxError: Failed to execute 'evaluate' on 'Document': The string '//text()=' Login ']' is not a valid XPath expression.
  (Session info: chrome=149.0.7827.103)
For documentation on this error, please visit: https://www.selenium.dev/documentation/webdriver/troubleshooting/errors#invalidselectorexception
Build info: version: '4.44.0', revision: 'da2039b'
System info: os.name: 'Windows 11', os.arch: 'amd64', os.version: '10.0', java.version: '21.0.10'
Driver info: org.openqa.selenium.chrome.ChromeDriver
Command: [d086e4128b365e0fba2860efd7ced22c, findElement {using=xpath, value=//text()=' Login ']}]
Capabilities {acceptInsecureCerts: false, browserName: chrome, browserVersion: 149.0.7827.103, chrome: {chromedriverVersion: 149.0.7827.115 (daf70f9ddee..., userDataDir: C:\Users\DEVIKA~1\AppData\L...}, fedcm:accounts: true, goog:chromeOptions: {debuggerAddress: localhost:62651}, goog:processID: 17980, networkConnectionEnabled: false, pageLoadStrategy: normal, platformName: windows, proxy: Proxy(), se:cdp: ws://localhost:62651/devtoo..., se:cdpVersion: 149.0.7827.103, setWindowRect: true, strictFileInteractability: false, timeouts: {implicit: 0, pageLoad: 300000, script: 30000}, unhandledPromptBehavior: dismiss and notify, webauthn:extension:credBlob: true, webauthn:extension:largeBlob: true, webauthn:extension:minPinLength: true, webauthn:extension:prf: true, webauthn:virtualAuthenticators: true}
Session ID: d086e4128b365e0fba2860efd7ced22c
	at org.openqa.selenium.remote.ErrorCodec.decode(ErrorCodec.java:169)
	at org.openqa.selenium.remote.codec.w3c.W3CHttpResponseCodec.decode(W3CHttpResponseCodec.java:143)
	at org.openqa.selenium.remote.codec.w3c.W3CHttpResponseCodec.decode(W3CHttpResponseCodec.java:50)
	at org.openqa.selenium.remote.HttpCommandExecutor.execute(HttpCommandExecutor.java:224)
	at org.openqa.selenium.remote.service.DriverCommandExecutor.invokeExecute(DriverCommandExecutor.java:217)
	at org.openqa.selenium.remote.service.DriverCommandExecutor.execute(DriverCommandExecutor.java:175)
	at org.openqa.selenium.remote.RemoteWebDriver.execute(RemoteWebDriver.java:600)
	at org.openqa.selenium.remote.ElementLocation$ElementFinder$2.findElement(ElementLocation.java:173)
	at org.openqa.selenium.remote.ElementLocation.findElement(ElementLocation.java:60)
	at org.openqa.selenium.remote.RemoteWebDriver.findElement(RemoteWebDriver.java:421)
	at org.openqa.selenium.remote.RemoteWebDriver.findElement(RemoteWebDriver.java:415)
	at com.orangehrm.actiondriver.ActionDriver.applyBorder(ActionDriver.java:233)
	at com.orangehrm.actiondriver.ActionDriver.click(ActionDriver.java:44)
	at com.orangehrm.pages.LoginPage.login(LoginPage.java:33)
	at com.orangehrm.test.HomePageTest.setUp(HomePageTest.java:24)
	at java.base/jdk.internal.reflect.DirectMethodHandleAccessor.invoke(DirectMethodHandleAccessor.java:103)
	at java.base/java.lang.reflect.Method.invoke(Method.java:580)
	at org.testng.internal.invokers.MethodInvocationHelper.invokeMethod(MethodInvocationHelper.java:141)
	at org.testng.internal.invokers.MethodInvocationHelper.invokeMethodConsideringTimeout(MethodInvocationHelper.java:71)
	at org.testng.internal.invokers.ConfigInvoker.invokeConfigurationMethod(ConfigInvoker.java:400)
	at org.testng.internal.invokers.ConfigInvoker.invokeConfigurations(ConfigInvoker.java:333)
	at org.testng.internal.invokers.TestInvoker.runConfigMethods(TestInvoker.java:836)
	at org.testng.internal.invokers.TestInvoker.invokeMethod(TestInvoker.java:601)
	at org.testng.internal.invokers.TestInvoker.invokeTestMethod(TestInvoker.java:230)
	at org.testng.internal.invokers.MethodRunner.runInSequence(MethodRunner.java:63)
	at org.testng.internal.invokers.TestInvoker$MethodInvocationAgent.invoke(TestInvoker.java:995)
	at org.testng.internal.invokers.TestInvoker.invokeTestMethods(TestInvoker.java:203)
	at org.testng.internal.invokers.TestMethodWorker.invokeTestMethods(TestMethodWorker.java:154)
	at org.testng.internal.invokers.TestMethodWorker.run(TestMethodWorker.java:134)
	at java.base/java.util.ArrayList.forEach(ArrayList.java:1596)
	at org.testng.TestRunner.privateRun(TestRunner.java:741)
	at org.testng.TestRunner.run(TestRunner.java:616)
	at org.testng.SuiteRunner.runTest(SuiteRunner.java:421)
	at org.testng.SuiteRunner$SuiteWorker.run(SuiteRunner.java:463)
	at org.testng.internal.thread.ThreadUtil.lambda$execute$0(ThreadUtil.java:64)
	at java.base/java.util.concurrent.FutureTask.run(FutureTask.java:317)
	at java.base/java.util.concurrent.ThreadPoolExecutor.runWorker(ThreadPoolExecutor.java:1144)
	at java.base/java.util.concurrent.ThreadPoolExecutor$Worker.run(ThreadPoolExecutor.java:642)
	at java.base/java.lang.Thread.run(Thread.java:1583)
2026-06-12 08:39:00 [TestNG-tests-2] INFO  Baseclass - WebDriver Initialized and Browser Maximized
2026-06-12 08:39:00 [TestNG-tests-2] INFO  ActionDriver - Applied the border with color green to element: Element with name: username
2026-06-12 08:39:00 [TestNG-tests-2] INFO  ActionDriver - Entered text on Element with name: username-->admin
2026-06-12 08:39:01 [TestNG-tests-2] INFO  ActionDriver - Applied the border with color green to element: Element with name: password
2026-06-12 08:39:01 [TestNG-tests-2] INFO  ActionDriver - Entered text on Element with name: password-->admin123
2026-06-12 08:39:01 [TestNG-tests-2] WARN  ActionDriver - Failed to apply the border to an element: Unable to describe element due to error: invalid selector: Unable to locate an element with the xpath expression //text()=' Login '] because of the following error:
SyntaxError: Failed to execute 'evaluate' on 'Document': The string '//text()=' Login ']' is not a valid XPath expression.
  (Session info: MicrosoftEdge=149.0.4022.62)
For documentation on this error, please visit: https://www.selenium.dev/documentation/webdriver/troubleshooting/errors#invalidselectorexception
Build info: version: '4.44.0', revision: 'da2039b'
System info: os.name: 'Windows 11', os.arch: 'amd64', os.version: '10.0', java.version: '21.0.10'
Driver info: org.openqa.selenium.edge.EdgeDriver
Command: [c041fab0b4a2043c0b1b21b9f9fb75fd, findElement {using=xpath, value=//text()=' Login ']}]
Capabilities {acceptInsecureCerts: false, browserName: MicrosoftEdge, browserVersion: 149.0.4022.62, fedcm:accounts: true, goog:processID: 9652, ms:edgeOptions: {debuggerAddress: localhost:55538}, msedge: {msedgedriverVersion: 149.0.4022.62 (068a180137b0..., userDataDir: C:\Users\DEVIKA~1\AppData\L...}, networkConnectionEnabled: false, pageLoadStrategy: normal, platformName: windows, proxy: Proxy(), se:cdp: ws://localhost:55538/devtoo..., se:cdpVersion: 149.0.4022.62, setWindowRect: true, strictFileInteractability: false, timeouts: {implicit: 0, pageLoad: 300000, script: 30000}, unhandledPromptBehavior: dismiss and notify, webauthn:extension:credBlob: true, webauthn:extension:largeBlob: true, webauthn:extension:minPinLength: true, webauthn:extension:prf: true, webauthn:virtualAuthenticators: true}
Session ID: c041fab0b4a2043c0b1b21b9f9fb75fd
org.openqa.selenium.InvalidSelectorException: invalid selector: Unable to locate an element with the xpath expression //text()=' Login '] because of the following error:
SyntaxError: Failed to execute 'evaluate' on 'Document': The string '//text()=' Login ']' is not a valid XPath expression.
  (Session info: MicrosoftEdge=149.0.4022.62)
For documentation on this error, please visit: https://www.selenium.dev/documentation/webdriver/troubleshooting/errors#invalidselectorexception
Build info: version: '4.44.0', revision: 'da2039b'
System info: os.name: 'Windows 11', os.arch: 'amd64', os.version: '10.0', java.version: '21.0.10'
Driver info: org.openqa.selenium.edge.EdgeDriver
Command: [c041fab0b4a2043c0b1b21b9f9fb75fd, findElement {using=xpath, value=//text()=' Login ']}]
Capabilities {acceptInsecureCerts: false, browserName: MicrosoftEdge, browserVersion: 149.0.4022.62, fedcm:accounts: true, goog:processID: 9652, ms:edgeOptions: {debuggerAddress: localhost:55538}, msedge: {msedgedriverVersion: 149.0.4022.62 (068a180137b0..., userDataDir: C:\Users\DEVIKA~1\AppData\L...}, networkConnectionEnabled: false, pageLoadStrategy: normal, platformName: windows, proxy: Proxy(), se:cdp: ws://localhost:55538/devtoo..., se:cdpVersion: 149.0.4022.62, setWindowRect: true, strictFileInteractability: false, timeouts: {implicit: 0, pageLoad: 300000, script: 30000}, unhandledPromptBehavior: dismiss and notify, webauthn:extension:credBlob: true, webauthn:extension:largeBlob: true, webauthn:extension:minPinLength: true, webauthn:extension:prf: true, webauthn:virtualAuthenticators: true}
Session ID: c041fab0b4a2043c0b1b21b9f9fb75fd
	at org.openqa.selenium.remote.ErrorCodec.decode(ErrorCodec.java:169)
	at org.openqa.selenium.remote.codec.w3c.W3CHttpResponseCodec.decode(W3CHttpResponseCodec.java:143)
	at org.openqa.selenium.remote.codec.w3c.W3CHttpResponseCodec.decode(W3CHttpResponseCodec.java:50)
	at org.openqa.selenium.remote.HttpCommandExecutor.execute(HttpCommandExecutor.java:224)
	at org.openqa.selenium.remote.service.DriverCommandExecutor.invokeExecute(DriverCommandExecutor.java:217)
	at org.openqa.selenium.remote.service.DriverCommandExecutor.execute(DriverCommandExecutor.java:175)
	at org.openqa.selenium.remote.RemoteWebDriver.execute(RemoteWebDriver.java:600)
	at org.openqa.selenium.remote.ElementLocation$ElementFinder$2.findElement(ElementLocation.java:173)
	at org.openqa.selenium.remote.ElementLocation.findElement(ElementLocation.java:60)
	at org.openqa.selenium.remote.RemoteWebDriver.findElement(RemoteWebDriver.java:421)
	at org.openqa.selenium.remote.RemoteWebDriver.findElement(RemoteWebDriver.java:415)
	at com.orangehrm.actiondriver.ActionDriver.applyBorder(ActionDriver.java:233)
	at com.orangehrm.actiondriver.ActionDriver.click(ActionDriver.java:38)
	at com.orangehrm.pages.LoginPage.login(LoginPage.java:33)
	at com.orangehrm.test.HomePageTest.setUp(HomePageTest.java:24)
	at java.base/jdk.internal.reflect.DirectMethodHandleAccessor.invoke(DirectMethodHandleAccessor.java:103)
	at java.base/java.lang.reflect.Method.invoke(Method.java:580)
	at org.testng.internal.invokers.MethodInvocationHelper.invokeMethod(MethodInvocationHelper.java:141)
	at org.testng.internal.invokers.MethodInvocationHelper.invokeMethodConsideringTimeout(MethodInvocationHelper.java:71)
	at org.testng.internal.invokers.ConfigInvoker.invokeConfigurationMethod(ConfigInvoker.java:400)
	at org.testng.internal.invokers.ConfigInvoker.invokeConfigurations(ConfigInvoker.java:333)
	at org.testng.internal.invokers.TestInvoker.runConfigMethods(TestInvoker.java:836)
	at org.testng.internal.invokers.TestInvoker.invokeMethod(TestInvoker.java:601)
	at org.testng.internal.invokers.TestInvoker.invokeTestMethod(TestInvoker.java:230)
	at org.testng.internal.invokers.MethodRunner.runInSequence(MethodRunner.java:63)
	at org.testng.internal.invokers.TestInvoker$MethodInvocationAgent.invoke(TestInvoker.java:995)
	at org.testng.internal.invokers.TestInvoker.invokeTestMethods(TestInvoker.java:203)
	at org.testng.internal.invokers.TestMethodWorker.invokeTestMethods(TestMethodWorker.java:154)
	at org.testng.internal.invokers.TestMethodWorker.run(TestMethodWorker.java:134)
	at java.base/java.util.ArrayList.forEach(ArrayList.java:1596)
	at org.testng.TestRunner.privateRun(TestRunner.java:741)
	at org.testng.TestRunner.run(TestRunner.java:616)
	at org.testng.SuiteRunner.runTest(SuiteRunner.java:421)
	at org.testng.SuiteRunner$SuiteWorker.run(SuiteRunner.java:463)
	at org.testng.internal.thread.ThreadUtil.lambda$execute$0(ThreadUtil.java:64)
	at java.base/java.util.concurrent.FutureTask.run(FutureTask.java:317)
	at java.base/java.util.concurrent.ThreadPoolExecutor.runWorker(ThreadPoolExecutor.java:1144)
	at java.base/java.util.concurrent.ThreadPoolExecutor$Worker.run(ThreadPoolExecutor.java:642)
	at java.base/java.lang.Thread.run(Thread.java:1583)
2026-06-12 08:39:01 [TestNG-tests-2] WARN  ActionDriver - Failed to apply the border to an element: Unable to describe element due to error: invalid selector: Unable to locate an element with the xpath expression //text()=' Login '] because of the following error:
SyntaxError: Failed to execute 'evaluate' on 'Document': The string '//text()=' Login ']' is not a valid XPath expression.
  (Session info: MicrosoftEdge=149.0.4022.62)
For documentation on this error, please visit: https://www.selenium.dev/documentation/webdriver/troubleshooting/errors#invalidselectorexception
Build info: version: '4.44.0', revision: 'da2039b'
System info: os.name: 'Windows 11', os.arch: 'amd64', os.version: '10.0', java.version: '21.0.10'
Driver info: org.openqa.selenium.edge.EdgeDriver
Command: [c041fab0b4a2043c0b1b21b9f9fb75fd, findElement {using=xpath, value=//text()=' Login ']}]
Capabilities {acceptInsecureCerts: false, browserName: MicrosoftEdge, browserVersion: 149.0.4022.62, fedcm:accounts: true, goog:processID: 9652, ms:edgeOptions: {debuggerAddress: localhost:55538}, msedge: {msedgedriverVersion: 149.0.4022.62 (068a180137b0..., userDataDir: C:\Users\DEVIKA~1\AppData\L...}, networkConnectionEnabled: false, pageLoadStrategy: normal, platformName: windows, proxy: Proxy(), se:cdp: ws://localhost:55538/devtoo..., se:cdpVersion: 149.0.4022.62, setWindowRect: true, strictFileInteractability: false, timeouts: {implicit: 0, pageLoad: 300000, script: 30000}, unhandledPromptBehavior: dismiss and notify, webauthn:extension:credBlob: true, webauthn:extension:largeBlob: true, webauthn:extension:minPinLength: true, webauthn:extension:prf: true, webauthn:virtualAuthenticators: true}
Session ID: c041fab0b4a2043c0b1b21b9f9fb75fd
org.openqa.selenium.InvalidSelectorException: invalid selector: Unable to locate an element with the xpath expression //text()=' Login '] because of the following error:
SyntaxError: Failed to execute 'evaluate' on 'Document': The string '//text()=' Login ']' is not a valid XPath expression.
  (Session info: MicrosoftEdge=149.0.4022.62)
For documentation on this error, please visit: https://www.selenium.dev/documentation/webdriver/troubleshooting/errors#invalidselectorexception
Build info: version: '4.44.0', revision: 'da2039b'
System info: os.name: 'Windows 11', os.arch: 'amd64', os.version: '10.0', java.version: '21.0.10'
Driver info: org.openqa.selenium.edge.EdgeDriver
Command: [c041fab0b4a2043c0b1b21b9f9fb75fd, findElement {using=xpath, value=//text()=' Login ']}]
Capabilities {acceptInsecureCerts: false, browserName: MicrosoftEdge, browserVersion: 149.0.4022.62, fedcm:accounts: true, goog:processID: 9652, ms:edgeOptions: {debuggerAddress: localhost:55538}, msedge: {msedgedriverVersion: 149.0.4022.62 (068a180137b0..., userDataDir: C:\Users\DEVIKA~1\AppData\L...}, networkConnectionEnabled: false, pageLoadStrategy: normal, platformName: windows, proxy: Proxy(), se:cdp: ws://localhost:55538/devtoo..., se:cdpVersion: 149.0.4022.62, setWindowRect: true, strictFileInteractability: false, timeouts: {implicit: 0, pageLoad: 300000, script: 30000}, unhandledPromptBehavior: dismiss and notify, webauthn:extension:credBlob: true, webauthn:extension:largeBlob: true, webauthn:extension:minPinLength: true, webauthn:extension:prf: true, webauthn:virtualAuthenticators: true}
Session ID: c041fab0b4a2043c0b1b21b9f9fb75fd
	at org.openqa.selenium.remote.ErrorCodec.decode(ErrorCodec.java:169)
	at org.openqa.selenium.remote.codec.w3c.W3CHttpResponseCodec.decode(W3CHttpResponseCodec.java:143)
	at org.openqa.selenium.remote.codec.w3c.W3CHttpResponseCodec.decode(W3CHttpResponseCodec.java:50)
	at org.openqa.selenium.remote.HttpCommandExecutor.execute(HttpCommandExecutor.java:224)
	at org.openqa.selenium.remote.service.DriverCommandExecutor.invokeExecute(DriverCommandExecutor.java:217)
	at org.openqa.selenium.remote.service.DriverCommandExecutor.execute(DriverCommandExecutor.java:175)
	at org.openqa.selenium.remote.RemoteWebDriver.execute(RemoteWebDriver.java:600)
	at org.openqa.selenium.remote.ElementLocation$ElementFinder$2.findElement(ElementLocation.java:173)
	at org.openqa.selenium.remote.ElementLocation.findElement(ElementLocation.java:60)
	at org.openqa.selenium.remote.RemoteWebDriver.findElement(RemoteWebDriver.java:421)
	at org.openqa.selenium.remote.RemoteWebDriver.findElement(RemoteWebDriver.java:415)
	at com.orangehrm.actiondriver.ActionDriver.applyBorder(ActionDriver.java:233)
	at com.orangehrm.actiondriver.ActionDriver.click(ActionDriver.java:44)
	at com.orangehrm.pages.LoginPage.login(LoginPage.java:33)
	at com.orangehrm.test.HomePageTest.setUp(HomePageTest.java:24)
	at java.base/jdk.internal.reflect.DirectMethodHandleAccessor.invoke(DirectMethodHandleAccessor.java:103)
	at java.base/java.lang.reflect.Method.invoke(Method.java:580)
	at org.testng.internal.invokers.MethodInvocationHelper.invokeMethod(MethodInvocationHelper.java:141)
	at org.testng.internal.invokers.MethodInvocationHelper.invokeMethodConsideringTimeout(MethodInvocationHelper.java:71)
	at org.testng.internal.invokers.ConfigInvoker.invokeConfigurationMethod(ConfigInvoker.java:400)
	at org.testng.internal.invokers.ConfigInvoker.invokeConfigurations(ConfigInvoker.java:333)
	at org.testng.internal.invokers.TestInvoker.runConfigMethods(TestInvoker.java:836)
	at org.testng.internal.invokers.TestInvoker.invokeMethod(TestInvoker.java:601)
	at org.testng.internal.invokers.TestInvoker.invokeTestMethod(TestInvoker.java:230)
	at org.testng.internal.invokers.MethodRunner.runInSequence(MethodRunner.java:63)
	at org.testng.internal.invokers.TestInvoker$MethodInvocationAgent.invoke(TestInvoker.java:995)
	at org.testng.internal.invokers.TestInvoker.invokeTestMethods(TestInvoker.java:203)
	at org.testng.internal.invokers.TestMethodWorker.invokeTestMethods(TestMethodWorker.java:154)
	at org.testng.internal.invokers.TestMethodWorker.run(TestMethodWorker.java:134)
	at java.base/java.util.ArrayList.forEach(ArrayList.java:1596)
	at org.testng.TestRunner.privateRun(TestRunner.java:741)
	at org.testng.TestRunner.run(TestRunner.java:616)
	at org.testng.SuiteRunner.runTest(SuiteRunner.java:421)
	at org.testng.SuiteRunner$SuiteWorker.run(SuiteRunner.java:463)
	at org.testng.internal.thread.ThreadUtil.lambda$execute$0(ThreadUtil.java:64)
	at java.base/java.util.concurrent.FutureTask.run(FutureTask.java:317)
	at java.base/java.util.concurrent.ThreadPoolExecutor.runWorker(ThreadPoolExecutor.java:1144)
	at java.base/java.util.concurrent.ThreadPoolExecutor$Worker.run(ThreadPoolExecutor.java:642)
	at java.base/java.lang.Thread.run(Thread.java:1583)
2026-06-12 08:39:35 [main] INFO  Baseclass - config.properties file loaded
2026-06-12 08:45:15 [main] INFO  Baseclass - config.properties file loaded
2026-06-12 08:45:19 [main] INFO  Baseclass - ChromeDriver Instance is created.
2026-06-12 08:45:19 [main] INFO  ActionDriver - WebDriver instance is created.
2026-06-12 08:45:19 [main] INFO  Baseclass - ActionDriver initialized for thread: 1
2026-06-12 08:45:26 [main] INFO  Baseclass - WebDriver Initialized and Browser Maximized
2026-06-12 08:45:27 [main] INFO  Baseclass - WebDriver instance is closed.
2026-06-12 08:45:28 [main] INFO  Baseclass - ChromeDriver Instance is created.
2026-06-12 08:45:28 [main] INFO  ActionDriver - WebDriver instance is created.
2026-06-12 08:45:28 [main] INFO  Baseclass - ActionDriver initialized for thread: 1
2026-06-12 08:45:37 [main] INFO  Baseclass - WebDriver Initialized and Browser Maximized
2026-06-12 08:45:37 [main] INFO  Baseclass - WebDriver instance is closed.
2026-06-12 08:53:48 [main] INFO  Baseclass - config.properties file loaded
2026-06-12 08:53:52 [TestNG-tests-1] INFO  Baseclass - ChromeDriver Instance is created.
2026-06-12 08:53:52 [TestNG-tests-1] INFO  ActionDriver - WebDriver instance is created.
2026-06-12 08:53:52 [TestNG-tests-1] INFO  Baseclass - ActionDriver initialized for thread: 28
2026-06-12 08:53:52 [TestNG-tests-2] INFO  Baseclass - EdgeDriver Instance is created.
2026-06-12 08:53:52 [TestNG-tests-2] INFO  ActionDriver - WebDriver instance is created.
2026-06-12 08:53:52 [TestNG-tests-2] INFO  Baseclass - ActionDriver initialized for thread: 29
2026-06-12 08:54:02 [TestNG-tests-2] INFO  Baseclass - WebDriver Initialized and Browser Maximized
2026-06-12 08:54:02 [TestNG-tests-2] INFO  Baseclass - WebDriver instance is closed.
2026-06-12 08:54:03 [TestNG-tests-1] INFO  Baseclass - WebDriver Initialized and Browser Maximized
2026-06-12 08:54:04 [TestNG-tests-2] INFO  Baseclass - EdgeDriver Instance is created.
2026-06-12 08:54:04 [TestNG-tests-2] INFO  ActionDriver - WebDriver instance is created.
2026-06-12 08:54:04 [TestNG-tests-2] INFO  Baseclass - ActionDriver initialized for thread: 29
2026-06-12 08:54:04 [TestNG-tests-1] INFO  Baseclass - WebDriver instance is closed.
2026-06-12 08:54:05 [TestNG-tests-1] INFO  Baseclass - ChromeDriver Instance is created.
2026-06-12 08:54:05 [TestNG-tests-1] INFO  ActionDriver - WebDriver instance is created.
2026-06-12 08:54:05 [TestNG-tests-1] INFO  Baseclass - ActionDriver initialized for thread: 28
2026-06-12 08:54:11 [TestNG-tests-2] INFO  Baseclass - WebDriver Initialized and Browser Maximized
2026-06-12 08:54:12 [TestNG-tests-2] INFO  Baseclass - WebDriver instance is closed.
2026-06-12 08:55:58 [TestNG-tests-1] INFO  Baseclass - WebDriver Initialized and Browser Maximized
2026-06-12 08:55:58 [TestNG-tests-1] INFO  Baseclass - WebDriver instance is closed.
2026-06-12 08:56:14 [main] INFO  Baseclass - config.properties file loaded
2026-06-12 08:56:18 [TestNG-tests-2] INFO  Baseclass - EdgeDriver Instance is created.
2026-06-12 08:56:18 [TestNG-tests-1] INFO  Baseclass - ChromeDriver Instance is created.
2026-06-12 08:56:18 [TestNG-tests-1] INFO  ActionDriver - WebDriver instance is created.
2026-06-12 08:56:18 [TestNG-tests-1] INFO  Baseclass - ActionDriver initialized for thread: 27
2026-06-12 08:56:18 [TestNG-tests-2] INFO  ActionDriver - WebDriver instance is created.
2026-06-12 08:56:18 [TestNG-tests-2] INFO  Baseclass - ActionDriver initialized for thread: 28
2026-06-12 08:56:30 [TestNG-tests-1] INFO  Baseclass - WebDriver Initialized and Browser Maximized
2026-06-12 08:56:30 [TestNG-tests-2] INFO  Baseclass - WebDriver Initialized and Browser Maximized
2026-06-12 08:56:31 [TestNG-tests-1] INFO  Baseclass - WebDriver instance is closed.
2026-06-12 08:56:31 [TestNG-tests-2] INFO  Baseclass - WebDriver instance is closed.
2026-06-12 08:56:32 [TestNG-tests-1] INFO  Baseclass - ChromeDriver Instance is created.
2026-06-12 08:56:32 [TestNG-tests-1] INFO  ActionDriver - WebDriver instance is created.
2026-06-12 08:56:32 [TestNG-tests-1] INFO  Baseclass - ActionDriver initialized for thread: 27
2026-06-12 08:56:33 [TestNG-tests-2] INFO  Baseclass - EdgeDriver Instance is created.
2026-06-12 08:56:33 [TestNG-tests-2] INFO  ActionDriver - WebDriver instance is created.
2026-06-12 08:56:33 [TestNG-tests-2] INFO  Baseclass - ActionDriver initialized for thread: 28
2026-06-12 08:56:36 [TestNG-tests-1] INFO  Baseclass - WebDriver Initialized and Browser Maximized
2026-06-12 08:56:36 [TestNG-tests-1] INFO  Baseclass - WebDriver instance is closed.
2026-06-12 08:56:39 [TestNG-tests-2] INFO  Baseclass - WebDriver Initialized and Browser Maximized
2026-06-12 08:56:39 [TestNG-tests-2] INFO  Baseclass - WebDriver instance is closed.
2026-06-12 09:01:23 [main] INFO  Baseclass - config.properties file loaded
2026-06-12 09:01:26 [TestNG-tests-2] INFO  Baseclass - EdgeDriver Instance is created.
2026-06-12 09:01:26 [TestNG-tests-1] INFO  Baseclass - ChromeDriver Instance is created.
2026-06-12 09:01:26 [TestNG-tests-2] INFO  ActionDriver - WebDriver instance is created.
2026-06-12 09:01:26 [TestNG-tests-2] INFO  Baseclass - ActionDriver initialized for thread: 28
2026-06-12 09:01:26 [TestNG-tests-1] INFO  ActionDriver - WebDriver instance is created.
2026-06-12 09:01:26 [TestNG-tests-1] INFO  Baseclass - ActionDriver initialized for thread: 27
2026-06-12 09:01:30 [TestNG-tests-1] INFO  Baseclass - WebDriver Initialized and Browser Maximized
2026-06-12 09:01:30 [TestNG-tests-1] INFO  Baseclass - WebDriver instance is closed.
2026-06-12 09:01:31 [TestNG-tests-1] INFO  Baseclass - ChromeDriver Instance is created.
2026-06-12 09:01:31 [TestNG-tests-1] INFO  ActionDriver - WebDriver instance is created.
2026-06-12 09:01:31 [TestNG-tests-1] INFO  Baseclass - ActionDriver initialized for thread: 27
2026-06-12 09:01:34 [TestNG-tests-2] INFO  Baseclass - WebDriver Initialized and Browser Maximized
2026-06-12 09:01:34 [TestNG-tests-2] INFO  Baseclass - WebDriver instance is closed.
2026-06-12 09:01:36 [TestNG-tests-2] INFO  Baseclass - EdgeDriver Instance is created.
2026-06-12 09:01:36 [TestNG-tests-2] INFO  ActionDriver - WebDriver instance is created.
2026-06-12 09:01:36 [TestNG-tests-2] INFO  Baseclass - ActionDriver initialized for thread: 28
2026-06-12 09:01:38 [TestNG-tests-1] INFO  Baseclass - WebDriver Initialized and Browser Maximized
2026-06-12 09:01:39 [TestNG-tests-1] INFO  Baseclass - WebDriver instance is closed.
2026-06-12 09:01:42 [TestNG-tests-2] INFO  Baseclass - WebDriver Initialized and Browser Maximized
2026-06-12 09:01:43 [TestNG-tests-2] INFO  Baseclass - WebDriver instance is closed.
2026-06-12 09:06:06 [main] INFO  Baseclass - config.properties file loaded
2026-06-12 09:06:09 [TestNG-tests-1] INFO  Baseclass - ChromeDriver Instance is created.
2026-06-12 09:06:09 [TestNG-tests-2] INFO  Baseclass - EdgeDriver Instance is created.
2026-06-12 09:06:09 [TestNG-tests-1] INFO  ActionDriver - WebDriver instance is created.
2026-06-12 09:06:09 [TestNG-tests-2] INFO  ActionDriver - WebDriver instance is created.
2026-06-12 09:06:09 [TestNG-tests-1] INFO  Baseclass - ActionDriver initialized for thread: 28
2026-06-12 09:06:09 [TestNG-tests-2] INFO  Baseclass - ActionDriver initialized for thread: 29
2026-06-12 09:06:25 [TestNG-tests-1] INFO  Baseclass - WebDriver Initialized and Browser Maximized
2026-06-12 09:06:27 [TestNG-tests-1] INFO  Baseclass - WebDriver instance is closed.
2026-06-12 09:06:28 [TestNG-tests-1] INFO  Baseclass - ChromeDriver Instance is created.
2026-06-12 09:06:28 [TestNG-tests-1] INFO  ActionDriver - WebDriver instance is created.
2026-06-12 09:06:28 [TestNG-tests-1] INFO  Baseclass - ActionDriver initialized for thread: 28
2026-06-12 09:06:29 [TestNG-tests-2] INFO  Baseclass - WebDriver Initialized and Browser Maximized
2026-06-12 09:06:29 [TestNG-tests-2] INFO  Baseclass - WebDriver instance is closed.
2026-06-12 09:06:30 [TestNG-tests-2] INFO  Baseclass - EdgeDriver Instance is created.
2026-06-12 09:06:30 [TestNG-tests-2] INFO  ActionDriver - WebDriver instance is created.
2026-06-12 09:06:30 [TestNG-tests-2] INFO  Baseclass - ActionDriver initialized for thread: 29
2026-06-12 09:06:38 [TestNG-tests-1] INFO  Baseclass - WebDriver Initialized and Browser Maximized
2026-06-12 09:06:38 [TestNG-tests-1] INFO  Baseclass - WebDriver instance is closed.
2026-06-12 09:06:41 [TestNG-tests-2] INFO  Baseclass - WebDriver Initialized and Browser Maximized
2026-06-12 09:06:41 [TestNG-tests-2] INFO  Baseclass - WebDriver instance is closed.
2026-06-12 09:12:16 [main] INFO  Baseclass - config.properties file loaded
2026-06-12 09:12:19 [TestNG-tests-1] INFO  Baseclass - ChromeDriver Instance is created.
2026-06-12 09:12:19 [TestNG-tests-1] INFO  ActionDriver - WebDriver instance is created.
2026-06-12 09:12:19 [TestNG-tests-1] INFO  Baseclass - ActionDriver initialized for thread: 27
2026-06-12 09:12:20 [TestNG-tests-2] INFO  Baseclass - EdgeDriver Instance is created.
2026-06-12 09:12:20 [TestNG-tests-2] INFO  ActionDriver - WebDriver instance is created.
2026-06-12 09:12:20 [TestNG-tests-2] INFO  Baseclass - ActionDriver initialized for thread: 28
2026-06-12 09:12:37 [TestNG-tests-2] INFO  Baseclass - WebDriver Initialized and Browser Maximized
2026-06-12 09:12:37 [TestNG-tests-2] INFO  ActionDriver - Applied the border with color green to element: Element with name: username
2026-06-12 09:12:37 [TestNG-tests-2] INFO  ActionDriver - Entered text on Element with name: username-->wronguser
2026-06-12 09:12:38 [TestNG-tests-2] INFO  ActionDriver - Applied the border with color green to element: Element with name: password
2026-06-12 09:12:38 [TestNG-tests-2] INFO  ActionDriver - Entered text on Element with name: password-->wrongpassword
2026-06-12 09:12:38 [TestNG-tests-2] WARN  ActionDriver - Failed to apply the border to an element: Unable to describe element due to error: invalid selector: Unable to locate an element with the xpath expression //button[normalize-spacet()=' Login '] because of the following error:
SyntaxError: Failed to execute 'evaluate' on 'Document': The string '//button[normalize-spacet()=' Login ']' is not a valid XPath expression.
  (Session info: MicrosoftEdge=149.0.4022.62)
For documentation on this error, please visit: https://www.selenium.dev/documentation/webdriver/troubleshooting/errors#invalidselectorexception
Build info: version: '4.44.0', revision: 'da2039b'
System info: os.name: 'Windows 11', os.arch: 'amd64', os.version: '10.0', java.version: '21.0.10'
Driver info: org.openqa.selenium.edge.EdgeDriver
Command: [04d850774e5dab7dd6afb97d1edff3dc, findElement {using=xpath, value=//button[normalize-spacet()=' Login ']}]
Capabilities {acceptInsecureCerts: false, browserName: MicrosoftEdge, browserVersion: 149.0.4022.62, fedcm:accounts: true, goog:processID: 15480, ms:edgeOptions: {debuggerAddress: localhost:57333}, msedge: {msedgedriverVersion: 149.0.4022.62 (068a180137b0..., userDataDir: C:\Users\DEVIKA~1\AppData\L...}, networkConnectionEnabled: false, pageLoadStrategy: normal, platformName: windows, proxy: Proxy(), se:cdp: ws://localhost:57333/devtoo..., se:cdpVersion: 149.0.4022.62, setWindowRect: true, strictFileInteractability: false, timeouts: {implicit: 0, pageLoad: 300000, script: 30000}, unhandledPromptBehavior: dismiss and notify, webauthn:extension:credBlob: true, webauthn:extension:largeBlob: true, webauthn:extension:minPinLength: true, webauthn:extension:prf: true, webauthn:virtualAuthenticators: true}
Session ID: 04d850774e5dab7dd6afb97d1edff3dc
org.openqa.selenium.InvalidSelectorException: invalid selector: Unable to locate an element with the xpath expression //button[normalize-spacet()=' Login '] because of the following error:
SyntaxError: Failed to execute 'evaluate' on 'Document': The string '//button[normalize-spacet()=' Login ']' is not a valid XPath expression.
  (Session info: MicrosoftEdge=149.0.4022.62)
For documentation on this error, please visit: https://www.selenium.dev/documentation/webdriver/troubleshooting/errors#invalidselectorexception
Build info: version: '4.44.0', revision: 'da2039b'
System info: os.name: 'Windows 11', os.arch: 'amd64', os.version: '10.0', java.version: '21.0.10'
Driver info: org.openqa.selenium.edge.EdgeDriver
Command: [04d850774e5dab7dd6afb97d1edff3dc, findElement {using=xpath, value=//button[normalize-spacet()=' Login ']}]
Capabilities {acceptInsecureCerts: false, browserName: MicrosoftEdge, browserVersion: 149.0.4022.62, fedcm:accounts: true, goog:processID: 15480, ms:edgeOptions: {debuggerAddress: localhost:57333}, msedge: {msedgedriverVersion: 149.0.4022.62 (068a180137b0..., userDataDir: C:\Users\DEVIKA~1\AppData\L...}, networkConnectionEnabled: false, pageLoadStrategy: normal, platformName: windows, proxy: Proxy(), se:cdp: ws://localhost:57333/devtoo..., se:cdpVersion: 149.0.4022.62, setWindowRect: true, strictFileInteractability: false, timeouts: {implicit: 0, pageLoad: 300000, script: 30000}, unhandledPromptBehavior: dismiss and notify, webauthn:extension:credBlob: true, webauthn:extension:largeBlob: true, webauthn:extension:minPinLength: true, webauthn:extension:prf: true, webauthn:virtualAuthenticators: true}
Session ID: 04d850774e5dab7dd6afb97d1edff3dc
	at org.openqa.selenium.remote.ErrorCodec.decode(ErrorCodec.java:169)
	at org.openqa.selenium.remote.codec.w3c.W3CHttpResponseCodec.decode(W3CHttpResponseCodec.java:143)
	at org.openqa.selenium.remote.codec.w3c.W3CHttpResponseCodec.decode(W3CHttpResponseCodec.java:50)
	at org.openqa.selenium.remote.HttpCommandExecutor.execute(HttpCommandExecutor.java:224)
	at org.openqa.selenium.remote.service.DriverCommandExecutor.invokeExecute(DriverCommandExecutor.java:217)
	at org.openqa.selenium.remote.service.DriverCommandExecutor.execute(DriverCommandExecutor.java:175)
	at org.openqa.selenium.remote.RemoteWebDriver.execute(RemoteWebDriver.java:600)
	at org.openqa.selenium.remote.ElementLocation$ElementFinder$2.findElement(ElementLocation.java:173)
	at org.openqa.selenium.remote.ElementLocation.findElement(ElementLocation.java:60)
	at org.openqa.selenium.remote.RemoteWebDriver.findElement(RemoteWebDriver.java:421)
	at org.openqa.selenium.remote.RemoteWebDriver.findElement(RemoteWebDriver.java:415)
	at com.orangehrm.actiondriver.ActionDriver.applyBorder(ActionDriver.java:233)
	at com.orangehrm.actiondriver.ActionDriver.click(ActionDriver.java:38)
	at com.orangehrm.pages.LoginPage.login(LoginPage.java:33)
	at com.orangehrm.test.LoginPageTest.invalidLoginTest(LoginPageTest.java:62)
	at java.base/jdk.internal.reflect.DirectMethodHandleAccessor.invoke(DirectMethodHandleAccessor.java:103)
	at java.base/java.lang.reflect.Method.invoke(Method.java:580)
	at org.testng.internal.invokers.MethodInvocationHelper.invokeMethod(MethodInvocationHelper.java:141)
	at org.testng.internal.invokers.TestInvoker.invokeMethod(TestInvoker.java:687)
	at org.testng.internal.invokers.TestInvoker.invokeTestMethod(TestInvoker.java:230)
	at org.testng.internal.invokers.MethodRunner.runInSequence(MethodRunner.java:63)
	at org.testng.internal.invokers.TestInvoker$MethodInvocationAgent.invoke(TestInvoker.java:995)
	at org.testng.internal.invokers.TestInvoker.invokeTestMethods(TestInvoker.java:203)
	at org.testng.internal.invokers.TestMethodWorker.invokeTestMethods(TestMethodWorker.java:154)
	at org.testng.internal.invokers.TestMethodWorker.run(TestMethodWorker.java:134)
	at java.base/java.util.ArrayList.forEach(ArrayList.java:1596)
	at org.testng.TestRunner.privateRun(TestRunner.java:741)
	at org.testng.TestRunner.run(TestRunner.java:616)
	at org.testng.SuiteRunner.runTest(SuiteRunner.java:421)
	at org.testng.SuiteRunner$SuiteWorker.run(SuiteRunner.java:463)
	at org.testng.internal.thread.ThreadUtil.lambda$execute$0(ThreadUtil.java:64)
	at java.base/java.util.concurrent.FutureTask.run(FutureTask.java:317)
	at java.base/java.util.concurrent.ThreadPoolExecutor.runWorker(ThreadPoolExecutor.java:1144)
	at java.base/java.util.concurrent.ThreadPoolExecutor$Worker.run(ThreadPoolExecutor.java:642)
	at java.base/java.lang.Thread.run(Thread.java:1583)
2026-06-12 09:12:38 [TestNG-tests-2] WARN  ActionDriver - Failed to apply the border to an element: Unable to describe element due to error: invalid selector: Unable to locate an element with the xpath expression //button[normalize-spacet()=' Login '] because of the following error:
SyntaxError: Failed to execute 'evaluate' on 'Document': The string '//button[normalize-spacet()=' Login ']' is not a valid XPath expression.
  (Session info: MicrosoftEdge=149.0.4022.62)
For documentation on this error, please visit: https://www.selenium.dev/documentation/webdriver/troubleshooting/errors#invalidselectorexception
Build info: version: '4.44.0', revision: 'da2039b'
System info: os.name: 'Windows 11', os.arch: 'amd64', os.version: '10.0', java.version: '21.0.10'
Driver info: org.openqa.selenium.edge.EdgeDriver
Command: [04d850774e5dab7dd6afb97d1edff3dc, findElement {using=xpath, value=//button[normalize-spacet()=' Login ']}]
Capabilities {acceptInsecureCerts: false, browserName: MicrosoftEdge, browserVersion: 149.0.4022.62, fedcm:accounts: true, goog:processID: 15480, ms:edgeOptions: {debuggerAddress: localhost:57333}, msedge: {msedgedriverVersion: 149.0.4022.62 (068a180137b0..., userDataDir: C:\Users\DEVIKA~1\AppData\L...}, networkConnectionEnabled: false, pageLoadStrategy: normal, platformName: windows, proxy: Proxy(), se:cdp: ws://localhost:57333/devtoo..., se:cdpVersion: 149.0.4022.62, setWindowRect: true, strictFileInteractability: false, timeouts: {implicit: 0, pageLoad: 300000, script: 30000}, unhandledPromptBehavior: dismiss and notify, webauthn:extension:credBlob: true, webauthn:extension:largeBlob: true, webauthn:extension:minPinLength: true, webauthn:extension:prf: true, webauthn:virtualAuthenticators: true}
Session ID: 04d850774e5dab7dd6afb97d1edff3dc
org.openqa.selenium.InvalidSelectorException: invalid selector: Unable to locate an element with the xpath expression //button[normalize-spacet()=' Login '] because of the following error:
SyntaxError: Failed to execute 'evaluate' on 'Document': The string '//button[normalize-spacet()=' Login ']' is not a valid XPath expression.
  (Session info: MicrosoftEdge=149.0.4022.62)
For documentation on this error, please visit: https://www.selenium.dev/documentation/webdriver/troubleshooting/errors#invalidselectorexception
Build info: version: '4.44.0', revision: 'da2039b'
System info: os.name: 'Windows 11', os.arch: 'amd64', os.version: '10.0', java.version: '21.0.10'
Driver info: org.openqa.selenium.edge.EdgeDriver
Command: [04d850774e5dab7dd6afb97d1edff3dc, findElement {using=xpath, value=//button[normalize-spacet()=' Login ']}]
Capabilities {acceptInsecureCerts: false, browserName: MicrosoftEdge, browserVersion: 149.0.4022.62, fedcm:accounts: true, goog:processID: 15480, ms:edgeOptions: {debuggerAddress: localhost:57333}, msedge: {msedgedriverVersion: 149.0.4022.62 (068a180137b0..., userDataDir: C:\Users\DEVIKA~1\AppData\L...}, networkConnectionEnabled: false, pageLoadStrategy: normal, platformName: windows, proxy: Proxy(), se:cdp: ws://localhost:57333/devtoo..., se:cdpVersion: 149.0.4022.62, setWindowRect: true, strictFileInteractability: false, timeouts: {implicit: 0, pageLoad: 300000, script: 30000}, unhandledPromptBehavior: dismiss and notify, webauthn:extension:credBlob: true, webauthn:extension:largeBlob: true, webauthn:extension:minPinLength: true, webauthn:extension:prf: true, webauthn:virtualAuthenticators: true}
Session ID: 04d850774e5dab7dd6afb97d1edff3dc
	at org.openqa.selenium.remote.ErrorCodec.decode(ErrorCodec.java:169)
	at org.openqa.selenium.remote.codec.w3c.W3CHttpResponseCodec.decode(W3CHttpResponseCodec.java:143)
	at org.openqa.selenium.remote.codec.w3c.W3CHttpResponseCodec.decode(W3CHttpResponseCodec.java:50)
	at org.openqa.selenium.remote.HttpCommandExecutor.execute(HttpCommandExecutor.java:224)
	at org.openqa.selenium.remote.service.DriverCommandExecutor.invokeExecute(DriverCommandExecutor.java:217)
	at org.openqa.selenium.remote.service.DriverCommandExecutor.execute(DriverCommandExecutor.java:175)
	at org.openqa.selenium.remote.RemoteWebDriver.execute(RemoteWebDriver.java:600)
	at org.openqa.selenium.remote.ElementLocation$ElementFinder$2.findElement(ElementLocation.java:173)
	at org.openqa.selenium.remote.ElementLocation.findElement(ElementLocation.java:60)
	at org.openqa.selenium.remote.RemoteWebDriver.findElement(RemoteWebDriver.java:421)
	at org.openqa.selenium.remote.RemoteWebDriver.findElement(RemoteWebDriver.java:415)
	at com.orangehrm.actiondriver.ActionDriver.applyBorder(ActionDriver.java:233)
	at com.orangehrm.actiondriver.ActionDriver.click(ActionDriver.java:44)
	at com.orangehrm.pages.LoginPage.login(LoginPage.java:33)
	at com.orangehrm.test.LoginPageTest.invalidLoginTest(LoginPageTest.java:62)
	at java.base/jdk.internal.reflect.DirectMethodHandleAccessor.invoke(DirectMethodHandleAccessor.java:103)
	at java.base/java.lang.reflect.Method.invoke(Method.java:580)
	at org.testng.internal.invokers.MethodInvocationHelper.invokeMethod(MethodInvocationHelper.java:141)
	at org.testng.internal.invokers.TestInvoker.invokeMethod(TestInvoker.java:687)
	at org.testng.internal.invokers.TestInvoker.invokeTestMethod(TestInvoker.java:230)
	at org.testng.internal.invokers.MethodRunner.runInSequence(MethodRunner.java:63)
	at org.testng.internal.invokers.TestInvoker$MethodInvocationAgent.invoke(TestInvoker.java:995)
	at org.testng.internal.invokers.TestInvoker.invokeTestMethods(TestInvoker.java:203)
	at org.testng.internal.invokers.TestMethodWorker.invokeTestMethods(TestMethodWorker.java:154)
	at org.testng.internal.invokers.TestMethodWorker.run(TestMethodWorker.java:134)
	at java.base/java.util.ArrayList.forEach(ArrayList.java:1596)
	at org.testng.TestRunner.privateRun(TestRunner.java:741)
	at org.testng.TestRunner.run(TestRunner.java:616)
	at org.testng.SuiteRunner.runTest(SuiteRunner.java:421)
	at org.testng.SuiteRunner$SuiteWorker.run(SuiteRunner.java:463)
	at org.testng.internal.thread.ThreadUtil.lambda$execute$0(ThreadUtil.java:64)
	at java.base/java.util.concurrent.FutureTask.run(FutureTask.java:317)
	at java.base/java.util.concurrent.ThreadPoolExecutor.runWorker(ThreadPoolExecutor.java:1144)
	at java.base/java.util.concurrent.ThreadPoolExecutor$Worker.run(ThreadPoolExecutor.java:642)
	at java.base/java.lang.Thread.run(Thread.java:1583)
2026-06-12 09:12:38 [TestNG-tests-2] INFO  Baseclass - WebDriver instance is closed.
2026-06-12 09:12:40 [TestNG-tests-2] INFO  Baseclass - EdgeDriver Instance is created.
2026-06-12 09:12:40 [TestNG-tests-2] INFO  ActionDriver - WebDriver instance is created.
2026-06-12 09:12:40 [TestNG-tests-2] INFO  Baseclass - ActionDriver initialized for thread: 28
2026-06-12 09:12:40 [TestNG-tests-1] INFO  Baseclass - WebDriver Initialized and Browser Maximized
2026-06-12 09:12:40 [TestNG-tests-1] INFO  ActionDriver - Applied the border with color green to element: Element with name: username
2026-06-12 09:12:41 [TestNG-tests-1] INFO  ActionDriver - Entered text on Element with name: username-->wronguser
2026-06-12 09:12:41 [TestNG-tests-1] INFO  ActionDriver - Applied the border with color green to element: Element with name: password
2026-06-12 09:12:41 [TestNG-tests-1] INFO  ActionDriver - Entered text on Element with name: password-->wrongpassword
2026-06-12 09:12:41 [TestNG-tests-1] WARN  ActionDriver - Failed to apply the border to an element: Unable to describe element due to error: invalid selector: Unable to locate an element with the xpath expression //button[normalize-spacet()=' Login '] because of the following error:
SyntaxError: Failed to execute 'evaluate' on 'Document': The string '//button[normalize-spacet()=' Login ']' is not a valid XPath expression.
  (Session info: chrome=149.0.7827.103)
For documentation on this error, please visit: https://www.selenium.dev/documentation/webdriver/troubleshooting/errors#invalidselectorexception
Build info: version: '4.44.0', revision: 'da2039b'
System info: os.name: 'Windows 11', os.arch: 'amd64', os.version: '10.0', java.version: '21.0.10'
Driver info: org.openqa.selenium.chrome.ChromeDriver
Command: [2dd8d8ceb55ecbf7a1ebf374cfc826fa, findElement {using=xpath, value=//button[normalize-spacet()=' Login ']}]
Capabilities {acceptInsecureCerts: false, browserName: chrome, browserVersion: 149.0.7827.103, chrome: {chromedriverVersion: 149.0.7827.115 (daf70f9ddee..., userDataDir: C:\Users\DEVIKA~1\AppData\L...}, fedcm:accounts: true, goog:chromeOptions: {debuggerAddress: localhost:57334}, goog:processID: 25384, networkConnectionEnabled: false, pageLoadStrategy: normal, platformName: windows, proxy: Proxy(), se:cdp: ws://localhost:57334/devtoo..., se:cdpVersion: 149.0.7827.103, setWindowRect: true, strictFileInteractability: false, timeouts: {implicit: 0, pageLoad: 300000, script: 30000}, unhandledPromptBehavior: dismiss and notify, webauthn:extension:credBlob: true, webauthn:extension:largeBlob: true, webauthn:extension:minPinLength: true, webauthn:extension:prf: true, webauthn:virtualAuthenticators: true}
Session ID: 2dd8d8ceb55ecbf7a1ebf374cfc826fa
org.openqa.selenium.InvalidSelectorException: invalid selector: Unable to locate an element with the xpath expression //button[normalize-spacet()=' Login '] because of the following error:
SyntaxError: Failed to execute 'evaluate' on 'Document': The string '//button[normalize-spacet()=' Login ']' is not a valid XPath expression.
  (Session info: chrome=149.0.7827.103)
For documentation on this error, please visit: https://www.selenium.dev/documentation/webdriver/troubleshooting/errors#invalidselectorexception
Build info: version: '4.44.0', revision: 'da2039b'
System info: os.name: 'Windows 11', os.arch: 'amd64', os.version: '10.0', java.version: '21.0.10'
Driver info: org.openqa.selenium.chrome.ChromeDriver
Command: [2dd8d8ceb55ecbf7a1ebf374cfc826fa, findElement {using=xpath, value=//button[normalize-spacet()=' Login ']}]
Capabilities {acceptInsecureCerts: false, browserName: chrome, browserVersion: 149.0.7827.103, chrome: {chromedriverVersion: 149.0.7827.115 (daf70f9ddee..., userDataDir: C:\Users\DEVIKA~1\AppData\L...}, fedcm:accounts: true, goog:chromeOptions: {debuggerAddress: localhost:57334}, goog:processID: 25384, networkConnectionEnabled: false, pageLoadStrategy: normal, platformName: windows, proxy: Proxy(), se:cdp: ws://localhost:57334/devtoo..., se:cdpVersion: 149.0.7827.103, setWindowRect: true, strictFileInteractability: false, timeouts: {implicit: 0, pageLoad: 300000, script: 30000}, unhandledPromptBehavior: dismiss and notify, webauthn:extension:credBlob: true, webauthn:extension:largeBlob: true, webauthn:extension:minPinLength: true, webauthn:extension:prf: true, webauthn:virtualAuthenticators: true}
Session ID: 2dd8d8ceb55ecbf7a1ebf374cfc826fa
	at org.openqa.selenium.remote.ErrorCodec.decode(ErrorCodec.java:169)
	at org.openqa.selenium.remote.codec.w3c.W3CHttpResponseCodec.decode(W3CHttpResponseCodec.java:143)
	at org.openqa.selenium.remote.codec.w3c.W3CHttpResponseCodec.decode(W3CHttpResponseCodec.java:50)
	at org.openqa.selenium.remote.HttpCommandExecutor.execute(HttpCommandExecutor.java:224)
	at org.openqa.selenium.remote.service.DriverCommandExecutor.invokeExecute(DriverCommandExecutor.java:217)
	at org.openqa.selenium.remote.service.DriverCommandExecutor.execute(DriverCommandExecutor.java:175)
	at org.openqa.selenium.remote.RemoteWebDriver.execute(RemoteWebDriver.java:600)
	at org.openqa.selenium.remote.ElementLocation$ElementFinder$2.findElement(ElementLocation.java:173)
	at org.openqa.selenium.remote.ElementLocation.findElement(ElementLocation.java:60)
	at org.openqa.selenium.remote.RemoteWebDriver.findElement(RemoteWebDriver.java:421)
	at org.openqa.selenium.remote.RemoteWebDriver.findElement(RemoteWebDriver.java:415)
	at com.orangehrm.actiondriver.ActionDriver.applyBorder(ActionDriver.java:233)
	at com.orangehrm.actiondriver.ActionDriver.click(ActionDriver.java:38)
	at com.orangehrm.pages.LoginPage.login(LoginPage.java:33)
	at com.orangehrm.test.LoginPageTest.invalidLoginTest(LoginPageTest.java:62)
	at java.base/jdk.internal.reflect.DirectMethodHandleAccessor.invoke(DirectMethodHandleAccessor.java:103)
	at java.base/java.lang.reflect.Method.invoke(Method.java:580)
	at org.testng.internal.invokers.MethodInvocationHelper.invokeMethod(MethodInvocationHelper.java:141)
	at org.testng.internal.invokers.TestInvoker.invokeMethod(TestInvoker.java:687)
	at org.testng.internal.invokers.TestInvoker.invokeTestMethod(TestInvoker.java:230)
	at org.testng.internal.invokers.MethodRunner.runInSequence(MethodRunner.java:63)
	at org.testng.internal.invokers.TestInvoker$MethodInvocationAgent.invoke(TestInvoker.java:995)
	at org.testng.internal.invokers.TestInvoker.invokeTestMethods(TestInvoker.java:203)
	at org.testng.internal.invokers.TestMethodWorker.invokeTestMethods(TestMethodWorker.java:154)
	at org.testng.internal.invokers.TestMethodWorker.run(TestMethodWorker.java:134)
	at java.base/java.util.ArrayList.forEach(ArrayList.java:1596)
	at org.testng.TestRunner.privateRun(TestRunner.java:741)
	at org.testng.TestRunner.run(TestRunner.java:616)
	at org.testng.SuiteRunner.runTest(SuiteRunner.java:421)
	at org.testng.SuiteRunner$SuiteWorker.run(SuiteRunner.java:463)
	at org.testng.internal.thread.ThreadUtil.lambda$execute$0(ThreadUtil.java:64)
	at java.base/java.util.concurrent.FutureTask.run(FutureTask.java:317)
	at java.base/java.util.concurrent.ThreadPoolExecutor.runWorker(ThreadPoolExecutor.java:1144)
	at java.base/java.util.concurrent.ThreadPoolExecutor$Worker.run(ThreadPoolExecutor.java:642)
	at java.base/java.lang.Thread.run(Thread.java:1583)
2026-06-12 09:12:41 [TestNG-tests-1] WARN  ActionDriver - Failed to apply the border to an element: Unable to describe element due to error: invalid selector: Unable to locate an element with the xpath expression //button[normalize-spacet()=' Login '] because of the following error:
SyntaxError: Failed to execute 'evaluate' on 'Document': The string '//button[normalize-spacet()=' Login ']' is not a valid XPath expression.
  (Session info: chrome=149.0.7827.103)
For documentation on this error, please visit: https://www.selenium.dev/documentation/webdriver/troubleshooting/errors#invalidselectorexception
Build info: version: '4.44.0', revision: 'da2039b'
System info: os.name: 'Windows 11', os.arch: 'amd64', os.version: '10.0', java.version: '21.0.10'
Driver info: org.openqa.selenium.chrome.ChromeDriver
Command: [2dd8d8ceb55ecbf7a1ebf374cfc826fa, findElement {using=xpath, value=//button[normalize-spacet()=' Login ']}]
Capabilities {acceptInsecureCerts: false, browserName: chrome, browserVersion: 149.0.7827.103, chrome: {chromedriverVersion: 149.0.7827.115 (daf70f9ddee..., userDataDir: C:\Users\DEVIKA~1\AppData\L...}, fedcm:accounts: true, goog:chromeOptions: {debuggerAddress: localhost:57334}, goog:processID: 25384, networkConnectionEnabled: false, pageLoadStrategy: normal, platformName: windows, proxy: Proxy(), se:cdp: ws://localhost:57334/devtoo..., se:cdpVersion: 149.0.7827.103, setWindowRect: true, strictFileInteractability: false, timeouts: {implicit: 0, pageLoad: 300000, script: 30000}, unhandledPromptBehavior: dismiss and notify, webauthn:extension:credBlob: true, webauthn:extension:largeBlob: true, webauthn:extension:minPinLength: true, webauthn:extension:prf: true, webauthn:virtualAuthenticators: true}
Session ID: 2dd8d8ceb55ecbf7a1ebf374cfc826fa
org.openqa.selenium.InvalidSelectorException: invalid selector: Unable to locate an element with the xpath expression //button[normalize-spacet()=' Login '] because of the following error:
SyntaxError: Failed to execute 'evaluate' on 'Document': The string '//button[normalize-spacet()=' Login ']' is not a valid XPath expression.
  (Session info: chrome=149.0.7827.103)
For documentation on this error, please visit: https://www.selenium.dev/documentation/webdriver/troubleshooting/errors#invalidselectorexception
Build info: version: '4.44.0', revision: 'da2039b'
System info: os.name: 'Windows 11', os.arch: 'amd64', os.version: '10.0', java.version: '21.0.10'
Driver info: org.openqa.selenium.chrome.ChromeDriver
Command: [2dd8d8ceb55ecbf7a1ebf374cfc826fa, findElement {using=xpath, value=//button[normalize-spacet()=' Login ']}]
Capabilities {acceptInsecureCerts: false, browserName: chrome, browserVersion: 149.0.7827.103, chrome: {chromedriverVersion: 149.0.7827.115 (daf70f9ddee..., userDataDir: C:\Users\DEVIKA~1\AppData\L...}, fedcm:accounts: true, goog:chromeOptions: {debuggerAddress: localhost:57334}, goog:processID: 25384, networkConnectionEnabled: false, pageLoadStrategy: normal, platformName: windows, proxy: Proxy(), se:cdp: ws://localhost:57334/devtoo..., se:cdpVersion: 149.0.7827.103, setWindowRect: true, strictFileInteractability: false, timeouts: {implicit: 0, pageLoad: 300000, script: 30000}, unhandledPromptBehavior: dismiss and notify, webauthn:extension:credBlob: true, webauthn:extension:largeBlob: true, webauthn:extension:minPinLength: true, webauthn:extension:prf: true, webauthn:virtualAuthenticators: true}
Session ID: 2dd8d8ceb55ecbf7a1ebf374cfc826fa
	at org.openqa.selenium.remote.ErrorCodec.decode(ErrorCodec.java:169)
	at org.openqa.selenium.remote.codec.w3c.W3CHttpResponseCodec.decode(W3CHttpResponseCodec.java:143)
	at org.openqa.selenium.remote.codec.w3c.W3CHttpResponseCodec.decode(W3CHttpResponseCodec.java:50)
	at org.openqa.selenium.remote.HttpCommandExecutor.execute(HttpCommandExecutor.java:224)
	at org.openqa.selenium.remote.service.DriverCommandExecutor.invokeExecute(DriverCommandExecutor.java:217)
	at org.openqa.selenium.remote.service.DriverCommandExecutor.execute(DriverCommandExecutor.java:175)
	at org.openqa.selenium.remote.RemoteWebDriver.execute(RemoteWebDriver.java:600)
	at org.openqa.selenium.remote.ElementLocation$ElementFinder$2.findElement(ElementLocation.java:173)
	at org.openqa.selenium.remote.ElementLocation.findElement(ElementLocation.java:60)
	at org.openqa.selenium.remote.RemoteWebDriver.findElement(RemoteWebDriver.java:421)
	at org.openqa.selenium.remote.RemoteWebDriver.findElement(RemoteWebDriver.java:415)
	at com.orangehrm.actiondriver.ActionDriver.applyBorder(ActionDriver.java:233)
	at com.orangehrm.actiondriver.ActionDriver.click(ActionDriver.java:44)
	at com.orangehrm.pages.LoginPage.login(LoginPage.java:33)
	at com.orangehrm.test.LoginPageTest.invalidLoginTest(LoginPageTest.java:62)
	at java.base/jdk.internal.reflect.DirectMethodHandleAccessor.invoke(DirectMethodHandleAccessor.java:103)
	at java.base/java.lang.reflect.Method.invoke(Method.java:580)
	at org.testng.internal.invokers.MethodInvocationHelper.invokeMethod(MethodInvocationHelper.java:141)
	at org.testng.internal.invokers.TestInvoker.invokeMethod(TestInvoker.java:687)
	at org.testng.internal.invokers.TestInvoker.invokeTestMethod(TestInvoker.java:230)
	at org.testng.internal.invokers.MethodRunner.runInSequence(MethodRunner.java:63)
	at org.testng.internal.invokers.TestInvoker$MethodInvocationAgent.invoke(TestInvoker.java:995)
	at org.testng.internal.invokers.TestInvoker.invokeTestMethods(TestInvoker.java:203)
	at org.testng.internal.invokers.TestMethodWorker.invokeTestMethods(TestMethodWorker.java:154)
	at org.testng.internal.invokers.TestMethodWorker.run(TestMethodWorker.java:134)
	at java.base/java.util.ArrayList.forEach(ArrayList.java:1596)
	at org.testng.TestRunner.privateRun(TestRunner.java:741)
	at org.testng.TestRunner.run(TestRunner.java:616)
	at org.testng.SuiteRunner.runTest(SuiteRunner.java:421)
	at org.testng.SuiteRunner$SuiteWorker.run(SuiteRunner.java:463)
	at org.testng.internal.thread.ThreadUtil.lambda$execute$0(ThreadUtil.java:64)
	at java.base/java.util.concurrent.FutureTask.run(FutureTask.java:317)
	at java.base/java.util.concurrent.ThreadPoolExecutor.runWorker(ThreadPoolExecutor.java:1144)
	at java.base/java.util.concurrent.ThreadPoolExecutor$Worker.run(ThreadPoolExecutor.java:642)
	at java.base/java.lang.Thread.run(Thread.java:1583)
2026-06-12 09:12:41 [TestNG-tests-1] INFO  Baseclass - WebDriver instance is closed.
2026-06-12 09:12:45 [TestNG-tests-1] INFO  Baseclass - ChromeDriver Instance is created.
2026-06-12 09:12:45 [TestNG-tests-1] INFO  ActionDriver - WebDriver instance is created.
2026-06-12 09:12:45 [TestNG-tests-1] INFO  Baseclass - ActionDriver initialized for thread: 27
2026-06-12 09:12:49 [TestNG-tests-2] INFO  Baseclass - WebDriver Initialized and Browser Maximized
2026-06-12 09:12:49 [TestNG-tests-2] INFO  ActionDriver - Applied the border with color green to element: Element with name: username
2026-06-12 09:12:49 [TestNG-tests-2] INFO  ActionDriver - Entered text on Element with name: username-->admin
2026-06-12 09:12:49 [TestNG-tests-2] INFO  ActionDriver - Applied the border with color green to element: Element with name: password
2026-06-12 09:12:50 [TestNG-tests-2] INFO  ActionDriver - Entered text on Element with name: password-->admin123
2026-06-12 09:12:50 [TestNG-tests-2] WARN  ActionDriver - Failed to apply the border to an element: Unable to describe element due to error: invalid selector: Unable to locate an element with the xpath expression //button[normalize-spacet()=' Login '] because of the following error:
SyntaxError: Failed to execute 'evaluate' on 'Document': The string '//button[normalize-spacet()=' Login ']' is not a valid XPath expression.
  (Session info: MicrosoftEdge=149.0.4022.62)
For documentation on this error, please visit: https://www.selenium.dev/documentation/webdriver/troubleshooting/errors#invalidselectorexception
Build info: version: '4.44.0', revision: 'da2039b'
System info: os.name: 'Windows 11', os.arch: 'amd64', os.version: '10.0', java.version: '21.0.10'
Driver info: org.openqa.selenium.edge.EdgeDriver
Command: [44244f51b9e0edeaa6c573c60c71708b, findElement {using=xpath, value=//button[normalize-spacet()=' Login ']}]
Capabilities {acceptInsecureCerts: false, browserName: MicrosoftEdge, browserVersion: 149.0.4022.62, fedcm:accounts: true, goog:processID: 18584, ms:edgeOptions: {debuggerAddress: localhost:51042}, msedge: {msedgedriverVersion: 149.0.4022.62 (068a180137b0..., userDataDir: C:\Users\DEVIKA~1\AppData\L...}, networkConnectionEnabled: false, pageLoadStrategy: normal, platformName: windows, proxy: Proxy(), se:cdp: ws://localhost:51042/devtoo..., se:cdpVersion: 149.0.4022.62, setWindowRect: true, strictFileInteractability: false, timeouts: {implicit: 0, pageLoad: 300000, script: 30000}, unhandledPromptBehavior: dismiss and notify, webauthn:extension:credBlob: true, webauthn:extension:largeBlob: true, webauthn:extension:minPinLength: true, webauthn:extension:prf: true, webauthn:virtualAuthenticators: true}
Session ID: 44244f51b9e0edeaa6c573c60c71708b
org.openqa.selenium.InvalidSelectorException: invalid selector: Unable to locate an element with the xpath expression //button[normalize-spacet()=' Login '] because of the following error:
SyntaxError: Failed to execute 'evaluate' on 'Document': The string '//button[normalize-spacet()=' Login ']' is not a valid XPath expression.
  (Session info: MicrosoftEdge=149.0.4022.62)
For documentation on this error, please visit: https://www.selenium.dev/documentation/webdriver/troubleshooting/errors#invalidselectorexception
Build info: version: '4.44.0', revision: 'da2039b'
System info: os.name: 'Windows 11', os.arch: 'amd64', os.version: '10.0', java.version: '21.0.10'
Driver info: org.openqa.selenium.edge.EdgeDriver
Command: [44244f51b9e0edeaa6c573c60c71708b, findElement {using=xpath, value=//button[normalize-spacet()=' Login ']}]
Capabilities {acceptInsecureCerts: false, browserName: MicrosoftEdge, browserVersion: 149.0.4022.62, fedcm:accounts: true, goog:processID: 18584, ms:edgeOptions: {debuggerAddress: localhost:51042}, msedge: {msedgedriverVersion: 149.0.4022.62 (068a180137b0..., userDataDir: C:\Users\DEVIKA~1\AppData\L...}, networkConnectionEnabled: false, pageLoadStrategy: normal, platformName: windows, proxy: Proxy(), se:cdp: ws://localhost:51042/devtoo..., se:cdpVersion: 149.0.4022.62, setWindowRect: true, strictFileInteractability: false, timeouts: {implicit: 0, pageLoad: 300000, script: 30000}, unhandledPromptBehavior: dismiss and notify, webauthn:extension:credBlob: true, webauthn:extension:largeBlob: true, webauthn:extension:minPinLength: true, webauthn:extension:prf: true, webauthn:virtualAuthenticators: true}
Session ID: 44244f51b9e0edeaa6c573c60c71708b
	at org.openqa.selenium.remote.ErrorCodec.decode(ErrorCodec.java:169)
	at org.openqa.selenium.remote.codec.w3c.W3CHttpResponseCodec.decode(W3CHttpResponseCodec.java:143)
	at org.openqa.selenium.remote.codec.w3c.W3CHttpResponseCodec.decode(W3CHttpResponseCodec.java:50)
	at org.openqa.selenium.remote.HttpCommandExecutor.execute(HttpCommandExecutor.java:224)
	at org.openqa.selenium.remote.service.DriverCommandExecutor.invokeExecute(DriverCommandExecutor.java:217)
	at org.openqa.selenium.remote.service.DriverCommandExecutor.execute(DriverCommandExecutor.java:175)
	at org.openqa.selenium.remote.RemoteWebDriver.execute(RemoteWebDriver.java:600)
	at org.openqa.selenium.remote.ElementLocation$ElementFinder$2.findElement(ElementLocation.java:173)
	at org.openqa.selenium.remote.ElementLocation.findElement(ElementLocation.java:60)
	at org.openqa.selenium.remote.RemoteWebDriver.findElement(RemoteWebDriver.java:421)
	at org.openqa.selenium.remote.RemoteWebDriver.findElement(RemoteWebDriver.java:415)
	at com.orangehrm.actiondriver.ActionDriver.applyBorder(ActionDriver.java:233)
	at com.orangehrm.actiondriver.ActionDriver.click(ActionDriver.java:38)
	at com.orangehrm.pages.LoginPage.login(LoginPage.java:33)
	at com.orangehrm.test.LoginPageTest.verifyValidLoginTest(LoginPageTest.java:36)
	at java.base/jdk.internal.reflect.DirectMethodHandleAccessor.invoke(DirectMethodHandleAccessor.java:103)
	at java.base/java.lang.reflect.Method.invoke(Method.java:580)
	at org.testng.internal.invokers.MethodInvocationHelper.invokeMethod(MethodInvocationHelper.java:141)
	at org.testng.internal.invokers.TestInvoker.invokeMethod(TestInvoker.java:687)
	at org.testng.internal.invokers.TestInvoker.invokeTestMethod(TestInvoker.java:230)
	at org.testng.internal.invokers.MethodRunner.runInSequence(MethodRunner.java:63)
	at org.testng.internal.invokers.TestInvoker$MethodInvocationAgent.invoke(TestInvoker.java:995)
	at org.testng.internal.invokers.TestInvoker.invokeTestMethods(TestInvoker.java:203)
	at org.testng.internal.invokers.TestMethodWorker.invokeTestMethods(TestMethodWorker.java:154)
	at org.testng.internal.invokers.TestMethodWorker.run(TestMethodWorker.java:134)
	at java.base/java.util.ArrayList.forEach(ArrayList.java:1596)
	at org.testng.TestRunner.privateRun(TestRunner.java:741)
	at org.testng.TestRunner.run(TestRunner.java:616)
	at org.testng.SuiteRunner.runTest(SuiteRunner.java:421)
	at org.testng.SuiteRunner$SuiteWorker.run(SuiteRunner.java:463)
	at org.testng.internal.thread.ThreadUtil.lambda$execute$0(ThreadUtil.java:64)
	at java.base/java.util.concurrent.FutureTask.run(FutureTask.java:317)
	at java.base/java.util.concurrent.ThreadPoolExecutor.runWorker(ThreadPoolExecutor.java:1144)
	at java.base/java.util.concurrent.ThreadPoolExecutor$Worker.run(ThreadPoolExecutor.java:642)
	at java.base/java.lang.Thread.run(Thread.java:1583)
2026-06-12 09:12:50 [TestNG-tests-2] WARN  ActionDriver - Failed to apply the border to an element: Unable to describe element due to error: invalid selector: Unable to locate an element with the xpath expression //button[normalize-spacet()=' Login '] because of the following error:
SyntaxError: Failed to execute 'evaluate' on 'Document': The string '//button[normalize-spacet()=' Login ']' is not a valid XPath expression.
  (Session info: MicrosoftEdge=149.0.4022.62)
For documentation on this error, please visit: https://www.selenium.dev/documentation/webdriver/troubleshooting/errors#invalidselectorexception
Build info: version: '4.44.0', revision: 'da2039b'
System info: os.name: 'Windows 11', os.arch: 'amd64', os.version: '10.0', java.version: '21.0.10'
Driver info: org.openqa.selenium.edge.EdgeDriver
Command: [44244f51b9e0edeaa6c573c60c71708b, findElement {using=xpath, value=//button[normalize-spacet()=' Login ']}]
Capabilities {acceptInsecureCerts: false, browserName: MicrosoftEdge, browserVersion: 149.0.4022.62, fedcm:accounts: true, goog:processID: 18584, ms:edgeOptions: {debuggerAddress: localhost:51042}, msedge: {msedgedriverVersion: 149.0.4022.62 (068a180137b0..., userDataDir: C:\Users\DEVIKA~1\AppData\L...}, networkConnectionEnabled: false, pageLoadStrategy: normal, platformName: windows, proxy: Proxy(), se:cdp: ws://localhost:51042/devtoo..., se:cdpVersion: 149.0.4022.62, setWindowRect: true, strictFileInteractability: false, timeouts: {implicit: 0, pageLoad: 300000, script: 30000}, unhandledPromptBehavior: dismiss and notify, webauthn:extension:credBlob: true, webauthn:extension:largeBlob: true, webauthn:extension:minPinLength: true, webauthn:extension:prf: true, webauthn:virtualAuthenticators: true}
Session ID: 44244f51b9e0edeaa6c573c60c71708b
org.openqa.selenium.InvalidSelectorException: invalid selector: Unable to locate an element with the xpath expression //button[normalize-spacet()=' Login '] because of the following error:
SyntaxError: Failed to execute 'evaluate' on 'Document': The string '//button[normalize-spacet()=' Login ']' is not a valid XPath expression.
  (Session info: MicrosoftEdge=149.0.4022.62)
For documentation on this error, please visit: https://www.selenium.dev/documentation/webdriver/troubleshooting/errors#invalidselectorexception
Build info: version: '4.44.0', revision: 'da2039b'
System info: os.name: 'Windows 11', os.arch: 'amd64', os.version: '10.0', java.version: '21.0.10'
Driver info: org.openqa.selenium.edge.EdgeDriver
Command: [44244f51b9e0edeaa6c573c60c71708b, findElement {using=xpath, value=//button[normalize-spacet()=' Login ']}]
Capabilities {acceptInsecureCerts: false, browserName: MicrosoftEdge, browserVersion: 149.0.4022.62, fedcm:accounts: true, goog:processID: 18584, ms:edgeOptions: {debuggerAddress: localhost:51042}, msedge: {msedgedriverVersion: 149.0.4022.62 (068a180137b0..., userDataDir: C:\Users\DEVIKA~1\AppData\L...}, networkConnectionEnabled: false, pageLoadStrategy: normal, platformName: windows, proxy: Proxy(), se:cdp: ws://localhost:51042/devtoo..., se:cdpVersion: 149.0.4022.62, setWindowRect: true, strictFileInteractability: false, timeouts: {implicit: 0, pageLoad: 300000, script: 30000}, unhandledPromptBehavior: dismiss and notify, webauthn:extension:credBlob: true, webauthn:extension:largeBlob: true, webauthn:extension:minPinLength: true, webauthn:extension:prf: true, webauthn:virtualAuthenticators: true}
Session ID: 44244f51b9e0edeaa6c573c60c71708b
	at org.openqa.selenium.remote.ErrorCodec.decode(ErrorCodec.java:169)
	at org.openqa.selenium.remote.codec.w3c.W3CHttpResponseCodec.decode(W3CHttpResponseCodec.java:143)
	at org.openqa.selenium.remote.codec.w3c.W3CHttpResponseCodec.decode(W3CHttpResponseCodec.java:50)
	at org.openqa.selenium.remote.HttpCommandExecutor.execute(HttpCommandExecutor.java:224)
	at org.openqa.selenium.remote.service.DriverCommandExecutor.invokeExecute(DriverCommandExecutor.java:217)
	at org.openqa.selenium.remote.service.DriverCommandExecutor.execute(DriverCommandExecutor.java:175)
	at org.openqa.selenium.remote.RemoteWebDriver.execute(RemoteWebDriver.java:600)
	at org.openqa.selenium.remote.ElementLocation$ElementFinder$2.findElement(ElementLocation.java:173)
	at org.openqa.selenium.remote.ElementLocation.findElement(ElementLocation.java:60)
	at org.openqa.selenium.remote.RemoteWebDriver.findElement(RemoteWebDriver.java:421)
	at org.openqa.selenium.remote.RemoteWebDriver.findElement(RemoteWebDriver.java:415)
	at com.orangehrm.actiondriver.ActionDriver.applyBorder(ActionDriver.java:233)
	at com.orangehrm.actiondriver.ActionDriver.click(ActionDriver.java:44)
	at com.orangehrm.pages.LoginPage.login(LoginPage.java:33)
	at com.orangehrm.test.LoginPageTest.verifyValidLoginTest(LoginPageTest.java:36)
	at java.base/jdk.internal.reflect.DirectMethodHandleAccessor.invoke(DirectMethodHandleAccessor.java:103)
	at java.base/java.lang.reflect.Method.invoke(Method.java:580)
	at org.testng.internal.invokers.MethodInvocationHelper.invokeMethod(MethodInvocationHelper.java:141)
	at org.testng.internal.invokers.TestInvoker.invokeMethod(TestInvoker.java:687)
	at org.testng.internal.invokers.TestInvoker.invokeTestMethod(TestInvoker.java:230)
	at org.testng.internal.invokers.MethodRunner.runInSequence(MethodRunner.java:63)
	at org.testng.internal.invokers.TestInvoker$MethodInvocationAgent.invoke(TestInvoker.java:995)
	at org.testng.internal.invokers.TestInvoker.invokeTestMethods(TestInvoker.java:203)
	at org.testng.internal.invokers.TestMethodWorker.invokeTestMethods(TestMethodWorker.java:154)
	at org.testng.internal.invokers.TestMethodWorker.run(TestMethodWorker.java:134)
	at java.base/java.util.ArrayList.forEach(ArrayList.java:1596)
	at org.testng.TestRunner.privateRun(TestRunner.java:741)
	at org.testng.TestRunner.run(TestRunner.java:616)
	at org.testng.SuiteRunner.runTest(SuiteRunner.java:421)
	at org.testng.SuiteRunner$SuiteWorker.run(SuiteRunner.java:463)
	at org.testng.internal.thread.ThreadUtil.lambda$execute$0(ThreadUtil.java:64)
	at java.base/java.util.concurrent.FutureTask.run(FutureTask.java:317)
	at java.base/java.util.concurrent.ThreadPoolExecutor.runWorker(ThreadPoolExecutor.java:1144)
	at java.base/java.util.concurrent.ThreadPoolExecutor$Worker.run(ThreadPoolExecutor.java:642)
	at java.base/java.lang.Thread.run(Thread.java:1583)
2026-06-12 09:12:51 [TestNG-tests-2] INFO  Baseclass - WebDriver instance is closed.
2026-06-12 09:12:51 [TestNG-tests-1] INFO  Baseclass - WebDriver Initialized and Browser Maximized
2026-06-12 09:12:51 [TestNG-tests-1] INFO  ActionDriver - Applied the border with color green to element: Element with name: username
2026-06-12 09:12:51 [TestNG-tests-1] INFO  ActionDriver - Entered text on Element with name: username-->admin
2026-06-12 09:12:52 [TestNG-tests-1] INFO  ActionDriver - Applied the border with color green to element: Element with name: password
2026-06-12 09:12:52 [TestNG-tests-1] INFO  ActionDriver - Entered text on Element with name: password-->admin123
2026-06-12 09:12:52 [TestNG-tests-1] WARN  ActionDriver - Failed to apply the border to an element: Unable to describe element due to error: invalid selector: Unable to locate an element with the xpath expression //button[normalize-spacet()=' Login '] because of the following error:
SyntaxError: Failed to execute 'evaluate' on 'Document': The string '//button[normalize-spacet()=' Login ']' is not a valid XPath expression.
  (Session info: chrome=149.0.7827.103)
For documentation on this error, please visit: https://www.selenium.dev/documentation/webdriver/troubleshooting/errors#invalidselectorexception
Build info: version: '4.44.0', revision: 'da2039b'
System info: os.name: 'Windows 11', os.arch: 'amd64', os.version: '10.0', java.version: '21.0.10'
Driver info: org.openqa.selenium.chrome.ChromeDriver
Command: [7dcbc258df28ec0d27e1c6462c61b321, findElement {using=xpath, value=//button[normalize-spacet()=' Login ']}]
Capabilities {acceptInsecureCerts: false, browserName: chrome, browserVersion: 149.0.7827.103, chrome: {chromedriverVersion: 149.0.7827.115 (daf70f9ddee..., userDataDir: C:\Users\DEVIKA~1\AppData\L...}, fedcm:accounts: true, goog:chromeOptions: {debuggerAddress: localhost:55328}, goog:processID: 13220, networkConnectionEnabled: false, pageLoadStrategy: normal, platformName: windows, proxy: Proxy(), se:cdp: ws://localhost:55328/devtoo..., se:cdpVersion: 149.0.7827.103, setWindowRect: true, strictFileInteractability: false, timeouts: {implicit: 0, pageLoad: 300000, script: 30000}, unhandledPromptBehavior: dismiss and notify, webauthn:extension:credBlob: true, webauthn:extension:largeBlob: true, webauthn:extension:minPinLength: true, webauthn:extension:prf: true, webauthn:virtualAuthenticators: true}
Session ID: 7dcbc258df28ec0d27e1c6462c61b321
org.openqa.selenium.InvalidSelectorException: invalid selector: Unable to locate an element with the xpath expression //button[normalize-spacet()=' Login '] because of the following error:
SyntaxError: Failed to execute 'evaluate' on 'Document': The string '//button[normalize-spacet()=' Login ']' is not a valid XPath expression.
  (Session info: chrome=149.0.7827.103)
For documentation on this error, please visit: https://www.selenium.dev/documentation/webdriver/troubleshooting/errors#invalidselectorexception
Build info: version: '4.44.0', revision: 'da2039b'
System info: os.name: 'Windows 11', os.arch: 'amd64', os.version: '10.0', java.version: '21.0.10'
Driver info: org.openqa.selenium.chrome.ChromeDriver
Command: [7dcbc258df28ec0d27e1c6462c61b321, findElement {using=xpath, value=//button[normalize-spacet()=' Login ']}]
Capabilities {acceptInsecureCerts: false, browserName: chrome, browserVersion: 149.0.7827.103, chrome: {chromedriverVersion: 149.0.7827.115 (daf70f9ddee..., userDataDir: C:\Users\DEVIKA~1\AppData\L...}, fedcm:accounts: true, goog:chromeOptions: {debuggerAddress: localhost:55328}, goog:processID: 13220, networkConnectionEnabled: false, pageLoadStrategy: normal, platformName: windows, proxy: Proxy(), se:cdp: ws://localhost:55328/devtoo..., se:cdpVersion: 149.0.7827.103, setWindowRect: true, strictFileInteractability: false, timeouts: {implicit: 0, pageLoad: 300000, script: 30000}, unhandledPromptBehavior: dismiss and notify, webauthn:extension:credBlob: true, webauthn:extension:largeBlob: true, webauthn:extension:minPinLength: true, webauthn:extension:prf: true, webauthn:virtualAuthenticators: true}
Session ID: 7dcbc258df28ec0d27e1c6462c61b321
	at org.openqa.selenium.remote.ErrorCodec.decode(ErrorCodec.java:169)
	at org.openqa.selenium.remote.codec.w3c.W3CHttpResponseCodec.decode(W3CHttpResponseCodec.java:143)
	at org.openqa.selenium.remote.codec.w3c.W3CHttpResponseCodec.decode(W3CHttpResponseCodec.java:50)
	at org.openqa.selenium.remote.HttpCommandExecutor.execute(HttpCommandExecutor.java:224)
	at org.openqa.selenium.remote.service.DriverCommandExecutor.invokeExecute(DriverCommandExecutor.java:217)
	at org.openqa.selenium.remote.service.DriverCommandExecutor.execute(DriverCommandExecutor.java:175)
	at org.openqa.selenium.remote.RemoteWebDriver.execute(RemoteWebDriver.java:600)
	at org.openqa.selenium.remote.ElementLocation$ElementFinder$2.findElement(ElementLocation.java:173)
	at org.openqa.selenium.remote.ElementLocation.findElement(ElementLocation.java:60)
	at org.openqa.selenium.remote.RemoteWebDriver.findElement(RemoteWebDriver.java:421)
	at org.openqa.selenium.remote.RemoteWebDriver.findElement(RemoteWebDriver.java:415)
	at com.orangehrm.actiondriver.ActionDriver.applyBorder(ActionDriver.java:233)
	at com.orangehrm.actiondriver.ActionDriver.click(ActionDriver.java:38)
	at com.orangehrm.pages.LoginPage.login(LoginPage.java:33)
	at com.orangehrm.test.LoginPageTest.verifyValidLoginTest(LoginPageTest.java:36)
	at java.base/jdk.internal.reflect.DirectMethodHandleAccessor.invoke(DirectMethodHandleAccessor.java:103)
	at java.base/java.lang.reflect.Method.invoke(Method.java:580)
	at org.testng.internal.invokers.MethodInvocationHelper.invokeMethod(MethodInvocationHelper.java:141)
	at org.testng.internal.invokers.TestInvoker.invokeMethod(TestInvoker.java:687)
	at org.testng.internal.invokers.TestInvoker.invokeTestMethod(TestInvoker.java:230)
	at org.testng.internal.invokers.MethodRunner.runInSequence(MethodRunner.java:63)
	at org.testng.internal.invokers.TestInvoker$MethodInvocationAgent.invoke(TestInvoker.java:995)
	at org.testng.internal.invokers.TestInvoker.invokeTestMethods(TestInvoker.java:203)
	at org.testng.internal.invokers.TestMethodWorker.invokeTestMethods(TestMethodWorker.java:154)
	at org.testng.internal.invokers.TestMethodWorker.run(TestMethodWorker.java:134)
	at java.base/java.util.ArrayList.forEach(ArrayList.java:1596)
	at org.testng.TestRunner.privateRun(TestRunner.java:741)
	at org.testng.TestRunner.run(TestRunner.java:616)
	at org.testng.SuiteRunner.runTest(SuiteRunner.java:421)
	at org.testng.SuiteRunner$SuiteWorker.run(SuiteRunner.java:463)
	at org.testng.internal.thread.ThreadUtil.lambda$execute$0(ThreadUtil.java:64)
	at java.base/java.util.concurrent.FutureTask.run(FutureTask.java:317)
	at java.base/java.util.concurrent.ThreadPoolExecutor.runWorker(ThreadPoolExecutor.java:1144)
	at java.base/java.util.concurrent.ThreadPoolExecutor$Worker.run(ThreadPoolExecutor.java:642)
	at java.base/java.lang.Thread.run(Thread.java:1583)
2026-06-12 09:12:52 [TestNG-tests-1] WARN  ActionDriver - Failed to apply the border to an element: Unable to describe element due to error: invalid selector: Unable to locate an element with the xpath expression //button[normalize-spacet()=' Login '] because of the following error:
SyntaxError: Failed to execute 'evaluate' on 'Document': The string '//button[normalize-spacet()=' Login ']' is not a valid XPath expression.
  (Session info: chrome=149.0.7827.103)
For documentation on this error, please visit: https://www.selenium.dev/documentation/webdriver/troubleshooting/errors#invalidselectorexception
Build info: version: '4.44.0', revision: 'da2039b'
System info: os.name: 'Windows 11', os.arch: 'amd64', os.version: '10.0', java.version: '21.0.10'
Driver info: org.openqa.selenium.chrome.ChromeDriver
Command: [7dcbc258df28ec0d27e1c6462c61b321, findElement {using=xpath, value=//button[normalize-spacet()=' Login ']}]
Capabilities {acceptInsecureCerts: false, browserName: chrome, browserVersion: 149.0.7827.103, chrome: {chromedriverVersion: 149.0.7827.115 (daf70f9ddee..., userDataDir: C:\Users\DEVIKA~1\AppData\L...}, fedcm:accounts: true, goog:chromeOptions: {debuggerAddress: localhost:55328}, goog:processID: 13220, networkConnectionEnabled: false, pageLoadStrategy: normal, platformName: windows, proxy: Proxy(), se:cdp: ws://localhost:55328/devtoo..., se:cdpVersion: 149.0.7827.103, setWindowRect: true, strictFileInteractability: false, timeouts: {implicit: 0, pageLoad: 300000, script: 30000}, unhandledPromptBehavior: dismiss and notify, webauthn:extension:credBlob: true, webauthn:extension:largeBlob: true, webauthn:extension:minPinLength: true, webauthn:extension:prf: true, webauthn:virtualAuthenticators: true}
Session ID: 7dcbc258df28ec0d27e1c6462c61b321
org.openqa.selenium.InvalidSelectorException: invalid selector: Unable to locate an element with the xpath expression //button[normalize-spacet()=' Login '] because of the following error:
SyntaxError: Failed to execute 'evaluate' on 'Document': The string '//button[normalize-spacet()=' Login ']' is not a valid XPath expression.
  (Session info: chrome=149.0.7827.103)
For documentation on this error, please visit: https://www.selenium.dev/documentation/webdriver/troubleshooting/errors#invalidselectorexception
Build info: version: '4.44.0', revision: 'da2039b'
System info: os.name: 'Windows 11', os.arch: 'amd64', os.version: '10.0', java.version: '21.0.10'
Driver info: org.openqa.selenium.chrome.ChromeDriver
Command: [7dcbc258df28ec0d27e1c6462c61b321, findElement {using=xpath, value=//button[normalize-spacet()=' Login ']}]
Capabilities {acceptInsecureCerts: false, browserName: chrome, browserVersion: 149.0.7827.103, chrome: {chromedriverVersion: 149.0.7827.115 (daf70f9ddee..., userDataDir: C:\Users\DEVIKA~1\AppData\L...}, fedcm:accounts: true, goog:chromeOptions: {debuggerAddress: localhost:55328}, goog:processID: 13220, networkConnectionEnabled: false, pageLoadStrategy: normal, platformName: windows, proxy: Proxy(), se:cdp: ws://localhost:55328/devtoo..., se:cdpVersion: 149.0.7827.103, setWindowRect: true, strictFileInteractability: false, timeouts: {implicit: 0, pageLoad: 300000, script: 30000}, unhandledPromptBehavior: dismiss and notify, webauthn:extension:credBlob: true, webauthn:extension:largeBlob: true, webauthn:extension:minPinLength: true, webauthn:extension:prf: true, webauthn:virtualAuthenticators: true}
Session ID: 7dcbc258df28ec0d27e1c6462c61b321
	at org.openqa.selenium.remote.ErrorCodec.decode(ErrorCodec.java:169)
	at org.openqa.selenium.remote.codec.w3c.W3CHttpResponseCodec.decode(W3CHttpResponseCodec.java:143)
	at org.openqa.selenium.remote.codec.w3c.W3CHttpResponseCodec.decode(W3CHttpResponseCodec.java:50)
	at org.openqa.selenium.remote.HttpCommandExecutor.execute(HttpCommandExecutor.java:224)
	at org.openqa.selenium.remote.service.DriverCommandExecutor.invokeExecute(DriverCommandExecutor.java:217)
	at org.openqa.selenium.remote.service.DriverCommandExecutor.execute(DriverCommandExecutor.java:175)
	at org.openqa.selenium.remote.RemoteWebDriver.execute(RemoteWebDriver.java:600)
	at org.openqa.selenium.remote.ElementLocation$ElementFinder$2.findElement(ElementLocation.java:173)
	at org.openqa.selenium.remote.ElementLocation.findElement(ElementLocation.java:60)
	at org.openqa.selenium.remote.RemoteWebDriver.findElement(RemoteWebDriver.java:421)
	at org.openqa.selenium.remote.RemoteWebDriver.findElement(RemoteWebDriver.java:415)
	at com.orangehrm.actiondriver.ActionDriver.applyBorder(ActionDriver.java:233)
	at com.orangehrm.actiondriver.ActionDriver.click(ActionDriver.java:44)
	at com.orangehrm.pages.LoginPage.login(LoginPage.java:33)
	at com.orangehrm.test.LoginPageTest.verifyValidLoginTest(LoginPageTest.java:36)
	at java.base/jdk.internal.reflect.DirectMethodHandleAccessor.invoke(DirectMethodHandleAccessor.java:103)
	at java.base/java.lang.reflect.Method.invoke(Method.java:580)
	at org.testng.internal.invokers.MethodInvocationHelper.invokeMethod(MethodInvocationHelper.java:141)
	at org.testng.internal.invokers.TestInvoker.invokeMethod(TestInvoker.java:687)
	at org.testng.internal.invokers.TestInvoker.invokeTestMethod(TestInvoker.java:230)
	at org.testng.internal.invokers.MethodRunner.runInSequence(MethodRunner.java:63)
	at org.testng.internal.invokers.TestInvoker$MethodInvocationAgent.invoke(TestInvoker.java:995)
	at org.testng.internal.invokers.TestInvoker.invokeTestMethods(TestInvoker.java:203)
	at org.testng.internal.invokers.TestMethodWorker.invokeTestMethods(TestMethodWorker.java:154)
	at org.testng.internal.invokers.TestMethodWorker.run(TestMethodWorker.java:134)
	at java.base/java.util.ArrayList.forEach(ArrayList.java:1596)
	at org.testng.TestRunner.privateRun(TestRunner.java:741)
	at org.testng.TestRunner.run(TestRunner.java:616)
	at org.testng.SuiteRunner.runTest(SuiteRunner.java:421)
	at org.testng.SuiteRunner$SuiteWorker.run(SuiteRunner.java:463)
	at org.testng.internal.thread.ThreadUtil.lambda$execute$0(ThreadUtil.java:64)
	at java.base/java.util.concurrent.FutureTask.run(FutureTask.java:317)
	at java.base/java.util.concurrent.ThreadPoolExecutor.runWorker(ThreadPoolExecutor.java:1144)
	at java.base/java.util.concurrent.ThreadPoolExecutor$Worker.run(ThreadPoolExecutor.java:642)
	at java.base/java.lang.Thread.run(Thread.java:1583)
2026-06-12 09:12:52 [TestNG-tests-1] INFO  Baseclass - WebDriver instance is closed.
2026-06-12 09:13:29 [main] INFO  Baseclass - config.properties file loaded
2026-06-12 09:13:32 [TestNG-tests-1] INFO  Baseclass - ChromeDriver Instance is created.
2026-06-12 09:13:32 [TestNG-tests-2] INFO  Baseclass - EdgeDriver Instance is created.
2026-06-12 09:13:32 [TestNG-tests-1] INFO  ActionDriver - WebDriver instance is created.
2026-06-12 09:13:32 [TestNG-tests-2] INFO  ActionDriver - WebDriver instance is created.
2026-06-12 09:13:32 [TestNG-tests-1] INFO  Baseclass - ActionDriver initialized for thread: 28
2026-06-12 09:13:32 [TestNG-tests-2] INFO  Baseclass - ActionDriver initialized for thread: 29
2026-06-12 09:13:41 [TestNG-tests-2] INFO  Baseclass - WebDriver Initialized and Browser Maximized
2026-06-12 09:13:41 [TestNG-tests-2] INFO  ActionDriver - Applied the border with color green to element: Element with name: username
2026-06-12 09:13:41 [TestNG-tests-2] INFO  ActionDriver - Entered text on Element with name: username-->wronguser
2026-06-12 09:13:41 [TestNG-tests-2] INFO  ActionDriver - Applied the border with color green to element: Element with name: password
2026-06-12 09:13:42 [TestNG-tests-2] INFO  ActionDriver - Entered text on Element with name: password-->wrongpassword
2026-06-12 09:13:42 [TestNG-tests-2] WARN  ActionDriver - Failed to apply the border to an element: Unable to describe element due to error: invalid selector: Unable to locate an element with the xpath expression //button[normalize-spacet()=' Login '] because of the following error:
SyntaxError: Failed to execute 'evaluate' on 'Document': The string '//button[normalize-spacet()=' Login ']' is not a valid XPath expression.
  (Session info: MicrosoftEdge=149.0.4022.62)
For documentation on this error, please visit: https://www.selenium.dev/documentation/webdriver/troubleshooting/errors#invalidselectorexception
Build info: version: '4.44.0', revision: 'da2039b'
System info: os.name: 'Windows 11', os.arch: 'amd64', os.version: '10.0', java.version: '21.0.10'
Driver info: org.openqa.selenium.edge.EdgeDriver
Command: [ea42918996c5314923fa4712762ae624, findElement {value=//button[normalize-spacet()=' Login '], using=xpath}]
Capabilities {acceptInsecureCerts: false, browserName: MicrosoftEdge, browserVersion: 149.0.4022.62, fedcm:accounts: true, goog:processID: 4940, ms:edgeOptions: {debuggerAddress: localhost:52055}, msedge: {msedgedriverVersion: 149.0.4022.62 (068a180137b0..., userDataDir: C:\Users\DEVIKA~1\AppData\L...}, networkConnectionEnabled: false, pageLoadStrategy: normal, platformName: windows, proxy: Proxy(), se:cdp: ws://localhost:52055/devtoo..., se:cdpVersion: 149.0.4022.62, setWindowRect: true, strictFileInteractability: false, timeouts: {implicit: 0, pageLoad: 300000, script: 30000}, unhandledPromptBehavior: dismiss and notify, webauthn:extension:credBlob: true, webauthn:extension:largeBlob: true, webauthn:extension:minPinLength: true, webauthn:extension:prf: true, webauthn:virtualAuthenticators: true}
Session ID: ea42918996c5314923fa4712762ae624
org.openqa.selenium.InvalidSelectorException: invalid selector: Unable to locate an element with the xpath expression //button[normalize-spacet()=' Login '] because of the following error:
SyntaxError: Failed to execute 'evaluate' on 'Document': The string '//button[normalize-spacet()=' Login ']' is not a valid XPath expression.
  (Session info: MicrosoftEdge=149.0.4022.62)
For documentation on this error, please visit: https://www.selenium.dev/documentation/webdriver/troubleshooting/errors#invalidselectorexception
Build info: version: '4.44.0', revision: 'da2039b'
System info: os.name: 'Windows 11', os.arch: 'amd64', os.version: '10.0', java.version: '21.0.10'
Driver info: org.openqa.selenium.edge.EdgeDriver
Command: [ea42918996c5314923fa4712762ae624, findElement {value=//button[normalize-spacet()=' Login '], using=xpath}]
Capabilities {acceptInsecureCerts: false, browserName: MicrosoftEdge, browserVersion: 149.0.4022.62, fedcm:accounts: true, goog:processID: 4940, ms:edgeOptions: {debuggerAddress: localhost:52055}, msedge: {msedgedriverVersion: 149.0.4022.62 (068a180137b0..., userDataDir: C:\Users\DEVIKA~1\AppData\L...}, networkConnectionEnabled: false, pageLoadStrategy: normal, platformName: windows, proxy: Proxy(), se:cdp: ws://localhost:52055/devtoo..., se:cdpVersion: 149.0.4022.62, setWindowRect: true, strictFileInteractability: false, timeouts: {implicit: 0, pageLoad: 300000, script: 30000}, unhandledPromptBehavior: dismiss and notify, webauthn:extension:credBlob: true, webauthn:extension:largeBlob: true, webauthn:extension:minPinLength: true, webauthn:extension:prf: true, webauthn:virtualAuthenticators: true}
Session ID: ea42918996c5314923fa4712762ae624
	at org.openqa.selenium.remote.ErrorCodec.decode(ErrorCodec.java:169)
	at org.openqa.selenium.remote.codec.w3c.W3CHttpResponseCodec.decode(W3CHttpResponseCodec.java:143)
	at org.openqa.selenium.remote.codec.w3c.W3CHttpResponseCodec.decode(W3CHttpResponseCodec.java:50)
	at org.openqa.selenium.remote.HttpCommandExecutor.execute(HttpCommandExecutor.java:224)
	at org.openqa.selenium.remote.service.DriverCommandExecutor.invokeExecute(DriverCommandExecutor.java:217)
	at org.openqa.selenium.remote.service.DriverCommandExecutor.execute(DriverCommandExecutor.java:175)
	at org.openqa.selenium.remote.RemoteWebDriver.execute(RemoteWebDriver.java:600)
	at org.openqa.selenium.remote.ElementLocation$ElementFinder$2.findElement(ElementLocation.java:173)
	at org.openqa.selenium.remote.ElementLocation.findElement(ElementLocation.java:60)
	at org.openqa.selenium.remote.RemoteWebDriver.findElement(RemoteWebDriver.java:421)
	at org.openqa.selenium.remote.RemoteWebDriver.findElement(RemoteWebDriver.java:415)
	at com.orangehrm.actiondriver.ActionDriver.applyBorder(ActionDriver.java:233)
	at com.orangehrm.actiondriver.ActionDriver.click(ActionDriver.java:38)
	at com.orangehrm.pages.LoginPage.login(LoginPage.java:33)
	at com.orangehrm.test.LoginPageTest.invalidLoginTest(LoginPageTest.java:62)
	at java.base/jdk.internal.reflect.DirectMethodHandleAccessor.invoke(DirectMethodHandleAccessor.java:103)
	at java.base/java.lang.reflect.Method.invoke(Method.java:580)
	at org.testng.internal.invokers.MethodInvocationHelper.invokeMethod(MethodInvocationHelper.java:141)
	at org.testng.internal.invokers.TestInvoker.invokeMethod(TestInvoker.java:687)
	at org.testng.internal.invokers.TestInvoker.invokeTestMethod(TestInvoker.java:230)
	at org.testng.internal.invokers.MethodRunner.runInSequence(MethodRunner.java:63)
	at org.testng.internal.invokers.TestInvoker$MethodInvocationAgent.invoke(TestInvoker.java:995)
	at org.testng.internal.invokers.TestInvoker.invokeTestMethods(TestInvoker.java:203)
	at org.testng.internal.invokers.TestMethodWorker.invokeTestMethods(TestMethodWorker.java:154)
	at org.testng.internal.invokers.TestMethodWorker.run(TestMethodWorker.java:134)
	at java.base/java.util.ArrayList.forEach(ArrayList.java:1596)
	at org.testng.TestRunner.privateRun(TestRunner.java:741)
	at org.testng.TestRunner.run(TestRunner.java:616)
	at org.testng.SuiteRunner.runTest(SuiteRunner.java:421)
	at org.testng.SuiteRunner$SuiteWorker.run(SuiteRunner.java:463)
	at org.testng.internal.thread.ThreadUtil.lambda$execute$0(ThreadUtil.java:64)
	at java.base/java.util.concurrent.FutureTask.run(FutureTask.java:317)
	at java.base/java.util.concurrent.ThreadPoolExecutor.runWorker(ThreadPoolExecutor.java:1144)
	at java.base/java.util.concurrent.ThreadPoolExecutor$Worker.run(ThreadPoolExecutor.java:642)
	at java.base/java.lang.Thread.run(Thread.java:1583)
2026-06-12 09:13:42 [TestNG-tests-2] WARN  ActionDriver - Failed to apply the border to an element: Unable to describe element due to error: invalid selector: Unable to locate an element with the xpath expression //button[normalize-spacet()=' Login '] because of the following error:
SyntaxError: Failed to execute 'evaluate' on 'Document': The string '//button[normalize-spacet()=' Login ']' is not a valid XPath expression.
  (Session info: MicrosoftEdge=149.0.4022.62)
For documentation on this error, please visit: https://www.selenium.dev/documentation/webdriver/troubleshooting/errors#invalidselectorexception
Build info: version: '4.44.0', revision: 'da2039b'
System info: os.name: 'Windows 11', os.arch: 'amd64', os.version: '10.0', java.version: '21.0.10'
Driver info: org.openqa.selenium.edge.EdgeDriver
Command: [ea42918996c5314923fa4712762ae624, findElement {value=//button[normalize-spacet()=' Login '], using=xpath}]
Capabilities {acceptInsecureCerts: false, browserName: MicrosoftEdge, browserVersion: 149.0.4022.62, fedcm:accounts: true, goog:processID: 4940, ms:edgeOptions: {debuggerAddress: localhost:52055}, msedge: {msedgedriverVersion: 149.0.4022.62 (068a180137b0..., userDataDir: C:\Users\DEVIKA~1\AppData\L...}, networkConnectionEnabled: false, pageLoadStrategy: normal, platformName: windows, proxy: Proxy(), se:cdp: ws://localhost:52055/devtoo..., se:cdpVersion: 149.0.4022.62, setWindowRect: true, strictFileInteractability: false, timeouts: {implicit: 0, pageLoad: 300000, script: 30000}, unhandledPromptBehavior: dismiss and notify, webauthn:extension:credBlob: true, webauthn:extension:largeBlob: true, webauthn:extension:minPinLength: true, webauthn:extension:prf: true, webauthn:virtualAuthenticators: true}
Session ID: ea42918996c5314923fa4712762ae624
org.openqa.selenium.InvalidSelectorException: invalid selector: Unable to locate an element with the xpath expression //button[normalize-spacet()=' Login '] because of the following error:
SyntaxError: Failed to execute 'evaluate' on 'Document': The string '//button[normalize-spacet()=' Login ']' is not a valid XPath expression.
  (Session info: MicrosoftEdge=149.0.4022.62)
For documentation on this error, please visit: https://www.selenium.dev/documentation/webdriver/troubleshooting/errors#invalidselectorexception
Build info: version: '4.44.0', revision: 'da2039b'
System info: os.name: 'Windows 11', os.arch: 'amd64', os.version: '10.0', java.version: '21.0.10'
Driver info: org.openqa.selenium.edge.EdgeDriver
Command: [ea42918996c5314923fa4712762ae624, findElement {value=//button[normalize-spacet()=' Login '], using=xpath}]
Capabilities {acceptInsecureCerts: false, browserName: MicrosoftEdge, browserVersion: 149.0.4022.62, fedcm:accounts: true, goog:processID: 4940, ms:edgeOptions: {debuggerAddress: localhost:52055}, msedge: {msedgedriverVersion: 149.0.4022.62 (068a180137b0..., userDataDir: C:\Users\DEVIKA~1\AppData\L...}, networkConnectionEnabled: false, pageLoadStrategy: normal, platformName: windows, proxy: Proxy(), se:cdp: ws://localhost:52055/devtoo..., se:cdpVersion: 149.0.4022.62, setWindowRect: true, strictFileInteractability: false, timeouts: {implicit: 0, pageLoad: 300000, script: 30000}, unhandledPromptBehavior: dismiss and notify, webauthn:extension:credBlob: true, webauthn:extension:largeBlob: true, webauthn:extension:minPinLength: true, webauthn:extension:prf: true, webauthn:virtualAuthenticators: true}
Session ID: ea42918996c5314923fa4712762ae624
	at org.openqa.selenium.remote.ErrorCodec.decode(ErrorCodec.java:169)
	at org.openqa.selenium.remote.codec.w3c.W3CHttpResponseCodec.decode(W3CHttpResponseCodec.java:143)
	at org.openqa.selenium.remote.codec.w3c.W3CHttpResponseCodec.decode(W3CHttpResponseCodec.java:50)
	at org.openqa.selenium.remote.HttpCommandExecutor.execute(HttpCommandExecutor.java:224)
	at org.openqa.selenium.remote.service.DriverCommandExecutor.invokeExecute(DriverCommandExecutor.java:217)
	at org.openqa.selenium.remote.service.DriverCommandExecutor.execute(DriverCommandExecutor.java:175)
	at org.openqa.selenium.remote.RemoteWebDriver.execute(RemoteWebDriver.java:600)
	at org.openqa.selenium.remote.ElementLocation$ElementFinder$2.findElement(ElementLocation.java:173)
	at org.openqa.selenium.remote.ElementLocation.findElement(ElementLocation.java:60)
	at org.openqa.selenium.remote.RemoteWebDriver.findElement(RemoteWebDriver.java:421)
	at org.openqa.selenium.remote.RemoteWebDriver.findElement(RemoteWebDriver.java:415)
	at com.orangehrm.actiondriver.ActionDriver.applyBorder(ActionDriver.java:233)
	at com.orangehrm.actiondriver.ActionDriver.click(ActionDriver.java:44)
	at com.orangehrm.pages.LoginPage.login(LoginPage.java:33)
	at com.orangehrm.test.LoginPageTest.invalidLoginTest(LoginPageTest.java:62)
	at java.base/jdk.internal.reflect.DirectMethodHandleAccessor.invoke(DirectMethodHandleAccessor.java:103)
	at java.base/java.lang.reflect.Method.invoke(Method.java:580)
	at org.testng.internal.invokers.MethodInvocationHelper.invokeMethod(MethodInvocationHelper.java:141)
	at org.testng.internal.invokers.TestInvoker.invokeMethod(TestInvoker.java:687)
	at org.testng.internal.invokers.TestInvoker.invokeTestMethod(TestInvoker.java:230)
	at org.testng.internal.invokers.MethodRunner.runInSequence(MethodRunner.java:63)
	at org.testng.internal.invokers.TestInvoker$MethodInvocationAgent.invoke(TestInvoker.java:995)
	at org.testng.internal.invokers.TestInvoker.invokeTestMethods(TestInvoker.java:203)
	at org.testng.internal.invokers.TestMethodWorker.invokeTestMethods(TestMethodWorker.java:154)
	at org.testng.internal.invokers.TestMethodWorker.run(TestMethodWorker.java:134)
	at java.base/java.util.ArrayList.forEach(ArrayList.java:1596)
	at org.testng.TestRunner.privateRun(TestRunner.java:741)
	at org.testng.TestRunner.run(TestRunner.java:616)
	at org.testng.SuiteRunner.runTest(SuiteRunner.java:421)
	at org.testng.SuiteRunner$SuiteWorker.run(SuiteRunner.java:463)
	at org.testng.internal.thread.ThreadUtil.lambda$execute$0(ThreadUtil.java:64)
	at java.base/java.util.concurrent.FutureTask.run(FutureTask.java:317)
	at java.base/java.util.concurrent.ThreadPoolExecutor.runWorker(ThreadPoolExecutor.java:1144)
	at java.base/java.util.concurrent.ThreadPoolExecutor$Worker.run(ThreadPoolExecutor.java:642)
	at java.base/java.lang.Thread.run(Thread.java:1583)
2026-06-12 09:13:42 [TestNG-tests-2] INFO  Baseclass - WebDriver instance is closed.
2026-06-12 09:13:43 [TestNG-tests-1] INFO  Baseclass - WebDriver Initialized and Browser Maximized
2026-06-12 09:13:44 [TestNG-tests-1] INFO  ActionDriver - Applied the border with color green to element: Element with name: username
2026-06-12 09:13:44 [TestNG-tests-2] INFO  Baseclass - EdgeDriver Instance is created.
2026-06-12 09:13:44 [TestNG-tests-2] INFO  ActionDriver - WebDriver instance is created.
2026-06-12 09:13:44 [TestNG-tests-2] INFO  Baseclass - ActionDriver initialized for thread: 29
2026-06-12 09:13:44 [TestNG-tests-1] INFO  ActionDriver - Entered text on Element with name: username-->wronguser
2026-06-12 09:13:44 [TestNG-tests-1] INFO  ActionDriver - Applied the border with color green to element: Element with name: password
2026-06-12 09:13:44 [TestNG-tests-1] INFO  ActionDriver - Entered text on Element with name: password-->wrongpassword
2026-06-12 09:13:44 [TestNG-tests-1] WARN  ActionDriver - Failed to apply the border to an element: Unable to describe element due to error: invalid selector: Unable to locate an element with the xpath expression //button[normalize-spacet()=' Login '] because of the following error:
SyntaxError: Failed to execute 'evaluate' on 'Document': The string '//button[normalize-spacet()=' Login ']' is not a valid XPath expression.
  (Session info: chrome=149.0.7827.103)
For documentation on this error, please visit: https://www.selenium.dev/documentation/webdriver/troubleshooting/errors#invalidselectorexception
Build info: version: '4.44.0', revision: 'da2039b'
System info: os.name: 'Windows 11', os.arch: 'amd64', os.version: '10.0', java.version: '21.0.10'
Driver info: org.openqa.selenium.chrome.ChromeDriver
Command: [f77fa57a9cda7bc8e1918925026a7846, findElement {value=//button[normalize-spacet()=' Login '], using=xpath}]
Capabilities {acceptInsecureCerts: false, browserName: chrome, browserVersion: 149.0.7827.103, chrome: {chromedriverVersion: 149.0.7827.115 (daf70f9ddee..., userDataDir: C:\Users\DEVIKA~1\AppData\L...}, fedcm:accounts: true, goog:chromeOptions: {debuggerAddress: localhost:52056}, goog:processID: 24840, networkConnectionEnabled: false, pageLoadStrategy: normal, platformName: windows, proxy: Proxy(), se:cdp: ws://localhost:52056/devtoo..., se:cdpVersion: 149.0.7827.103, setWindowRect: true, strictFileInteractability: false, timeouts: {implicit: 0, pageLoad: 300000, script: 30000}, unhandledPromptBehavior: dismiss and notify, webauthn:extension:credBlob: true, webauthn:extension:largeBlob: true, webauthn:extension:minPinLength: true, webauthn:extension:prf: true, webauthn:virtualAuthenticators: true}
Session ID: f77fa57a9cda7bc8e1918925026a7846
org.openqa.selenium.InvalidSelectorException: invalid selector: Unable to locate an element with the xpath expression //button[normalize-spacet()=' Login '] because of the following error:
SyntaxError: Failed to execute 'evaluate' on 'Document': The string '//button[normalize-spacet()=' Login ']' is not a valid XPath expression.
  (Session info: chrome=149.0.7827.103)
For documentation on this error, please visit: https://www.selenium.dev/documentation/webdriver/troubleshooting/errors#invalidselectorexception
Build info: version: '4.44.0', revision: 'da2039b'
System info: os.name: 'Windows 11', os.arch: 'amd64', os.version: '10.0', java.version: '21.0.10'
Driver info: org.openqa.selenium.chrome.ChromeDriver
Command: [f77fa57a9cda7bc8e1918925026a7846, findElement {value=//button[normalize-spacet()=' Login '], using=xpath}]
Capabilities {acceptInsecureCerts: false, browserName: chrome, browserVersion: 149.0.7827.103, chrome: {chromedriverVersion: 149.0.7827.115 (daf70f9ddee..., userDataDir: C:\Users\DEVIKA~1\AppData\L...}, fedcm:accounts: true, goog:chromeOptions: {debuggerAddress: localhost:52056}, goog:processID: 24840, networkConnectionEnabled: false, pageLoadStrategy: normal, platformName: windows, proxy: Proxy(), se:cdp: ws://localhost:52056/devtoo..., se:cdpVersion: 149.0.7827.103, setWindowRect: true, strictFileInteractability: false, timeouts: {implicit: 0, pageLoad: 300000, script: 30000}, unhandledPromptBehavior: dismiss and notify, webauthn:extension:credBlob: true, webauthn:extension:largeBlob: true, webauthn:extension:minPinLength: true, webauthn:extension:prf: true, webauthn:virtualAuthenticators: true}
Session ID: f77fa57a9cda7bc8e1918925026a7846
	at org.openqa.selenium.remote.ErrorCodec.decode(ErrorCodec.java:169)
	at org.openqa.selenium.remote.codec.w3c.W3CHttpResponseCodec.decode(W3CHttpResponseCodec.java:143)
	at org.openqa.selenium.remote.codec.w3c.W3CHttpResponseCodec.decode(W3CHttpResponseCodec.java:50)
	at org.openqa.selenium.remote.HttpCommandExecutor.execute(HttpCommandExecutor.java:224)
	at org.openqa.selenium.remote.service.DriverCommandExecutor.invokeExecute(DriverCommandExecutor.java:217)
	at org.openqa.selenium.remote.service.DriverCommandExecutor.execute(DriverCommandExecutor.java:175)
	at org.openqa.selenium.remote.RemoteWebDriver.execute(RemoteWebDriver.java:600)
	at org.openqa.selenium.remote.ElementLocation$ElementFinder$2.findElement(ElementLocation.java:173)
	at org.openqa.selenium.remote.ElementLocation.findElement(ElementLocation.java:60)
	at org.openqa.selenium.remote.RemoteWebDriver.findElement(RemoteWebDriver.java:421)
	at org.openqa.selenium.remote.RemoteWebDriver.findElement(RemoteWebDriver.java:415)
	at com.orangehrm.actiondriver.ActionDriver.applyBorder(ActionDriver.java:233)
	at com.orangehrm.actiondriver.ActionDriver.click(ActionDriver.java:38)
	at com.orangehrm.pages.LoginPage.login(LoginPage.java:33)
	at com.orangehrm.test.LoginPageTest.invalidLoginTest(LoginPageTest.java:62)
	at java.base/jdk.internal.reflect.DirectMethodHandleAccessor.invoke(DirectMethodHandleAccessor.java:103)
	at java.base/java.lang.reflect.Method.invoke(Method.java:580)
	at org.testng.internal.invokers.MethodInvocationHelper.invokeMethod(MethodInvocationHelper.java:141)
	at org.testng.internal.invokers.TestInvoker.invokeMethod(TestInvoker.java:687)
	at org.testng.internal.invokers.TestInvoker.invokeTestMethod(TestInvoker.java:230)
	at org.testng.internal.invokers.MethodRunner.runInSequence(MethodRunner.java:63)
	at org.testng.internal.invokers.TestInvoker$MethodInvocationAgent.invoke(TestInvoker.java:995)
	at org.testng.internal.invokers.TestInvoker.invokeTestMethods(TestInvoker.java:203)
	at org.testng.internal.invokers.TestMethodWorker.invokeTestMethods(TestMethodWorker.java:154)
	at org.testng.internal.invokers.TestMethodWorker.run(TestMethodWorker.java:134)
	at java.base/java.util.ArrayList.forEach(ArrayList.java:1596)
	at org.testng.TestRunner.privateRun(TestRunner.java:741)
	at org.testng.TestRunner.run(TestRunner.java:616)
	at org.testng.SuiteRunner.runTest(SuiteRunner.java:421)
	at org.testng.SuiteRunner$SuiteWorker.run(SuiteRunner.java:463)
	at org.testng.internal.thread.ThreadUtil.lambda$execute$0(ThreadUtil.java:64)
	at java.base/java.util.concurrent.FutureTask.run(FutureTask.java:317)
	at java.base/java.util.concurrent.ThreadPoolExecutor.runWorker(ThreadPoolExecutor.java:1144)
	at java.base/java.util.concurrent.ThreadPoolExecutor$Worker.run(ThreadPoolExecutor.java:642)
	at java.base/java.lang.Thread.run(Thread.java:1583)
2026-06-12 09:13:44 [TestNG-tests-1] WARN  ActionDriver - Failed to apply the border to an element: Unable to describe element due to error: invalid selector: Unable to locate an element with the xpath expression //button[normalize-spacet()=' Login '] because of the following error:
SyntaxError: Failed to execute 'evaluate' on 'Document': The string '//button[normalize-spacet()=' Login ']' is not a valid XPath expression.
  (Session info: chrome=149.0.7827.103)
For documentation on this error, please visit: https://www.selenium.dev/documentation/webdriver/troubleshooting/errors#invalidselectorexception
Build info: version: '4.44.0', revision: 'da2039b'
System info: os.name: 'Windows 11', os.arch: 'amd64', os.version: '10.0', java.version: '21.0.10'
Driver info: org.openqa.selenium.chrome.ChromeDriver
Command: [f77fa57a9cda7bc8e1918925026a7846, findElement {value=//button[normalize-spacet()=' Login '], using=xpath}]
Capabilities {acceptInsecureCerts: false, browserName: chrome, browserVersion: 149.0.7827.103, chrome: {chromedriverVersion: 149.0.7827.115 (daf70f9ddee..., userDataDir: C:\Users\DEVIKA~1\AppData\L...}, fedcm:accounts: true, goog:chromeOptions: {debuggerAddress: localhost:52056}, goog:processID: 24840, networkConnectionEnabled: false, pageLoadStrategy: normal, platformName: windows, proxy: Proxy(), se:cdp: ws://localhost:52056/devtoo..., se:cdpVersion: 149.0.7827.103, setWindowRect: true, strictFileInteractability: false, timeouts: {implicit: 0, pageLoad: 300000, script: 30000}, unhandledPromptBehavior: dismiss and notify, webauthn:extension:credBlob: true, webauthn:extension:largeBlob: true, webauthn:extension:minPinLength: true, webauthn:extension:prf: true, webauthn:virtualAuthenticators: true}
Session ID: f77fa57a9cda7bc8e1918925026a7846
org.openqa.selenium.InvalidSelectorException: invalid selector: Unable to locate an element with the xpath expression //button[normalize-spacet()=' Login '] because of the following error:
SyntaxError: Failed to execute 'evaluate' on 'Document': The string '//button[normalize-spacet()=' Login ']' is not a valid XPath expression.
  (Session info: chrome=149.0.7827.103)
For documentation on this error, please visit: https://www.selenium.dev/documentation/webdriver/troubleshooting/errors#invalidselectorexception
Build info: version: '4.44.0', revision: 'da2039b'
System info: os.name: 'Windows 11', os.arch: 'amd64', os.version: '10.0', java.version: '21.0.10'
Driver info: org.openqa.selenium.chrome.ChromeDriver
Command: [f77fa57a9cda7bc8e1918925026a7846, findElement {value=//button[normalize-spacet()=' Login '], using=xpath}]
Capabilities {acceptInsecureCerts: false, browserName: chrome, browserVersion: 149.0.7827.103, chrome: {chromedriverVersion: 149.0.7827.115 (daf70f9ddee..., userDataDir: C:\Users\DEVIKA~1\AppData\L...}, fedcm:accounts: true, goog:chromeOptions: {debuggerAddress: localhost:52056}, goog:processID: 24840, networkConnectionEnabled: false, pageLoadStrategy: normal, platformName: windows, proxy: Proxy(), se:cdp: ws://localhost:52056/devtoo..., se:cdpVersion: 149.0.7827.103, setWindowRect: true, strictFileInteractability: false, timeouts: {implicit: 0, pageLoad: 300000, script: 30000}, unhandledPromptBehavior: dismiss and notify, webauthn:extension:credBlob: true, webauthn:extension:largeBlob: true, webauthn:extension:minPinLength: true, webauthn:extension:prf: true, webauthn:virtualAuthenticators: true}
Session ID: f77fa57a9cda7bc8e1918925026a7846
	at org.openqa.selenium.remote.ErrorCodec.decode(ErrorCodec.java:169)
	at org.openqa.selenium.remote.codec.w3c.W3CHttpResponseCodec.decode(W3CHttpResponseCodec.java:143)
	at org.openqa.selenium.remote.codec.w3c.W3CHttpResponseCodec.decode(W3CHttpResponseCodec.java:50)
	at org.openqa.selenium.remote.HttpCommandExecutor.execute(HttpCommandExecutor.java:224)
	at org.openqa.selenium.remote.service.DriverCommandExecutor.invokeExecute(DriverCommandExecutor.java:217)
	at org.openqa.selenium.remote.service.DriverCommandExecutor.execute(DriverCommandExecutor.java:175)
	at org.openqa.selenium.remote.RemoteWebDriver.execute(RemoteWebDriver.java:600)
	at org.openqa.selenium.remote.ElementLocation$ElementFinder$2.findElement(ElementLocation.java:173)
	at org.openqa.selenium.remote.ElementLocation.findElement(ElementLocation.java:60)
	at org.openqa.selenium.remote.RemoteWebDriver.findElement(RemoteWebDriver.java:421)
	at org.openqa.selenium.remote.RemoteWebDriver.findElement(RemoteWebDriver.java:415)
	at com.orangehrm.actiondriver.ActionDriver.applyBorder(ActionDriver.java:233)
	at com.orangehrm.actiondriver.ActionDriver.click(ActionDriver.java:44)
	at com.orangehrm.pages.LoginPage.login(LoginPage.java:33)
	at com.orangehrm.test.LoginPageTest.invalidLoginTest(LoginPageTest.java:62)
	at java.base/jdk.internal.reflect.DirectMethodHandleAccessor.invoke(DirectMethodHandleAccessor.java:103)
	at java.base/java.lang.reflect.Method.invoke(Method.java:580)
	at org.testng.internal.invokers.MethodInvocationHelper.invokeMethod(MethodInvocationHelper.java:141)
	at org.testng.internal.invokers.TestInvoker.invokeMethod(TestInvoker.java:687)
	at org.testng.internal.invokers.TestInvoker.invokeTestMethod(TestInvoker.java:230)
	at org.testng.internal.invokers.MethodRunner.runInSequence(MethodRunner.java:63)
	at org.testng.internal.invokers.TestInvoker$MethodInvocationAgent.invoke(TestInvoker.java:995)
	at org.testng.internal.invokers.TestInvoker.invokeTestMethods(TestInvoker.java:203)
	at org.testng.internal.invokers.TestMethodWorker.invokeTestMethods(TestMethodWorker.java:154)
	at org.testng.internal.invokers.TestMethodWorker.run(TestMethodWorker.java:134)
	at java.base/java.util.ArrayList.forEach(ArrayList.java:1596)
	at org.testng.TestRunner.privateRun(TestRunner.java:741)
	at org.testng.TestRunner.run(TestRunner.java:616)
	at org.testng.SuiteRunner.runTest(SuiteRunner.java:421)
	at org.testng.SuiteRunner$SuiteWorker.run(SuiteRunner.java:463)
	at org.testng.internal.thread.ThreadUtil.lambda$execute$0(ThreadUtil.java:64)
	at java.base/java.util.concurrent.FutureTask.run(FutureTask.java:317)
	at java.base/java.util.concurrent.ThreadPoolExecutor.runWorker(ThreadPoolExecutor.java:1144)
	at java.base/java.util.concurrent.ThreadPoolExecutor$Worker.run(ThreadPoolExecutor.java:642)
	at java.base/java.lang.Thread.run(Thread.java:1583)
2026-06-12 09:13:45 [TestNG-tests-1] INFO  Baseclass - WebDriver instance is closed.
2026-06-12 09:13:46 [TestNG-tests-1] INFO  Baseclass - ChromeDriver Instance is created.
2026-06-12 09:13:46 [TestNG-tests-1] INFO  ActionDriver - WebDriver instance is created.
2026-06-12 09:13:46 [TestNG-tests-1] INFO  Baseclass - ActionDriver initialized for thread: 28
2026-06-12 09:13:51 [TestNG-tests-2] INFO  Baseclass - WebDriver Initialized and Browser Maximized
2026-06-12 09:13:52 [TestNG-tests-2] INFO  ActionDriver - Applied the border with color green to element: Element with name: username
2026-06-12 09:13:52 [TestNG-tests-2] INFO  ActionDriver - Entered text on Element with name: username-->admin
2026-06-12 09:13:52 [TestNG-tests-2] INFO  ActionDriver - Applied the border with color green to element: Element with name: password
2026-06-12 09:13:52 [TestNG-tests-2] INFO  ActionDriver - Entered text on Element with name: password-->admin123
2026-06-12 09:13:52 [TestNG-tests-2] WARN  ActionDriver - Failed to apply the border to an element: Unable to describe element due to error: invalid selector: Unable to locate an element with the xpath expression //button[normalize-spacet()=' Login '] because of the following error:
SyntaxError: Failed to execute 'evaluate' on 'Document': The string '//button[normalize-spacet()=' Login ']' is not a valid XPath expression.
  (Session info: MicrosoftEdge=149.0.4022.62)
For documentation on this error, please visit: https://www.selenium.dev/documentation/webdriver/troubleshooting/errors#invalidselectorexception
Build info: version: '4.44.0', revision: 'da2039b'
System info: os.name: 'Windows 11', os.arch: 'amd64', os.version: '10.0', java.version: '21.0.10'
Driver info: org.openqa.selenium.edge.EdgeDriver
Command: [007e439ee8c936dc18dd5f77517f9c8d, findElement {value=//button[normalize-spacet()=' Login '], using=xpath}]
Capabilities {acceptInsecureCerts: false, browserName: MicrosoftEdge, browserVersion: 149.0.4022.62, fedcm:accounts: true, goog:processID: 24016, ms:edgeOptions: {debuggerAddress: localhost:52807}, msedge: {msedgedriverVersion: 149.0.4022.62 (068a180137b0..., userDataDir: C:\Users\DEVIKA~1\AppData\L...}, networkConnectionEnabled: false, pageLoadStrategy: normal, platformName: windows, proxy: Proxy(), se:cdp: ws://localhost:52807/devtoo..., se:cdpVersion: 149.0.4022.62, setWindowRect: true, strictFileInteractability: false, timeouts: {implicit: 0, pageLoad: 300000, script: 30000}, unhandledPromptBehavior: dismiss and notify, webauthn:extension:credBlob: true, webauthn:extension:largeBlob: true, webauthn:extension:minPinLength: true, webauthn:extension:prf: true, webauthn:virtualAuthenticators: true}
Session ID: 007e439ee8c936dc18dd5f77517f9c8d
org.openqa.selenium.InvalidSelectorException: invalid selector: Unable to locate an element with the xpath expression //button[normalize-spacet()=' Login '] because of the following error:
SyntaxError: Failed to execute 'evaluate' on 'Document': The string '//button[normalize-spacet()=' Login ']' is not a valid XPath expression.
  (Session info: MicrosoftEdge=149.0.4022.62)
For documentation on this error, please visit: https://www.selenium.dev/documentation/webdriver/troubleshooting/errors#invalidselectorexception
Build info: version: '4.44.0', revision: 'da2039b'
System info: os.name: 'Windows 11', os.arch: 'amd64', os.version: '10.0', java.version: '21.0.10'
Driver info: org.openqa.selenium.edge.EdgeDriver
Command: [007e439ee8c936dc18dd5f77517f9c8d, findElement {value=//button[normalize-spacet()=' Login '], using=xpath}]
Capabilities {acceptInsecureCerts: false, browserName: MicrosoftEdge, browserVersion: 149.0.4022.62, fedcm:accounts: true, goog:processID: 24016, ms:edgeOptions: {debuggerAddress: localhost:52807}, msedge: {msedgedriverVersion: 149.0.4022.62 (068a180137b0..., userDataDir: C:\Users\DEVIKA~1\AppData\L...}, networkConnectionEnabled: false, pageLoadStrategy: normal, platformName: windows, proxy: Proxy(), se:cdp: ws://localhost:52807/devtoo..., se:cdpVersion: 149.0.4022.62, setWindowRect: true, strictFileInteractability: false, timeouts: {implicit: 0, pageLoad: 300000, script: 30000}, unhandledPromptBehavior: dismiss and notify, webauthn:extension:credBlob: true, webauthn:extension:largeBlob: true, webauthn:extension:minPinLength: true, webauthn:extension:prf: true, webauthn:virtualAuthenticators: true}
Session ID: 007e439ee8c936dc18dd5f77517f9c8d
	at org.openqa.selenium.remote.ErrorCodec.decode(ErrorCodec.java:169)
	at org.openqa.selenium.remote.codec.w3c.W3CHttpResponseCodec.decode(W3CHttpResponseCodec.java:143)
	at org.openqa.selenium.remote.codec.w3c.W3CHttpResponseCodec.decode(W3CHttpResponseCodec.java:50)
	at org.openqa.selenium.remote.HttpCommandExecutor.execute(HttpCommandExecutor.java:224)
	at org.openqa.selenium.remote.service.DriverCommandExecutor.invokeExecute(DriverCommandExecutor.java:217)
	at org.openqa.selenium.remote.service.DriverCommandExecutor.execute(DriverCommandExecutor.java:175)
	at org.openqa.selenium.remote.RemoteWebDriver.execute(RemoteWebDriver.java:600)
	at org.openqa.selenium.remote.ElementLocation$ElementFinder$2.findElement(ElementLocation.java:173)
	at org.openqa.selenium.remote.ElementLocation.findElement(ElementLocation.java:60)
	at org.openqa.selenium.remote.RemoteWebDriver.findElement(RemoteWebDriver.java:421)
	at org.openqa.selenium.remote.RemoteWebDriver.findElement(RemoteWebDriver.java:415)
	at com.orangehrm.actiondriver.ActionDriver.applyBorder(ActionDriver.java:233)
	at com.orangehrm.actiondriver.ActionDriver.click(ActionDriver.java:38)
	at com.orangehrm.pages.LoginPage.login(LoginPage.java:33)
	at com.orangehrm.test.LoginPageTest.verifyValidLoginTest(LoginPageTest.java:36)
	at java.base/jdk.internal.reflect.DirectMethodHandleAccessor.invoke(DirectMethodHandleAccessor.java:103)
	at java.base/java.lang.reflect.Method.invoke(Method.java:580)
	at org.testng.internal.invokers.MethodInvocationHelper.invokeMethod(MethodInvocationHelper.java:141)
	at org.testng.internal.invokers.TestInvoker.invokeMethod(TestInvoker.java:687)
	at org.testng.internal.invokers.TestInvoker.invokeTestMethod(TestInvoker.java:230)
	at org.testng.internal.invokers.MethodRunner.runInSequence(MethodRunner.java:63)
	at org.testng.internal.invokers.TestInvoker$MethodInvocationAgent.invoke(TestInvoker.java:995)
	at org.testng.internal.invokers.TestInvoker.invokeTestMethods(TestInvoker.java:203)
	at org.testng.internal.invokers.TestMethodWorker.invokeTestMethods(TestMethodWorker.java:154)
	at org.testng.internal.invokers.TestMethodWorker.run(TestMethodWorker.java:134)
	at java.base/java.util.ArrayList.forEach(ArrayList.java:1596)
	at org.testng.TestRunner.privateRun(TestRunner.java:741)
	at org.testng.TestRunner.run(TestRunner.java:616)
	at org.testng.SuiteRunner.runTest(SuiteRunner.java:421)
	at org.testng.SuiteRunner$SuiteWorker.run(SuiteRunner.java:463)
	at org.testng.internal.thread.ThreadUtil.lambda$execute$0(ThreadUtil.java:64)
	at java.base/java.util.concurrent.FutureTask.run(FutureTask.java:317)
	at java.base/java.util.concurrent.ThreadPoolExecutor.runWorker(ThreadPoolExecutor.java:1144)
	at java.base/java.util.concurrent.ThreadPoolExecutor$Worker.run(ThreadPoolExecutor.java:642)
	at java.base/java.lang.Thread.run(Thread.java:1583)
2026-06-12 09:13:52 [TestNG-tests-2] WARN  ActionDriver - Failed to apply the border to an element: Unable to describe element due to error: invalid selector: Unable to locate an element with the xpath expression //button[normalize-spacet()=' Login '] because of the following error:
SyntaxError: Failed to execute 'evaluate' on 'Document': The string '//button[normalize-spacet()=' Login ']' is not a valid XPath expression.
  (Session info: MicrosoftEdge=149.0.4022.62)
For documentation on this error, please visit: https://www.selenium.dev/documentation/webdriver/troubleshooting/errors#invalidselectorexception
Build info: version: '4.44.0', revision: 'da2039b'
System info: os.name: 'Windows 11', os.arch: 'amd64', os.version: '10.0', java.version: '21.0.10'
Driver info: org.openqa.selenium.edge.EdgeDriver
Command: [007e439ee8c936dc18dd5f77517f9c8d, findElement {value=//button[normalize-spacet()=' Login '], using=xpath}]
Capabilities {acceptInsecureCerts: false, browserName: MicrosoftEdge, browserVersion: 149.0.4022.62, fedcm:accounts: true, goog:processID: 24016, ms:edgeOptions: {debuggerAddress: localhost:52807}, msedge: {msedgedriverVersion: 149.0.4022.62 (068a180137b0..., userDataDir: C:\Users\DEVIKA~1\AppData\L...}, networkConnectionEnabled: false, pageLoadStrategy: normal, platformName: windows, proxy: Proxy(), se:cdp: ws://localhost:52807/devtoo..., se:cdpVersion: 149.0.4022.62, setWindowRect: true, strictFileInteractability: false, timeouts: {implicit: 0, pageLoad: 300000, script: 30000}, unhandledPromptBehavior: dismiss and notify, webauthn:extension:credBlob: true, webauthn:extension:largeBlob: true, webauthn:extension:minPinLength: true, webauthn:extension:prf: true, webauthn:virtualAuthenticators: true}
Session ID: 007e439ee8c936dc18dd5f77517f9c8d
org.openqa.selenium.InvalidSelectorException: invalid selector: Unable to locate an element with the xpath expression //button[normalize-spacet()=' Login '] because of the following error:
SyntaxError: Failed to execute 'evaluate' on 'Document': The string '//button[normalize-spacet()=' Login ']' is not a valid XPath expression.
  (Session info: MicrosoftEdge=149.0.4022.62)
For documentation on this error, please visit: https://www.selenium.dev/documentation/webdriver/troubleshooting/errors#invalidselectorexception
Build info: version: '4.44.0', revision: 'da2039b'
System info: os.name: 'Windows 11', os.arch: 'amd64', os.version: '10.0', java.version: '21.0.10'
Driver info: org.openqa.selenium.edge.EdgeDriver
Command: [007e439ee8c936dc18dd5f77517f9c8d, findElement {value=//button[normalize-spacet()=' Login '], using=xpath}]
Capabilities {acceptInsecureCerts: false, browserName: MicrosoftEdge, browserVersion: 149.0.4022.62, fedcm:accounts: true, goog:processID: 24016, ms:edgeOptions: {debuggerAddress: localhost:52807}, msedge: {msedgedriverVersion: 149.0.4022.62 (068a180137b0..., userDataDir: C:\Users\DEVIKA~1\AppData\L...}, networkConnectionEnabled: false, pageLoadStrategy: normal, platformName: windows, proxy: Proxy(), se:cdp: ws://localhost:52807/devtoo..., se:cdpVersion: 149.0.4022.62, setWindowRect: true, strictFileInteractability: false, timeouts: {implicit: 0, pageLoad: 300000, script: 30000}, unhandledPromptBehavior: dismiss and notify, webauthn:extension:credBlob: true, webauthn:extension:largeBlob: true, webauthn:extension:minPinLength: true, webauthn:extension:prf: true, webauthn:virtualAuthenticators: true}
Session ID: 007e439ee8c936dc18dd5f77517f9c8d
	at org.openqa.selenium.remote.ErrorCodec.decode(ErrorCodec.java:169)
	at org.openqa.selenium.remote.codec.w3c.W3CHttpResponseCodec.decode(W3CHttpResponseCodec.java:143)
	at org.openqa.selenium.remote.codec.w3c.W3CHttpResponseCodec.decode(W3CHttpResponseCodec.java:50)
	at org.openqa.selenium.remote.HttpCommandExecutor.execute(HttpCommandExecutor.java:224)
	at org.openqa.selenium.remote.service.DriverCommandExecutor.invokeExecute(DriverCommandExecutor.java:217)
	at org.openqa.selenium.remote.service.DriverCommandExecutor.execute(DriverCommandExecutor.java:175)
	at org.openqa.selenium.remote.RemoteWebDriver.execute(RemoteWebDriver.java:600)
	at org.openqa.selenium.remote.ElementLocation$ElementFinder$2.findElement(ElementLocation.java:173)
	at org.openqa.selenium.remote.ElementLocation.findElement(ElementLocation.java:60)
	at org.openqa.selenium.remote.RemoteWebDriver.findElement(RemoteWebDriver.java:421)
	at org.openqa.selenium.remote.RemoteWebDriver.findElement(RemoteWebDriver.java:415)
	at com.orangehrm.actiondriver.ActionDriver.applyBorder(ActionDriver.java:233)
	at com.orangehrm.actiondriver.ActionDriver.click(ActionDriver.java:44)
	at com.orangehrm.pages.LoginPage.login(LoginPage.java:33)
	at com.orangehrm.test.LoginPageTest.verifyValidLoginTest(LoginPageTest.java:36)
	at java.base/jdk.internal.reflect.DirectMethodHandleAccessor.invoke(DirectMethodHandleAccessor.java:103)
	at java.base/java.lang.reflect.Method.invoke(Method.java:580)
	at org.testng.internal.invokers.MethodInvocationHelper.invokeMethod(MethodInvocationHelper.java:141)
	at org.testng.internal.invokers.TestInvoker.invokeMethod(TestInvoker.java:687)
	at org.testng.internal.invokers.TestInvoker.invokeTestMethod(TestInvoker.java:230)
	at org.testng.internal.invokers.MethodRunner.runInSequence(MethodRunner.java:63)
	at org.testng.internal.invokers.TestInvoker$MethodInvocationAgent.invoke(TestInvoker.java:995)
	at org.testng.internal.invokers.TestInvoker.invokeTestMethods(TestInvoker.java:203)
	at org.testng.internal.invokers.TestMethodWorker.invokeTestMethods(TestMethodWorker.java:154)
	at org.testng.internal.invokers.TestMethodWorker.run(TestMethodWorker.java:134)
	at java.base/java.util.ArrayList.forEach(ArrayList.java:1596)
	at org.testng.TestRunner.privateRun(TestRunner.java:741)
	at org.testng.TestRunner.run(TestRunner.java:616)
	at org.testng.SuiteRunner.runTest(SuiteRunner.java:421)
	at org.testng.SuiteRunner$SuiteWorker.run(SuiteRunner.java:463)
	at org.testng.internal.thread.ThreadUtil.lambda$execute$0(ThreadUtil.java:64)
	at java.base/java.util.concurrent.FutureTask.run(FutureTask.java:317)
	at java.base/java.util.concurrent.ThreadPoolExecutor.runWorker(ThreadPoolExecutor.java:1144)
	at java.base/java.util.concurrent.ThreadPoolExecutor$Worker.run(ThreadPoolExecutor.java:642)
	at java.base/java.lang.Thread.run(Thread.java:1583)
2026-06-12 09:13:53 [TestNG-tests-2] INFO  Baseclass - WebDriver instance is closed.
2026-06-12 09:13:56 [TestNG-tests-1] INFO  Baseclass - WebDriver Initialized and Browser Maximized
2026-06-12 09:13:56 [TestNG-tests-1] INFO  ActionDriver - Applied the border with color green to element: Element with name: username
2026-06-12 09:13:56 [TestNG-tests-1] INFO  ActionDriver - Entered text on Element with name: username-->admin
2026-06-12 09:13:56 [TestNG-tests-1] INFO  ActionDriver - Applied the border with color green to element: Element with name: password
2026-06-12 09:13:56 [TestNG-tests-1] INFO  ActionDriver - Entered text on Element with name: password-->admin123
2026-06-12 09:13:56 [TestNG-tests-1] WARN  ActionDriver - Failed to apply the border to an element: Unable to describe element due to error: invalid selector: Unable to locate an element with the xpath expression //button[normalize-spacet()=' Login '] because of the following error:
SyntaxError: Failed to execute 'evaluate' on 'Document': The string '//button[normalize-spacet()=' Login ']' is not a valid XPath expression.
  (Session info: chrome=149.0.7827.103)
For documentation on this error, please visit: https://www.selenium.dev/documentation/webdriver/troubleshooting/errors#invalidselectorexception
Build info: version: '4.44.0', revision: 'da2039b'
System info: os.name: 'Windows 11', os.arch: 'amd64', os.version: '10.0', java.version: '21.0.10'
Driver info: org.openqa.selenium.chrome.ChromeDriver
Command: [0f2f78913783b26ce141575348ee47d4, findElement {value=//button[normalize-spacet()=' Login '], using=xpath}]
Capabilities {acceptInsecureCerts: false, browserName: chrome, browserVersion: 149.0.7827.103, chrome: {chromedriverVersion: 149.0.7827.115 (daf70f9ddee..., userDataDir: C:\Users\DEVIKA~1\AppData\L...}, fedcm:accounts: true, goog:chromeOptions: {debuggerAddress: localhost:59827}, goog:processID: 22580, networkConnectionEnabled: false, pageLoadStrategy: normal, platformName: windows, proxy: Proxy(), se:cdp: ws://localhost:59827/devtoo..., se:cdpVersion: 149.0.7827.103, setWindowRect: true, strictFileInteractability: false, timeouts: {implicit: 0, pageLoad: 300000, script: 30000}, unhandledPromptBehavior: dismiss and notify, webauthn:extension:credBlob: true, webauthn:extension:largeBlob: true, webauthn:extension:minPinLength: true, webauthn:extension:prf: true, webauthn:virtualAuthenticators: true}
Session ID: 0f2f78913783b26ce141575348ee47d4
org.openqa.selenium.InvalidSelectorException: invalid selector: Unable to locate an element with the xpath expression //button[normalize-spacet()=' Login '] because of the following error:
SyntaxError: Failed to execute 'evaluate' on 'Document': The string '//button[normalize-spacet()=' Login ']' is not a valid XPath expression.
  (Session info: chrome=149.0.7827.103)
For documentation on this error, please visit: https://www.selenium.dev/documentation/webdriver/troubleshooting/errors#invalidselectorexception
Build info: version: '4.44.0', revision: 'da2039b'
System info: os.name: 'Windows 11', os.arch: 'amd64', os.version: '10.0', java.version: '21.0.10'
Driver info: org.openqa.selenium.chrome.ChromeDriver
Command: [0f2f78913783b26ce141575348ee47d4, findElement {value=//button[normalize-spacet()=' Login '], using=xpath}]
Capabilities {acceptInsecureCerts: false, browserName: chrome, browserVersion: 149.0.7827.103, chrome: {chromedriverVersion: 149.0.7827.115 (daf70f9ddee..., userDataDir: C:\Users\DEVIKA~1\AppData\L...}, fedcm:accounts: true, goog:chromeOptions: {debuggerAddress: localhost:59827}, goog:processID: 22580, networkConnectionEnabled: false, pageLoadStrategy: normal, platformName: windows, proxy: Proxy(), se:cdp: ws://localhost:59827/devtoo..., se:cdpVersion: 149.0.7827.103, setWindowRect: true, strictFileInteractability: false, timeouts: {implicit: 0, pageLoad: 300000, script: 30000}, unhandledPromptBehavior: dismiss and notify, webauthn:extension:credBlob: true, webauthn:extension:largeBlob: true, webauthn:extension:minPinLength: true, webauthn:extension:prf: true, webauthn:virtualAuthenticators: true}
Session ID: 0f2f78913783b26ce141575348ee47d4
	at org.openqa.selenium.remote.ErrorCodec.decode(ErrorCodec.java:169)
	at org.openqa.selenium.remote.codec.w3c.W3CHttpResponseCodec.decode(W3CHttpResponseCodec.java:143)
	at org.openqa.selenium.remote.codec.w3c.W3CHttpResponseCodec.decode(W3CHttpResponseCodec.java:50)
	at org.openqa.selenium.remote.HttpCommandExecutor.execute(HttpCommandExecutor.java:224)
	at org.openqa.selenium.remote.service.DriverCommandExecutor.invokeExecute(DriverCommandExecutor.java:217)
	at org.openqa.selenium.remote.service.DriverCommandExecutor.execute(DriverCommandExecutor.java:175)
	at org.openqa.selenium.remote.RemoteWebDriver.execute(RemoteWebDriver.java:600)
	at org.openqa.selenium.remote.ElementLocation$ElementFinder$2.findElement(ElementLocation.java:173)
	at org.openqa.selenium.remote.ElementLocation.findElement(ElementLocation.java:60)
	at org.openqa.selenium.remote.RemoteWebDriver.findElement(RemoteWebDriver.java:421)
	at org.openqa.selenium.remote.RemoteWebDriver.findElement(RemoteWebDriver.java:415)
	at com.orangehrm.actiondriver.ActionDriver.applyBorder(ActionDriver.java:233)
	at com.orangehrm.actiondriver.ActionDriver.click(ActionDriver.java:38)
	at com.orangehrm.pages.LoginPage.login(LoginPage.java:33)
	at com.orangehrm.test.LoginPageTest.verifyValidLoginTest(LoginPageTest.java:36)
	at java.base/jdk.internal.reflect.DirectMethodHandleAccessor.invoke(DirectMethodHandleAccessor.java:103)
	at java.base/java.lang.reflect.Method.invoke(Method.java:580)
	at org.testng.internal.invokers.MethodInvocationHelper.invokeMethod(MethodInvocationHelper.java:141)
	at org.testng.internal.invokers.TestInvoker.invokeMethod(TestInvoker.java:687)
	at org.testng.internal.invokers.TestInvoker.invokeTestMethod(TestInvoker.java:230)
	at org.testng.internal.invokers.MethodRunner.runInSequence(MethodRunner.java:63)
	at org.testng.internal.invokers.TestInvoker$MethodInvocationAgent.invoke(TestInvoker.java:995)
	at org.testng.internal.invokers.TestInvoker.invokeTestMethods(TestInvoker.java:203)
	at org.testng.internal.invokers.TestMethodWorker.invokeTestMethods(TestMethodWorker.java:154)
	at org.testng.internal.invokers.TestMethodWorker.run(TestMethodWorker.java:134)
	at java.base/java.util.ArrayList.forEach(ArrayList.java:1596)
	at org.testng.TestRunner.privateRun(TestRunner.java:741)
	at org.testng.TestRunner.run(TestRunner.java:616)
	at org.testng.SuiteRunner.runTest(SuiteRunner.java:421)
	at org.testng.SuiteRunner$SuiteWorker.run(SuiteRunner.java:463)
	at org.testng.internal.thread.ThreadUtil.lambda$execute$0(ThreadUtil.java:64)
	at java.base/java.util.concurrent.FutureTask.run(FutureTask.java:317)
	at java.base/java.util.concurrent.ThreadPoolExecutor.runWorker(ThreadPoolExecutor.java:1144)
	at java.base/java.util.concurrent.ThreadPoolExecutor$Worker.run(ThreadPoolExecutor.java:642)
	at java.base/java.lang.Thread.run(Thread.java:1583)
2026-06-12 09:13:56 [TestNG-tests-1] WARN  ActionDriver - Failed to apply the border to an element: Unable to describe element due to error: invalid selector: Unable to locate an element with the xpath expression //button[normalize-spacet()=' Login '] because of the following error:
SyntaxError: Failed to execute 'evaluate' on 'Document': The string '//button[normalize-spacet()=' Login ']' is not a valid XPath expression.
  (Session info: chrome=149.0.7827.103)
For documentation on this error, please visit: https://www.selenium.dev/documentation/webdriver/troubleshooting/errors#invalidselectorexception
Build info: version: '4.44.0', revision: 'da2039b'
System info: os.name: 'Windows 11', os.arch: 'amd64', os.version: '10.0', java.version: '21.0.10'
Driver info: org.openqa.selenium.chrome.ChromeDriver
Command: [0f2f78913783b26ce141575348ee47d4, findElement {value=//button[normalize-spacet()=' Login '], using=xpath}]
Capabilities {acceptInsecureCerts: false, browserName: chrome, browserVersion: 149.0.7827.103, chrome: {chromedriverVersion: 149.0.7827.115 (daf70f9ddee..., userDataDir: C:\Users\DEVIKA~1\AppData\L...}, fedcm:accounts: true, goog:chromeOptions: {debuggerAddress: localhost:59827}, goog:processID: 22580, networkConnectionEnabled: false, pageLoadStrategy: normal, platformName: windows, proxy: Proxy(), se:cdp: ws://localhost:59827/devtoo..., se:cdpVersion: 149.0.7827.103, setWindowRect: true, strictFileInteractability: false, timeouts: {implicit: 0, pageLoad: 300000, script: 30000}, unhandledPromptBehavior: dismiss and notify, webauthn:extension:credBlob: true, webauthn:extension:largeBlob: true, webauthn:extension:minPinLength: true, webauthn:extension:prf: true, webauthn:virtualAuthenticators: true}
Session ID: 0f2f78913783b26ce141575348ee47d4
org.openqa.selenium.InvalidSelectorException: invalid selector: Unable to locate an element with the xpath expression //button[normalize-spacet()=' Login '] because of the following error:
SyntaxError: Failed to execute 'evaluate' on 'Document': The string '//button[normalize-spacet()=' Login ']' is not a valid XPath expression.
  (Session info: chrome=149.0.7827.103)
For documentation on this error, please visit: https://www.selenium.dev/documentation/webdriver/troubleshooting/errors#invalidselectorexception
Build info: version: '4.44.0', revision: 'da2039b'
System info: os.name: 'Windows 11', os.arch: 'amd64', os.version: '10.0', java.version: '21.0.10'
Driver info: org.openqa.selenium.chrome.ChromeDriver
Command: [0f2f78913783b26ce141575348ee47d4, findElement {value=//button[normalize-spacet()=' Login '], using=xpath}]
Capabilities {acceptInsecureCerts: false, browserName: chrome, browserVersion: 149.0.7827.103, chrome: {chromedriverVersion: 149.0.7827.115 (daf70f9ddee..., userDataDir: C:\Users\DEVIKA~1\AppData\L...}, fedcm:accounts: true, goog:chromeOptions: {debuggerAddress: localhost:59827}, goog:processID: 22580, networkConnectionEnabled: false, pageLoadStrategy: normal, platformName: windows, proxy: Proxy(), se:cdp: ws://localhost:59827/devtoo..., se:cdpVersion: 149.0.7827.103, setWindowRect: true, strictFileInteractability: false, timeouts: {implicit: 0, pageLoad: 300000, script: 30000}, unhandledPromptBehavior: dismiss and notify, webauthn:extension:credBlob: true, webauthn:extension:largeBlob: true, webauthn:extension:minPinLength: true, webauthn:extension:prf: true, webauthn:virtualAuthenticators: true}
Session ID: 0f2f78913783b26ce141575348ee47d4
	at org.openqa.selenium.remote.ErrorCodec.decode(ErrorCodec.java:169)
	at org.openqa.selenium.remote.codec.w3c.W3CHttpResponseCodec.decode(W3CHttpResponseCodec.java:143)
	at org.openqa.selenium.remote.codec.w3c.W3CHttpResponseCodec.decode(W3CHttpResponseCodec.java:50)
	at org.openqa.selenium.remote.HttpCommandExecutor.execute(HttpCommandExecutor.java:224)
	at org.openqa.selenium.remote.service.DriverCommandExecutor.invokeExecute(DriverCommandExecutor.java:217)
	at org.openqa.selenium.remote.service.DriverCommandExecutor.execute(DriverCommandExecutor.java:175)
	at org.openqa.selenium.remote.RemoteWebDriver.execute(RemoteWebDriver.java:600)
	at org.openqa.selenium.remote.ElementLocation$ElementFinder$2.findElement(ElementLocation.java:173)
	at org.openqa.selenium.remote.ElementLocation.findElement(ElementLocation.java:60)
	at org.openqa.selenium.remote.RemoteWebDriver.findElement(RemoteWebDriver.java:421)
	at org.openqa.selenium.remote.RemoteWebDriver.findElement(RemoteWebDriver.java:415)
	at com.orangehrm.actiondriver.ActionDriver.applyBorder(ActionDriver.java:233)
	at com.orangehrm.actiondriver.ActionDriver.click(ActionDriver.java:44)
	at com.orangehrm.pages.LoginPage.login(LoginPage.java:33)
	at com.orangehrm.test.LoginPageTest.verifyValidLoginTest(LoginPageTest.java:36)
	at java.base/jdk.internal.reflect.DirectMethodHandleAccessor.invoke(DirectMethodHandleAccessor.java:103)
	at java.base/java.lang.reflect.Method.invoke(Method.java:580)
	at org.testng.internal.invokers.MethodInvocationHelper.invokeMethod(MethodInvocationHelper.java:141)
	at org.testng.internal.invokers.TestInvoker.invokeMethod(TestInvoker.java:687)
	at org.testng.internal.invokers.TestInvoker.invokeTestMethod(TestInvoker.java:230)
	at org.testng.internal.invokers.MethodRunner.runInSequence(MethodRunner.java:63)
	at org.testng.internal.invokers.TestInvoker$MethodInvocationAgent.invoke(TestInvoker.java:995)
	at org.testng.internal.invokers.TestInvoker.invokeTestMethods(TestInvoker.java:203)
	at org.testng.internal.invokers.TestMethodWorker.invokeTestMethods(TestMethodWorker.java:154)
	at org.testng.internal.invokers.TestMethodWorker.run(TestMethodWorker.java:134)
	at java.base/java.util.ArrayList.forEach(ArrayList.java:1596)
	at org.testng.TestRunner.privateRun(TestRunner.java:741)
	at org.testng.TestRunner.run(TestRunner.java:616)
	at org.testng.SuiteRunner.runTest(SuiteRunner.java:421)
	at org.testng.SuiteRunner$SuiteWorker.run(SuiteRunner.java:463)
	at org.testng.internal.thread.ThreadUtil.lambda$execute$0(ThreadUtil.java:64)
	at java.base/java.util.concurrent.FutureTask.run(FutureTask.java:317)
	at java.base/java.util.concurrent.ThreadPoolExecutor.runWorker(ThreadPoolExecutor.java:1144)
	at java.base/java.util.concurrent.ThreadPoolExecutor$Worker.run(ThreadPoolExecutor.java:642)
	at java.base/java.lang.Thread.run(Thread.java:1583)
2026-06-12 09:13:57 [TestNG-tests-1] INFO  Baseclass - WebDriver instance is closed.
2026-06-12 09:17:14 [main] INFO  Baseclass - config.properties file loaded
2026-06-12 09:17:17 [TestNG-tests-1] INFO  Baseclass - ChromeDriver Instance is created.
2026-06-12 09:17:17 [TestNG-tests-1] INFO  ActionDriver - WebDriver instance is created.
2026-06-12 09:17:17 [TestNG-tests-1] INFO  Baseclass - ActionDriver initialized for thread: 28
2026-06-12 09:17:18 [TestNG-tests-2] INFO  Baseclass - EdgeDriver Instance is created.
2026-06-12 09:17:18 [TestNG-tests-2] INFO  ActionDriver - WebDriver instance is created.
2026-06-12 09:17:18 [TestNG-tests-2] INFO  Baseclass - ActionDriver initialized for thread: 29
2026-06-12 09:17:29 [TestNG-tests-1] INFO  Baseclass - WebDriver Initialized and Browser Maximized
2026-06-12 09:17:29 [TestNG-tests-1] INFO  ActionDriver - Applied the border with color green to element: Element with name: username
2026-06-12 09:17:29 [TestNG-tests-1] INFO  ActionDriver - Entered text on Element with name: username-->wronguser
2026-06-12 09:17:29 [TestNG-tests-1] INFO  ActionDriver - Applied the border with color green to element: Element with name: password
2026-06-12 09:17:29 [TestNG-tests-1] INFO  ActionDriver - Entered text on Element with name: password-->wrongpassword
2026-06-12 09:17:29 [TestNG-tests-1] INFO  ActionDriver - Applied the border with color green to element: Element with text: Login
2026-06-12 09:17:30 [TestNG-tests-1] INFO  ActionDriver - clicked an element-->Element with text: Login
2026-06-12 09:17:31 [TestNG-tests-1] INFO  ActionDriver - Applied the border with color green to element: Element with text: Invalid credentials
2026-06-12 09:17:31 [TestNG-tests-1] INFO  ActionDriver - Texts are Matching:Invalid credentials equals Invalid credentials
2026-06-12 09:17:31 [TestNG-tests-2] INFO  Baseclass - WebDriver Initialized and Browser Maximized
2026-06-12 09:17:31 [TestNG-tests-1] INFO  ActionDriver - Applied the border with color red to element: Element with text: Invalid credentials
2026-06-12 09:17:31 [TestNG-tests-2] INFO  ActionDriver - Applied the border with color green to element: Element with name: username
2026-06-12 09:17:32 [TestNG-tests-2] INFO  ActionDriver - Entered text on Element with name: username-->wronguser
2026-06-12 09:17:32 [TestNG-tests-2] INFO  ActionDriver - Applied the border with color green to element: Element with name: password
2026-06-12 09:17:32 [TestNG-tests-2] INFO  ActionDriver - Entered text on Element with name: password-->wrongpassword
2026-06-12 09:17:32 [TestNG-tests-2] INFO  ActionDriver - Applied the border with color green to element: Element with text: Login
2026-06-12 09:17:32 [TestNG-tests-1] INFO  Baseclass - WebDriver instance is closed.
2026-06-12 09:17:33 [TestNG-tests-2] INFO  ActionDriver - clicked an element-->Element with text: Login
2026-06-12 09:17:34 [TestNG-tests-1] INFO  Baseclass - ChromeDriver Instance is created.
2026-06-12 09:17:34 [TestNG-tests-1] INFO  ActionDriver - WebDriver instance is created.
2026-06-12 09:17:34 [TestNG-tests-1] INFO  Baseclass - ActionDriver initialized for thread: 28
2026-06-12 09:17:34 [TestNG-tests-2] INFO  ActionDriver - Applied the border with color green to element: Element with text: Invalid credentials
2026-06-12 09:17:34 [TestNG-tests-2] INFO  ActionDriver - Texts are Matching:Invalid credentials equals Invalid credentials
2026-06-12 09:17:34 [TestNG-tests-2] INFO  ActionDriver - Applied the border with color red to element: Element with text: Invalid credentials
2026-06-12 09:17:35 [TestNG-tests-2] INFO  Baseclass - WebDriver instance is closed.
2026-06-12 09:17:36 [TestNG-tests-2] INFO  Baseclass - EdgeDriver Instance is created.
2026-06-12 09:17:36 [TestNG-tests-2] INFO  ActionDriver - WebDriver instance is created.
2026-06-12 09:17:36 [TestNG-tests-2] INFO  Baseclass - ActionDriver initialized for thread: 29
2026-06-12 09:17:43 [TestNG-tests-1] INFO  Baseclass - WebDriver Initialized and Browser Maximized
2026-06-12 09:17:43 [TestNG-tests-2] INFO  Baseclass - WebDriver Initialized and Browser Maximized
2026-06-12 09:17:43 [TestNG-tests-1] INFO  ActionDriver - Applied the border with color green to element: Element with name: username
2026-06-12 09:17:44 [TestNG-tests-2] INFO  ActionDriver - Applied the border with color green to element: Element with name: username
2026-06-12 09:17:44 [TestNG-tests-1] INFO  ActionDriver - Entered text on Element with name: username-->admin
2026-06-12 09:17:44 [TestNG-tests-2] INFO  ActionDriver - Entered text on Element with name: username-->admin
2026-06-12 09:17:44 [TestNG-tests-1] INFO  ActionDriver - Applied the border with color green to element: Element with name: password
2026-06-12 09:17:44 [TestNG-tests-2] INFO  ActionDriver - Applied the border with color green to element: Element with name: password
2026-06-12 09:17:44 [TestNG-tests-1] INFO  ActionDriver - Entered text on Element with name: password-->admin123
2026-06-12 09:17:44 [TestNG-tests-2] INFO  ActionDriver - Entered text on Element with name: password-->admin123
2026-06-12 09:17:44 [TestNG-tests-1] INFO  ActionDriver - Applied the border with color green to element: Element with text: Login
2026-06-12 09:17:44 [TestNG-tests-2] INFO  ActionDriver - Applied the border with color green to element: Element with text: Login
2026-06-12 09:17:46 [TestNG-tests-1] INFO  ActionDriver - clicked an element-->Element with text: Login
2026-06-12 09:17:46 [TestNG-tests-2] INFO  ActionDriver - clicked an element-->Element with text: Login
2026-06-12 09:17:46 [TestNG-tests-1] INFO  ActionDriver - Applied the border with color green to element: Element with text: Admin
2026-06-12 09:17:46 [TestNG-tests-1] INFO  ActionDriver - Element is displayed Element with text: Admin
2026-06-12 09:17:47 [TestNG-tests-1] INFO  ActionDriver - Applied the border with color red to element: Element with text: Admin
2026-06-12 09:17:47 [TestNG-tests-1] INFO  Baseclass - WebDriver instance is closed.
2026-06-12 09:17:56 [TestNG-tests-2] INFO  ActionDriver - Applied the border with color green to element: Element located using: By.xpath: //span[text()='Admin']
2026-06-12 09:17:56 [TestNG-tests-2] INFO  ActionDriver - Element is displayed Element located using: By.xpath: //span[text()='Admin']
2026-06-12 09:17:56 [TestNG-tests-2] INFO  ActionDriver - Applied the border with color red to element: Element located using: By.xpath: //span[text()='Admin']
2026-06-12 09:17:57 [TestNG-tests-2] INFO  Baseclass - WebDriver instance is closed.
2026-06-12 09:25:14 [main] INFO  Baseclass - config.properties file loaded
2026-06-12 09:25:17 [TestNG-tests-1] INFO  Baseclass - ChromeDriver Instance is created.
2026-06-12 09:25:17 [TestNG-tests-2] INFO  Baseclass - EdgeDriver Instance is created.
2026-06-12 09:25:17 [TestNG-tests-2] INFO  ActionDriver - WebDriver instance is created.
2026-06-12 09:25:17 [TestNG-tests-1] INFO  ActionDriver - WebDriver instance is created.
2026-06-12 09:25:17 [TestNG-tests-1] INFO  Baseclass - ActionDriver initialized for thread: 27
2026-06-12 09:25:17 [TestNG-tests-2] INFO  Baseclass - ActionDriver initialized for thread: 28
2026-06-12 09:25:24 [TestNG-tests-1] INFO  Baseclass - WebDriver Initialized and Browser Maximized
2026-06-12 09:25:24 [TestNG-tests-1] INFO  ActionDriver - Applied the border with color green to element: Element with name: username
2026-06-12 09:25:24 [TestNG-tests-1] INFO  ActionDriver - Entered text on Element with name: username-->wronguser
2026-06-12 09:25:24 [TestNG-tests-1] INFO  ActionDriver - Applied the border with color green to element: Element with name: password
2026-06-12 09:25:25 [TestNG-tests-1] INFO  ActionDriver - Entered text on Element with name: password-->wrongpassword
2026-06-12 09:25:25 [TestNG-tests-1] INFO  ActionDriver - Applied the border with color green to element: Element with text: Login
2026-06-12 09:25:25 [TestNG-tests-1] INFO  ActionDriver - clicked an element-->Element with text: Login
2026-06-12 09:25:26 [TestNG-tests-1] INFO  ActionDriver - Applied the border with color green to element: Element with text: Invalid credentials
2026-06-12 09:25:26 [TestNG-tests-1] INFO  ActionDriver - Texts are Matching:Invalid credentials equals Invalid credentials
2026-06-12 09:25:27 [TestNG-tests-1] INFO  Baseclass - WebDriver instance is closed.
2026-06-12 09:25:28 [TestNG-tests-1] INFO  Baseclass - ChromeDriver Instance is created.
2026-06-12 09:25:28 [TestNG-tests-1] INFO  ActionDriver - WebDriver instance is created.
2026-06-12 09:25:28 [TestNG-tests-1] INFO  Baseclass - ActionDriver initialized for thread: 27
2026-06-12 09:25:31 [TestNG-tests-1] INFO  Baseclass - WebDriver Initialized and Browser Maximized
2026-06-12 09:25:33 [TestNG-tests-2] INFO  Baseclass - WebDriver Initialized and Browser Maximized
2026-06-12 09:25:33 [TestNG-tests-2] INFO  ActionDriver - Applied the border with color green to element: Element with name: username
2026-06-12 09:25:33 [TestNG-tests-2] INFO  ActionDriver - Entered text on Element with name: username-->wronguser
2026-06-12 09:25:33 [TestNG-tests-2] INFO  ActionDriver - Applied the border with color green to element: Element with name: password
2026-06-12 09:25:33 [TestNG-tests-1] INFO  ActionDriver - Applied the border with color green to element: Element with name: username
2026-06-12 09:25:34 [TestNG-tests-1] INFO  ActionDriver - Entered text on Element with name: username-->admin
2026-06-12 09:25:34 [TestNG-tests-2] INFO  ActionDriver - Entered text on Element with name: password-->wrongpassword
2026-06-12 09:25:34 [TestNG-tests-1] INFO  ActionDriver - Applied the border with color green to element: Element with name: password
2026-06-12 09:25:34 [TestNG-tests-2] INFO  ActionDriver - Applied the border with color green to element: Element with text: Login
2026-06-12 09:25:34 [TestNG-tests-1] INFO  ActionDriver - Entered text on Element with name: password-->admin123
2026-06-12 09:25:34 [TestNG-tests-1] INFO  ActionDriver - Applied the border with color green to element: Element with text: Login
2026-06-12 09:25:34 [TestNG-tests-1] INFO  ActionDriver - clicked an element-->Element with text: Login
2026-06-12 09:25:35 [TestNG-tests-2] INFO  ActionDriver - clicked an element-->Element with text: Login
2026-06-12 09:25:36 [TestNG-tests-2] INFO  ActionDriver - Applied the border with color green to element: Element with text: Invalid credentials
2026-06-12 09:25:36 [TestNG-tests-2] INFO  ActionDriver - Texts are Matching:Invalid credentials equals Invalid credentials
2026-06-12 09:25:36 [TestNG-tests-1] INFO  ActionDriver - Applied the border with color green to element: Element with text: Admin
2026-06-12 09:25:36 [TestNG-tests-1] INFO  ActionDriver - Element is displayed Element with text: Admin
2026-06-12 09:25:37 [TestNG-tests-2] INFO  Baseclass - WebDriver instance is closed.
2026-06-12 09:25:37 [TestNG-tests-1] INFO  ActionDriver - Applied the border with color green to element: Element with text: FirstNameTest LastNameTest
2026-06-12 09:25:37 [TestNG-tests-1] INFO  ActionDriver - clicked an element-->Element with text: FirstNameTest LastNameTest
2026-06-12 09:25:37 [TestNG-tests-1] INFO  ActionDriver - Applied the border with color green to element: Element with text: Logout
2026-06-12 09:25:38 [TestNG-tests-2] INFO  Baseclass - EdgeDriver Instance is created.
2026-06-12 09:25:38 [TestNG-tests-2] INFO  ActionDriver - WebDriver instance is created.
2026-06-12 09:25:38 [TestNG-tests-2] INFO  Baseclass - ActionDriver initialized for thread: 28
2026-06-12 09:25:39 [TestNG-tests-1] INFO  ActionDriver - clicked an element-->Element with text: Logout
2026-06-12 09:25:39 [TestNG-tests-1] INFO  Baseclass - WebDriver instance is closed.
2026-06-12 09:25:44 [TestNG-tests-2] INFO  Baseclass - WebDriver Initialized and Browser Maximized
2026-06-12 09:25:44 [TestNG-tests-2] INFO  ActionDriver - Applied the border with color green to element: Element with name: username
2026-06-12 09:25:44 [TestNG-tests-2] INFO  ActionDriver - Entered text on Element with name: username-->admin
2026-06-12 09:25:44 [TestNG-tests-2] INFO  ActionDriver - Applied the border with color green to element: Element with name: password
2026-06-12 09:25:44 [TestNG-tests-2] INFO  ActionDriver - Entered text on Element with name: password-->admin123
2026-06-12 09:25:45 [TestNG-tests-2] INFO  ActionDriver - Applied the border with color green to element: Element with text: Login
2026-06-12 09:25:46 [TestNG-tests-2] INFO  ActionDriver - clicked an element-->Element with text: Login
2026-06-12 09:25:57 [TestNG-tests-2] INFO  ActionDriver - Applied the border with color green to element: Element located using: By.xpath: //span[text()='Admin']
2026-06-12 09:25:57 [TestNG-tests-2] INFO  ActionDriver - Element is displayed Element located using: By.xpath: //span[text()='Admin']
2026-06-12 09:25:57 [TestNG-tests-2] INFO  Baseclass - WebDriver instance is closed.
2026-06-12 09:28:02 [main] INFO  Baseclass - config.properties file loaded
2026-06-12 09:28:05 [TestNG-tests-1] INFO  Baseclass - ChromeDriver Instance is created.
2026-06-12 09:28:05 [TestNG-tests-1] INFO  ActionDriver - WebDriver instance is created.
2026-06-12 09:28:05 [TestNG-tests-1] INFO  Baseclass - ActionDriver initialized for thread: 28
2026-06-12 09:28:05 [TestNG-tests-2] INFO  Baseclass - EdgeDriver Instance is created.
2026-06-12 09:28:05 [TestNG-tests-2] INFO  ActionDriver - WebDriver instance is created.
2026-06-12 09:28:05 [TestNG-tests-2] INFO  Baseclass - ActionDriver initialized for thread: 29
2026-06-12 09:28:14 [TestNG-tests-2] INFO  Baseclass - WebDriver Initialized and Browser Maximized
2026-06-12 09:28:15 [TestNG-tests-2] INFO  ActionDriver - Applied the border with color green to element: Element with name: username
2026-06-12 09:28:15 [TestNG-tests-2] INFO  ActionDriver - Entered text on Element with name: username-->wronguser
2026-06-12 09:28:15 [TestNG-tests-2] INFO  ActionDriver - Applied the border with color green to element: Element with name: password
2026-06-12 09:28:15 [TestNG-tests-2] INFO  ActionDriver - Entered text on Element with name: password-->wrongpassword
2026-06-12 09:28:16 [TestNG-tests-2] INFO  ActionDriver - Applied the border with color green to element: Element with text: Login
2026-06-12 09:28:16 [TestNG-tests-1] INFO  Baseclass - WebDriver Initialized and Browser Maximized
2026-06-12 09:28:17 [TestNG-tests-1] INFO  ActionDriver - Applied the border with color green to element: Element with name: username
2026-06-12 09:28:17 [TestNG-tests-2] INFO  ActionDriver - clicked an element-->Element with text: Login
2026-06-12 09:28:17 [TestNG-tests-1] INFO  ActionDriver - Entered text on Element with name: username-->wronguser
2026-06-12 09:28:17 [TestNG-tests-1] INFO  ActionDriver - Applied the border with color green to element: Element with name: password
2026-06-12 09:28:17 [TestNG-tests-1] INFO  ActionDriver - Entered text on Element with name: password-->wrongpassword
2026-06-12 09:28:17 [TestNG-tests-2] INFO  ActionDriver - Applied the border with color green to element: Element with text: Invalid credentials
2026-06-12 09:28:17 [TestNG-tests-2] INFO  ActionDriver - Texts are Matching:Invalid credentials equals Invalid credentials
2026-06-12 09:28:18 [TestNG-tests-1] INFO  ActionDriver - Applied the border with color green to element: Element with text: Login
2026-06-12 09:28:18 [TestNG-tests-2] INFO  Baseclass - WebDriver instance is closed.
2026-06-12 09:28:19 [TestNG-tests-1] INFO  ActionDriver - clicked an element-->Element with text: Login
2026-06-12 09:28:19 [TestNG-tests-2] INFO  Baseclass - EdgeDriver Instance is created.
2026-06-12 09:28:19 [TestNG-tests-2] INFO  ActionDriver - WebDriver instance is created.
2026-06-12 09:28:20 [TestNG-tests-2] INFO  Baseclass - ActionDriver initialized for thread: 29
2026-06-12 09:28:20 [TestNG-tests-1] INFO  ActionDriver - Applied the border with color green to element: Element with text: Invalid credentials
2026-06-12 09:28:20 [TestNG-tests-1] INFO  ActionDriver - Texts are Matching:Invalid credentials equals Invalid credentials
2026-06-12 09:28:20 [TestNG-tests-1] INFO  Baseclass - WebDriver instance is closed.
2026-06-12 09:28:21 [TestNG-tests-1] INFO  Baseclass - ChromeDriver Instance is created.
2026-06-12 09:28:21 [TestNG-tests-1] INFO  ActionDriver - WebDriver instance is created.
2026-06-12 09:28:21 [TestNG-tests-1] INFO  Baseclass - ActionDriver initialized for thread: 28
2026-06-12 09:28:23 [TestNG-tests-2] INFO  Baseclass - WebDriver Initialized and Browser Maximized
2026-06-12 09:28:28 [TestNG-tests-2] INFO  ActionDriver - Applied the border with color green to element: Element with name: username
2026-06-12 09:28:28 [TestNG-tests-2] INFO  ActionDriver - Entered text on Element with name: username-->admin
2026-06-12 09:28:28 [TestNG-tests-2] INFO  ActionDriver - Applied the border with color green to element: Element with name: password
2026-06-12 09:28:28 [TestNG-tests-2] INFO  ActionDriver - Entered text on Element with name: password-->admin123
2026-06-12 09:28:28 [TestNG-tests-2] INFO  ActionDriver - Applied the border with color green to element: Element with text: Login
2026-06-12 09:28:30 [TestNG-tests-2] INFO  ActionDriver - clicked an element-->Element with text: Login
2026-06-12 09:28:32 [TestNG-tests-1] INFO  Baseclass - WebDriver Initialized and Browser Maximized
2026-06-12 09:28:32 [TestNG-tests-1] INFO  ActionDriver - Applied the border with color green to element: Element with name: username
2026-06-12 09:28:32 [TestNG-tests-1] INFO  ActionDriver - Entered text on Element with name: username-->admin
2026-06-12 09:28:32 [TestNG-tests-1] INFO  ActionDriver - Applied the border with color green to element: Element with name: password
2026-06-12 09:28:32 [TestNG-tests-1] INFO  ActionDriver - Entered text on Element with name: password-->admin123
2026-06-12 09:28:33 [TestNG-tests-1] INFO  ActionDriver - Applied the border with color green to element: Element with text: Login
2026-06-12 09:28:33 [TestNG-tests-1] INFO  ActionDriver - clicked an element-->Element with text: Login
2026-06-12 09:28:35 [TestNG-tests-1] INFO  ActionDriver - Applied the border with color green to element: Element with text: Admin
2026-06-12 09:28:35 [TestNG-tests-1] INFO  ActionDriver - Element is displayed Element with text: Admin
2026-06-12 09:28:35 [TestNG-tests-1] INFO  ActionDriver - Applied the border with color green to element: Element with text: FirstNameTest LastNameTest
2026-06-12 09:28:36 [TestNG-tests-1] INFO  ActionDriver - clicked an element-->Element with text: FirstNameTest LastNameTest
2026-06-12 09:28:36 [TestNG-tests-1] INFO  ActionDriver - Applied the border with color green to element: Element with text: Logout
2026-06-12 09:28:40 [TestNG-tests-1] INFO  ActionDriver - clicked an element-->Element with text: Logout
2026-06-12 09:28:40 [TestNG-tests-1] INFO  Baseclass - WebDriver instance is closed.
2026-06-12 09:28:50 [TestNG-tests-2] INFO  ActionDriver - Applied the border with color green to element: Element located using: By.xpath: //span[text()='Admin']
2026-06-12 09:28:50 [TestNG-tests-2] INFO  ActionDriver - Element is displayed Element located using: By.xpath: //span[text()='Admin']
2026-06-12 09:28:51 [TestNG-tests-2] INFO  Baseclass - WebDriver instance is closed.
2026-06-12 09:34:04 [main] INFO  Baseclass - config.properties file loaded
2026-06-12 09:34:07 [TestNG-tests-2] INFO  Baseclass - EdgeDriver Instance is created.
2026-06-12 09:34:07 [TestNG-tests-1] INFO  Baseclass - ChromeDriver Instance is created.
2026-06-12 09:34:07 [TestNG-tests-2] INFO  ActionDriver - WebDriver instance is created.
2026-06-12 09:34:07 [TestNG-tests-1] INFO  ActionDriver - WebDriver instance is created.
2026-06-12 09:34:07 [TestNG-tests-2] INFO  Baseclass - ActionDriver initialized for thread: 29
2026-06-12 09:34:07 [TestNG-tests-1] INFO  Baseclass - ActionDriver initialized for thread: 28
2026-06-12 09:34:15 [TestNG-tests-2] INFO  Baseclass - WebDriver Initialized and Browser Maximized
2026-06-12 09:34:15 [TestNG-tests-1] INFO  Baseclass - WebDriver Initialized and Browser Maximized
2026-06-12 09:34:15 [TestNG-tests-2] INFO  ActionDriver - Applied the border with color green to element: Element with name: username
2026-06-12 09:34:15 [TestNG-tests-1] INFO  ActionDriver - Applied the border with color green to element: Element with name: username
2026-06-12 09:34:15 [TestNG-tests-2] INFO  ActionDriver - Entered text on Element with name: username-->wronguser
2026-06-12 09:34:15 [TestNG-tests-1] INFO  ActionDriver - Entered text on Element with name: username-->wronguser
2026-06-12 09:34:16 [TestNG-tests-2] INFO  ActionDriver - Applied the border with color green to element: Element with name: password
2026-06-12 09:34:16 [TestNG-tests-1] INFO  ActionDriver - Applied the border with color green to element: Element with name: password
2026-06-12 09:34:16 [TestNG-tests-1] INFO  ActionDriver - Entered text on Element with name: password-->wrongpassword
2026-06-12 09:34:16 [TestNG-tests-2] INFO  ActionDriver - Entered text on Element with name: password-->wrongpassword
2026-06-12 09:34:16 [TestNG-tests-1] INFO  ActionDriver - Applied the border with color green to element: Element with text: Login
2026-06-12 09:34:16 [TestNG-tests-2] INFO  ActionDriver - Applied the border with color green to element: Element with text: Login
2026-06-12 09:34:16 [TestNG-tests-1] INFO  ActionDriver - clicked an element-->Element with text: Login
2026-06-12 09:34:17 [TestNG-tests-2] INFO  ActionDriver - clicked an element-->Element with text: Login
2026-06-12 09:34:18 [TestNG-tests-1] INFO  ActionDriver - Applied the border with color green to element: Element with text: Invalid credentials
2026-06-12 09:34:18 [TestNG-tests-1] INFO  ActionDriver - Texts are Matching:Invalid credentials equals Invalid credentials
2026-06-12 09:34:18 [TestNG-tests-2] INFO  ActionDriver - Applied the border with color green to element: Element with text: Invalid credentials
2026-06-12 09:34:18 [TestNG-tests-2] INFO  ActionDriver - Texts are Matching:Invalid credentials equals Invalid credentials
2026-06-12 09:34:19 [TestNG-tests-1] INFO  Baseclass - WebDriver instance is closed.
2026-06-12 09:34:19 [TestNG-tests-2] INFO  Baseclass - WebDriver instance is closed.
2026-06-12 09:34:20 [TestNG-tests-1] INFO  Baseclass - ChromeDriver Instance is created.
2026-06-12 09:34:20 [TestNG-tests-1] INFO  ActionDriver - WebDriver instance is created.
2026-06-12 09:34:20 [TestNG-tests-1] INFO  Baseclass - ActionDriver initialized for thread: 28
2026-06-12 09:34:20 [TestNG-tests-2] INFO  Baseclass - EdgeDriver Instance is created.
2026-06-12 09:34:20 [TestNG-tests-2] INFO  ActionDriver - WebDriver instance is created.
2026-06-12 09:34:20 [TestNG-tests-2] INFO  Baseclass - ActionDriver initialized for thread: 29
2026-06-12 09:34:31 [TestNG-tests-1] INFO  Baseclass - WebDriver Initialized and Browser Maximized
2026-06-12 09:34:31 [TestNG-tests-1] INFO  ActionDriver - Applied the border with color green to element: Element with name: username
2026-06-12 09:34:31 [TestNG-tests-1] INFO  ActionDriver - Entered text on Element with name: username-->admin
2026-06-12 09:34:31 [TestNG-tests-1] INFO  ActionDriver - Applied the border with color green to element: Element with name: password
2026-06-12 09:34:32 [TestNG-tests-1] INFO  ActionDriver - Entered text on Element with name: password-->admin123
2026-06-12 09:34:32 [TestNG-tests-1] INFO  ActionDriver - Applied the border with color green to element: Element with text: Login
2026-06-12 09:34:33 [TestNG-tests-1] INFO  ActionDriver - clicked an element-->Element with text: Login
2026-06-12 09:34:33 [TestNG-tests-2] INFO  Baseclass - WebDriver Initialized and Browser Maximized
2026-06-12 09:34:34 [TestNG-tests-2] INFO  ActionDriver - Applied the border with color green to element: Element with name: username
2026-06-12 09:34:34 [TestNG-tests-1] INFO  ActionDriver - Applied the border with color green to element: Element with text: Admin
2026-06-12 09:34:34 [TestNG-tests-1] INFO  ActionDriver - Element is displayed Element with text: Admin
2026-06-12 09:34:34 [TestNG-tests-2] INFO  ActionDriver - Entered text on Element with name: username-->admin
2026-06-12 09:34:34 [TestNG-tests-2] INFO  ActionDriver - Applied the border with color green to element: Element with name: password
2026-06-12 09:34:35 [TestNG-tests-1] INFO  ActionDriver - Applied the border with color green to element: Element with text: manda user
2026-06-12 09:34:35 [TestNG-tests-2] INFO  ActionDriver - Entered text on Element with name: password-->admin123
2026-06-12 09:34:35 [TestNG-tests-1] INFO  ActionDriver - clicked an element-->Element with text: manda user
2026-06-12 09:34:35 [TestNG-tests-2] INFO  ActionDriver - Applied the border with color green to element: Element with text: Login
2026-06-12 09:34:35 [TestNG-tests-1] INFO  ActionDriver - Applied the border with color green to element: Element with text: Logout
2026-06-12 09:34:37 [TestNG-tests-1] INFO  ActionDriver - clicked an element-->Element with text: Logout
2026-06-12 09:34:38 [TestNG-tests-2] INFO  ActionDriver - clicked an element-->Element with text: Login
2026-06-12 09:34:38 [TestNG-tests-1] INFO  Baseclass - WebDriver instance is closed.
2026-06-12 09:34:58 [TestNG-tests-2] INFO  ActionDriver - Applied the border with color green to element: Element located using: By.xpath: //span[text()='Admin']
2026-06-12 09:34:58 [TestNG-tests-2] INFO  ActionDriver - Element is displayed Element located using: By.xpath: //span[text()='Admin']
2026-06-12 09:34:59 [TestNG-tests-2] INFO  Baseclass - WebDriver instance is closed.
2026-06-12 09:37:57 [main] INFO  Baseclass - config.properties file loaded
2026-06-12 09:37:59 [TestNG-tests-1] INFO  Baseclass - ChromeDriver Instance is created.
2026-06-12 09:37:59 [TestNG-tests-2] INFO  Baseclass - EdgeDriver Instance is created.
2026-06-12 09:37:59 [TestNG-tests-2] INFO  ActionDriver - WebDriver instance is created.
2026-06-12 09:37:59 [TestNG-tests-1] INFO  ActionDriver - WebDriver instance is created.
2026-06-12 09:37:59 [TestNG-tests-2] INFO  Baseclass - ActionDriver initialized for thread: 29
2026-06-12 09:37:59 [TestNG-tests-1] INFO  Baseclass - ActionDriver initialized for thread: 28
2026-06-12 09:38:07 [TestNG-tests-1] INFO  Baseclass - WebDriver Initialized and Browser Maximized
2026-06-12 09:38:07 [TestNG-tests-1] INFO  ActionDriver - Applied the border with color green to element: Element with name: username
2026-06-12 09:38:07 [TestNG-tests-1] INFO  ActionDriver - Entered text on Element with name: username-->wronguser
2026-06-12 09:38:07 [TestNG-tests-1] INFO  ActionDriver - Applied the border with color green to element: Element with name: password
2026-06-12 09:38:07 [TestNG-tests-1] INFO  ActionDriver - Entered text on Element with name: password-->wrongpassword
2026-06-12 09:38:07 [TestNG-tests-1] INFO  ActionDriver - Applied the border with color green to element: Element with text: Login
2026-06-12 09:38:08 [TestNG-tests-2] INFO  Baseclass - WebDriver Initialized and Browser Maximized
2026-06-12 09:38:08 [TestNG-tests-2] INFO  ActionDriver - Applied the border with color green to element: Element with name: username
2026-06-12 09:38:08 [TestNG-tests-2] INFO  ActionDriver - Entered text on Element with name: username-->wronguser
2026-06-12 09:38:08 [TestNG-tests-2] INFO  ActionDriver - Applied the border with color green to element: Element with name: password
2026-06-12 09:38:08 [TestNG-tests-2] INFO  ActionDriver - Entered text on Element with name: password-->wrongpassword
2026-06-12 09:38:08 [TestNG-tests-2] INFO  ActionDriver - Applied the border with color green to element: Element with text: Login
2026-06-12 09:38:09 [TestNG-tests-1] INFO  ActionDriver - clicked an element-->Element with text: Login
2026-06-12 09:38:09 [TestNG-tests-1] INFO  ActionDriver - Applied the border with color green to element: Element with text: Invalid credentials
2026-06-12 09:38:09 [TestNG-tests-1] INFO  ActionDriver - Texts are Matching:Invalid credentials equals Invalid credentials
2026-06-12 09:38:10 [TestNG-tests-2] INFO  ActionDriver - clicked an element-->Element with text: Login
2026-06-12 09:38:10 [TestNG-tests-1] INFO  Baseclass - WebDriver instance is closed.
2026-06-12 09:38:10 [TestNG-tests-2] INFO  ActionDriver - Applied the border with color green to element: Element with text: Invalid credentials
2026-06-12 09:38:10 [TestNG-tests-2] INFO  ActionDriver - Texts are Matching:Invalid credentials equals Invalid credentials
2026-06-12 09:38:11 [TestNG-tests-1] INFO  Baseclass - ChromeDriver Instance is created.
2026-06-12 09:38:11 [TestNG-tests-1] INFO  ActionDriver - WebDriver instance is created.
2026-06-12 09:38:11 [TestNG-tests-1] INFO  Baseclass - ActionDriver initialized for thread: 28
2026-06-12 09:38:11 [TestNG-tests-2] INFO  Baseclass - WebDriver instance is closed.
2026-06-12 09:38:13 [TestNG-tests-2] INFO  Baseclass - EdgeDriver Instance is created.
2026-06-12 09:38:13 [TestNG-tests-2] INFO  ActionDriver - WebDriver instance is created.
2026-06-12 09:38:13 [TestNG-tests-2] INFO  Baseclass - ActionDriver initialized for thread: 29
2026-06-12 09:38:18 [TestNG-tests-1] INFO  Baseclass - WebDriver Initialized and Browser Maximized
2026-06-12 09:38:18 [TestNG-tests-1] INFO  ActionDriver - Applied the border with color green to element: Element with name: username
2026-06-12 09:38:18 [TestNG-tests-1] INFO  ActionDriver - Entered text on Element with name: username-->admin
2026-06-12 09:38:18 [TestNG-tests-1] INFO  ActionDriver - Applied the border with color green to element: Element with name: password
2026-06-12 09:38:18 [TestNG-tests-1] INFO  ActionDriver - Entered text on Element with name: password-->admin123
2026-06-12 09:38:18 [TestNG-tests-1] INFO  ActionDriver - Applied the border with color green to element: Element with text: Login
2026-06-12 09:38:18 [TestNG-tests-1] INFO  ActionDriver - clicked an element-->Element with text: Login
2026-06-12 09:38:20 [TestNG-tests-2] INFO  Baseclass - WebDriver Initialized and Browser Maximized
2026-06-12 09:38:20 [TestNG-tests-2] INFO  ActionDriver - Applied the border with color green to element: Element with name: username
2026-06-12 09:38:20 [TestNG-tests-2] INFO  ActionDriver - Entered text on Element with name: username-->admin
2026-06-12 09:38:21 [TestNG-tests-2] INFO  ActionDriver - Applied the border with color green to element: Element with name: password
2026-06-12 09:38:21 [TestNG-tests-2] INFO  ActionDriver - Entered text on Element with name: password-->admin123
2026-06-12 09:38:21 [TestNG-tests-2] INFO  ActionDriver - Applied the border with color green to element: Element with text: Login
2026-06-12 09:38:23 [TestNG-tests-2] INFO  ActionDriver - clicked an element-->Element with text: Login
2026-06-12 09:38:39 [TestNG-tests-1] INFO  ActionDriver - Applied the border with color green to element: Element located using: By.xpath: //span[text()='Admin']
2026-06-12 09:38:39 [TestNG-tests-1] INFO  ActionDriver - Element is displayed Element located using: By.xpath: //span[text()='Admin']
2026-06-12 09:38:39 [TestNG-tests-1] INFO  Baseclass - WebDriver instance is closed.
2026-06-12 09:38:43 [TestNG-tests-2] INFO  ActionDriver - Applied the border with color green to element: Element located using: By.xpath: //span[text()='Admin']
2026-06-12 09:38:44 [TestNG-tests-2] INFO  ActionDriver - Element is displayed Element located using: By.xpath: //span[text()='Admin']
2026-06-12 09:38:44 [TestNG-tests-2] INFO  Baseclass - WebDriver instance is closed.
2026-06-12 09:39:24 [main] INFO  Baseclass - config.properties file loaded
2026-06-12 09:39:28 [TestNG-tests-2] INFO  Baseclass - EdgeDriver Instance is created.
2026-06-12 09:39:28 [TestNG-tests-1] INFO  Baseclass - ChromeDriver Instance is created.
2026-06-12 09:39:28 [TestNG-tests-1] INFO  ActionDriver - WebDriver instance is created.
2026-06-12 09:39:28 [TestNG-tests-1] INFO  Baseclass - ActionDriver initialized for thread: 28
2026-06-12 09:39:28 [TestNG-tests-2] INFO  ActionDriver - WebDriver instance is created.
2026-06-12 09:39:28 [TestNG-tests-2] INFO  Baseclass - ActionDriver initialized for thread: 29
2026-06-12 09:39:35 [TestNG-tests-2] INFO  Baseclass - WebDriver Initialized and Browser Maximized
2026-06-12 09:39:35 [TestNG-tests-1] INFO  Baseclass - WebDriver Initialized and Browser Maximized
2026-06-12 09:39:35 [TestNG-tests-2] INFO  ActionDriver - Applied the border with color green to element: Element with name: username
2026-06-12 09:39:35 [TestNG-tests-1] INFO  ActionDriver - Applied the border with color green to element: Element with name: username
2026-06-12 09:39:35 [TestNG-tests-2] INFO  ActionDriver - Entered text on Element with name: username-->wronguser
2026-06-12 09:39:35 [TestNG-tests-1] INFO  ActionDriver - Entered text on Element with name: username-->wronguser
2026-06-12 09:39:36 [TestNG-tests-2] INFO  ActionDriver - Applied the border with color green to element: Element with name: password
2026-06-12 09:39:36 [TestNG-tests-1] INFO  ActionDriver - Applied the border with color green to element: Element with name: password
2026-06-12 09:39:36 [TestNG-tests-1] INFO  ActionDriver - Entered text on Element with name: password-->wrongpassword
2026-06-12 09:39:36 [TestNG-tests-2] INFO  ActionDriver - Entered text on Element with name: password-->wrongpassword
2026-06-12 09:39:36 [TestNG-tests-1] INFO  ActionDriver - Applied the border with color green to element: Element with text: Login
2026-06-12 09:39:36 [TestNG-tests-2] INFO  ActionDriver - Applied the border with color green to element: Element with text: Login
2026-06-12 09:39:36 [TestNG-tests-1] INFO  ActionDriver - clicked an element-->Element with text: Login
2026-06-12 09:39:37 [TestNG-tests-2] INFO  ActionDriver - clicked an element-->Element with text: Login
2026-06-12 09:39:38 [TestNG-tests-1] INFO  ActionDriver - Applied the border with color green to element: Element with text: Invalid credentials
2026-06-12 09:39:38 [TestNG-tests-1] INFO  ActionDriver - Texts are Matching:Invalid credentials equals Invalid credentials
2026-06-12 09:39:38 [TestNG-tests-2] INFO  ActionDriver - Applied the border with color green to element: Element with text: Invalid credentials
2026-06-12 09:39:38 [TestNG-tests-2] INFO  ActionDriver - Texts are Matching:Invalid credentials equals Invalid credentials
2026-06-12 09:39:38 [TestNG-tests-1] INFO  Baseclass - WebDriver instance is closed.
2026-06-12 09:39:39 [TestNG-tests-2] INFO  Baseclass - WebDriver instance is closed.
2026-06-12 09:39:40 [TestNG-tests-2] INFO  Baseclass - EdgeDriver Instance is created.
2026-06-12 09:39:40 [TestNG-tests-2] INFO  ActionDriver - WebDriver instance is created.
2026-06-12 09:39:40 [TestNG-tests-2] INFO  Baseclass - ActionDriver initialized for thread: 29
2026-06-12 09:39:41 [TestNG-tests-1] INFO  Baseclass - ChromeDriver Instance is created.
2026-06-12 09:39:41 [TestNG-tests-1] INFO  ActionDriver - WebDriver instance is created.
2026-06-12 09:39:41 [TestNG-tests-1] INFO  Baseclass - ActionDriver initialized for thread: 28
2026-06-12 09:39:50 [TestNG-tests-1] INFO  Baseclass - WebDriver Initialized and Browser Maximized
2026-06-12 09:39:50 [TestNG-tests-1] INFO  ActionDriver - Applied the border with color green to element: Element with name: username
2026-06-12 09:39:51 [TestNG-tests-1] INFO  ActionDriver - Entered text on Element with name: username-->admin
2026-06-12 09:39:51 [TestNG-tests-1] INFO  ActionDriver - Applied the border with color green to element: Element with name: password
2026-06-12 09:39:51 [TestNG-tests-1] INFO  ActionDriver - Entered text on Element with name: password-->admin123
2026-06-12 09:39:51 [TestNG-tests-1] INFO  ActionDriver - Applied the border with color green to element: Element with text: Login
2026-06-12 09:39:52 [TestNG-tests-2] INFO  Baseclass - WebDriver Initialized and Browser Maximized
2026-06-12 09:39:52 [TestNG-tests-2] INFO  ActionDriver - Applied the border with color green to element: Element with name: username
2026-06-12 09:39:52 [TestNG-tests-2] INFO  ActionDriver - Entered text on Element with name: username-->admin
2026-06-12 09:39:53 [TestNG-tests-2] INFO  ActionDriver - Applied the border with color green to element: Element with name: password
2026-06-12 09:39:53 [TestNG-tests-2] INFO  ActionDriver - Entered text on Element with name: password-->admin123
2026-06-12 09:39:53 [TestNG-tests-2] INFO  ActionDriver - Applied the border with color green to element: Element with text: Login
2026-06-12 09:39:53 [TestNG-tests-1] INFO  ActionDriver - clicked an element-->Element with text: Login
2026-06-12 09:39:54 [TestNG-tests-1] INFO  ActionDriver - Applied the border with color green to element: Element with text: Admin
2026-06-12 09:39:54 [TestNG-tests-1] INFO  ActionDriver - Element is displayed Element with text: Admin
2026-06-12 09:39:55 [TestNG-tests-1] INFO  ActionDriver - Applied the border with color green to element: Element with text: manda user
2026-06-12 09:39:55 [TestNG-tests-1] INFO  ActionDriver - clicked an element-->Element with text: manda user
2026-06-12 09:39:55 [TestNG-tests-1] INFO  ActionDriver - Applied the border with color green to element: Element with text: Logout
2026-06-12 09:39:55 [TestNG-tests-2] INFO  ActionDriver - clicked an element-->Element with text: Login
2026-06-12 09:39:56 [TestNG-tests-2] INFO  ActionDriver - Applied the border with color green to element: Element with text: Admin
2026-06-12 09:39:56 [TestNG-tests-2] INFO  ActionDriver - Element is displayed Element with text: Admin
2026-06-12 09:39:57 [TestNG-tests-2] INFO  ActionDriver - Applied the border with color green to element: Element with text: manda user
2026-06-12 09:39:57 [TestNG-tests-2] INFO  ActionDriver - clicked an element-->Element with text: manda user
2026-06-12 09:39:57 [TestNG-tests-2] INFO  ActionDriver - Applied the border with color green to element: Element with text: Logout
2026-06-12 09:39:58 [TestNG-tests-1] INFO  ActionDriver - clicked an element-->Element with text: Logout
2026-06-12 09:39:59 [TestNG-tests-1] INFO  Baseclass - WebDriver instance is closed.
2026-06-12 09:40:00 [TestNG-tests-2] INFO  ActionDriver - clicked an element-->Element with text: Logout
2026-06-12 09:40:00 [TestNG-tests-2] INFO  Baseclass - WebDriver instance is closed.
2026-06-12 09:44:15 [main] INFO  Baseclass - config.properties file loaded
2026-06-12 09:44:19 [TestNG-tests-2] INFO  Baseclass - EdgeDriver Instance is created.
2026-06-12 09:44:19 [TestNG-tests-1] INFO  Baseclass - ChromeDriver Instance is created.
2026-06-12 09:44:19 [TestNG-tests-2] INFO  ActionDriver - WebDriver instance is created.
2026-06-12 09:44:19 [TestNG-tests-1] INFO  ActionDriver - WebDriver instance is created.
2026-06-12 09:44:19 [TestNG-tests-2] INFO  Baseclass - ActionDriver initialized for thread: 29
2026-06-12 09:44:19 [TestNG-tests-1] INFO  Baseclass - ActionDriver initialized for thread: 28
2026-06-12 09:44:27 [TestNG-tests-2] INFO  Baseclass - WebDriver Initialized and Browser Maximized
2026-06-12 09:44:27 [TestNG-tests-2] INFO  ActionDriver - Applied the border with color green to element: Element with name: username
2026-06-12 09:44:27 [TestNG-tests-2] INFO  ActionDriver - Entered text on Element with name: username-->wronguser
2026-06-12 09:44:27 [TestNG-tests-2] INFO  ActionDriver - Applied the border with color green to element: Element with name: password
2026-06-12 09:44:28 [TestNG-tests-2] INFO  ActionDriver - Entered text on Element with name: password-->wrongpassword
2026-06-12 09:44:28 [TestNG-tests-2] INFO  ActionDriver - Applied the border with color green to element: Element with text: Login
2026-06-12 09:44:29 [TestNG-tests-1] INFO  Baseclass - WebDriver Initialized and Browser Maximized
2026-06-12 09:44:29 [TestNG-tests-2] INFO  ActionDriver - clicked an element-->Element with text: Login
2026-06-12 09:44:29 [TestNG-tests-1] INFO  ActionDriver - Applied the border with color green to element: Element with name: username
2026-06-12 09:44:29 [TestNG-tests-1] INFO  ActionDriver - Entered text on Element with name: username-->wronguser
2026-06-12 09:44:30 [TestNG-tests-1] INFO  ActionDriver - Applied the border with color green to element: Element with name: password
2026-06-12 09:44:30 [TestNG-tests-2] INFO  ActionDriver - Applied the border with color green to element: Element with text: Invalid credentials
2026-06-12 09:44:30 [TestNG-tests-2] INFO  ActionDriver - Texts are Matching:Invalid credentials equals Invalid credentials
2026-06-12 09:44:30 [TestNG-tests-1] INFO  ActionDriver - Entered text on Element with name: password-->wrongpassword
2026-06-12 09:44:30 [TestNG-tests-1] INFO  ActionDriver - Applied the border with color green to element: Element with text: Login
2026-06-12 09:44:30 [TestNG-tests-1] INFO  ActionDriver - clicked an element-->Element with text: Login
2026-06-12 09:44:31 [TestNG-tests-2] INFO  Baseclass - WebDriver instance is closed.
2026-06-12 09:44:32 [TestNG-tests-1] INFO  ActionDriver - Applied the border with color green to element: Element with text: Invalid credentials
2026-06-12 09:44:32 [TestNG-tests-1] INFO  ActionDriver - Texts are Matching:Invalid credentials equals Invalid credentials
2026-06-12 09:44:33 [TestNG-tests-2] INFO  Baseclass - EdgeDriver Instance is created.
2026-06-12 09:44:33 [TestNG-tests-2] INFO  ActionDriver - WebDriver instance is created.
2026-06-12 09:44:33 [TestNG-tests-2] INFO  Baseclass - ActionDriver initialized for thread: 29
2026-06-12 09:44:34 [TestNG-tests-1] INFO  Baseclass - WebDriver instance is closed.
2026-06-12 09:44:35 [TestNG-tests-1] INFO  Baseclass - ChromeDriver Instance is created.
2026-06-12 09:44:35 [TestNG-tests-1] INFO  ActionDriver - WebDriver instance is created.
2026-06-12 09:44:35 [TestNG-tests-1] INFO  Baseclass - ActionDriver initialized for thread: 28
2026-06-12 09:44:39 [TestNG-tests-1] INFO  Baseclass - WebDriver Initialized and Browser Maximized
2026-06-12 09:44:39 [TestNG-tests-2] INFO  Baseclass - WebDriver Initialized and Browser Maximized
2026-06-12 09:44:39 [TestNG-tests-2] INFO  ActionDriver - Applied the border with color green to element: Element with name: username
2026-06-12 09:44:40 [TestNG-tests-2] INFO  ActionDriver - Entered text on Element with name: username-->admin
2026-06-12 09:44:40 [TestNG-tests-2] INFO  ActionDriver - Applied the border with color green to element: Element with name: password
2026-06-12 09:44:40 [TestNG-tests-2] INFO  ActionDriver - Entered text on Element with name: password-->admin123
2026-06-12 09:44:40 [TestNG-tests-2] INFO  ActionDriver - Applied the border with color green to element: Element with text: Login
2026-06-12 09:44:41 [TestNG-tests-1] INFO  ActionDriver - Applied the border with color green to element: Element with name: username
2026-06-12 09:44:41 [TestNG-tests-1] INFO  ActionDriver - Entered text on Element with name: username-->admin
2026-06-12 09:44:41 [TestNG-tests-1] INFO  ActionDriver - Applied the border with color green to element: Element with name: password
2026-06-12 09:44:41 [TestNG-tests-1] INFO  ActionDriver - Entered text on Element with name: password-->admin123
2026-06-12 09:44:41 [TestNG-tests-1] INFO  ActionDriver - Applied the border with color green to element: Element with text: Login
2026-06-12 09:44:42 [TestNG-tests-2] INFO  ActionDriver - clicked an element-->Element with text: Login
2026-06-12 09:44:43 [TestNG-tests-1] INFO  ActionDriver - clicked an element-->Element with text: Login
2026-06-12 09:44:44 [TestNG-tests-1] INFO  ActionDriver - Applied the border with color green to element: Element with text: Admin
2026-06-12 09:44:44 [TestNG-tests-2] INFO  ActionDriver - Applied the border with color green to element: Element with text: Admin
2026-06-12 09:44:44 [TestNG-tests-1] INFO  ActionDriver - Element is displayed Element with text: Admin
2026-06-12 09:44:44 [TestNG-tests-2] INFO  ActionDriver - Element is displayed Element with text: Admin
2026-06-12 09:44:45 [TestNG-tests-1] INFO  ActionDriver - Applied the border with color green to element: Element with text: manda user
2026-06-12 09:44:45 [TestNG-tests-1] INFO  ActionDriver - clicked an element-->Element with text: manda user
2026-06-12 09:44:45 [TestNG-tests-2] INFO  ActionDriver - Applied the border with color green to element: Element with text: manda user
2026-06-12 09:44:46 [TestNG-tests-1] INFO  ActionDriver - Applied the border with color green to element: Element with text: Logout
2026-06-12 09:44:46 [TestNG-tests-2] INFO  ActionDriver - clicked an element-->Element with text: manda user
2026-06-12 09:44:46 [TestNG-tests-2] INFO  ActionDriver - Applied the border with color green to element: Element with text: Logout
2026-06-12 09:44:47 [TestNG-tests-1] INFO  ActionDriver - clicked an element-->Element with text: Logout
2026-06-12 09:44:48 [TestNG-tests-2] INFO  ActionDriver - clicked an element-->Element with text: Logout
2026-06-12 09:44:48 [TestNG-tests-1] INFO  Baseclass - WebDriver instance is closed.
2026-06-12 09:44:49 [TestNG-tests-2] INFO  Baseclass - WebDriver instance is closed.
2026-06-12 09:44:50 [TestNG-tests-1] INFO  Baseclass - ChromeDriver Instance is created.
2026-06-12 09:44:50 [TestNG-tests-1] INFO  ActionDriver - WebDriver instance is created.
2026-06-12 09:44:50 [TestNG-tests-1] INFO  Baseclass - ActionDriver initialized for thread: 28
2026-06-12 09:44:51 [TestNG-tests-2] INFO  Baseclass - EdgeDriver Instance is created.
2026-06-12 09:44:51 [TestNG-tests-2] INFO  ActionDriver - WebDriver instance is created.
2026-06-12 09:44:51 [TestNG-tests-2] INFO  Baseclass - ActionDriver initialized for thread: 29
2026-06-12 09:44:57 [TestNG-tests-1] INFO  Baseclass - WebDriver Initialized and Browser Maximized
2026-06-12 09:44:58 [TestNG-tests-1] INFO  ActionDriver - Applied the border with color green to element: Element with name: username
2026-06-12 09:44:58 [TestNG-tests-1] INFO  ActionDriver - Entered text on Element with name: username-->admin
2026-06-12 09:44:58 [TestNG-tests-1] INFO  ActionDriver - Applied the border with color green to element: Element with name: password
2026-06-12 09:44:58 [TestNG-tests-1] INFO  ActionDriver - Entered text on Element with name: password-->admin123
2026-06-12 09:44:59 [TestNG-tests-1] INFO  ActionDriver - Applied the border with color green to element: Element with text: Login
2026-06-12 09:45:00 [TestNG-tests-2] INFO  Baseclass - WebDriver Initialized and Browser Maximized
2026-06-12 09:45:00 [TestNG-tests-1] INFO  ActionDriver - clicked an element-->Element with text: Login
2026-06-12 09:45:00 [TestNG-tests-2] INFO  ActionDriver - Applied the border with color green to element: Element with name: username
2026-06-12 09:45:00 [TestNG-tests-2] INFO  ActionDriver - Entered text on Element with name: username-->admin
2026-06-12 09:45:01 [TestNG-tests-2] INFO  ActionDriver - Applied the border with color green to element: Element with name: password
2026-06-12 09:45:01 [TestNG-tests-1] INFO  ActionDriver - Applied the border with color green to element: Element located using: By.xpath: //div[@class='oxd-brand-banner']//img
2026-06-12 09:45:01 [TestNG-tests-2] INFO  ActionDriver - Entered text on Element with name: password-->admin123
2026-06-12 09:45:01 [TestNG-tests-1] INFO  ActionDriver - Element is displayed Element located using: By.xpath: //div[@class='oxd-brand-banner']//img
2026-06-12 09:45:01 [TestNG-tests-2] INFO  ActionDriver - Applied the border with color green to element: Element with text: Login
2026-06-12 09:45:01 [TestNG-tests-2] INFO  ActionDriver - clicked an element-->Element with text: Login
2026-06-12 09:45:03 [TestNG-tests-1] INFO  Baseclass - WebDriver instance is closed.
2026-06-12 09:45:04 [TestNG-tests-2] INFO  ActionDriver - Applied the border with color green to element: Element located using: By.xpath: //div[@class='oxd-brand-banner']//img
2026-06-12 09:45:04 [TestNG-tests-2] INFO  ActionDriver - Element is displayed Element located using: By.xpath: //div[@class='oxd-brand-banner']//img
2026-06-12 09:45:05 [TestNG-tests-2] INFO  Baseclass - WebDriver instance is closed.
2026-06-12 12:00:17 [main] INFO  Baseclass - config.properties file loaded
2026-06-12 12:00:20 [TestNG-tests-2] INFO  Baseclass - EdgeDriver Instance is created.
2026-06-12 12:00:20 [TestNG-tests-2] INFO  ActionDriver - WebDriver instance is created.
2026-06-12 12:00:20 [TestNG-tests-2] INFO  Baseclass - ActionDriver initialized for thread: 29
2026-06-12 12:00:22 [TestNG-tests-1] INFO  Baseclass - ChromeDriver Instance is created.
2026-06-12 12:00:22 [TestNG-tests-1] INFO  ActionDriver - WebDriver instance is created.
2026-06-12 12:00:22 [TestNG-tests-1] INFO  Baseclass - ActionDriver initialized for thread: 28
2026-06-12 12:00:26 [TestNG-tests-1] INFO  Baseclass - WebDriver Initialized and Browser Maximized
2026-06-12 12:00:27 [TestNG-tests-2] INFO  Baseclass - WebDriver Initialized and Browser Maximized
2026-06-12 12:00:33 [TestNG-tests-1] INFO  ActionDriver - Applied the border with color green to element: Element with name: username
2026-06-12 12:00:33 [TestNG-tests-1] INFO  ActionDriver - Entered text on Element with name: username-->wronguser
2026-06-12 12:00:33 [TestNG-tests-1] INFO  ActionDriver - Applied the border with color green to element: Element with name: password
2026-06-12 12:00:33 [TestNG-tests-1] INFO  ActionDriver - Entered text on Element with name: password-->wrongpassword
2026-06-12 12:00:33 [TestNG-tests-1] INFO  ActionDriver - Applied the border with color green to element: Element with text: Login
2026-06-12 12:00:34 [TestNG-tests-1] INFO  ActionDriver - clicked an element-->Element with text: Login
2026-06-12 12:00:41 [TestNG-tests-1] INFO  ActionDriver - Applied the border with color green to element: Element with text: Invalid credentials
2026-06-12 12:00:41 [TestNG-tests-1] INFO  ActionDriver - Texts are Matching:Invalid credentials equals Invalid credentials
2026-06-12 12:00:42 [TestNG-tests-1] INFO  Baseclass - WebDriver instance is closed.
2026-06-12 12:00:43 [TestNG-tests-1] INFO  Baseclass - ChromeDriver Instance is created.
2026-06-12 12:00:43 [TestNG-tests-1] INFO  ActionDriver - WebDriver instance is created.
2026-06-12 12:00:43 [TestNG-tests-1] INFO  Baseclass - ActionDriver initialized for thread: 28
2026-06-12 12:00:55 [TestNG-tests-1] INFO  Baseclass - WebDriver Initialized and Browser Maximized
2026-06-12 12:01:00 [TestNG-tests-1] INFO  ActionDriver - Applied the border with color green to element: Element with name: username
2026-06-12 12:01:00 [TestNG-tests-1] INFO  ActionDriver - Entered text on Element with name: username-->admin
2026-06-12 12:01:00 [TestNG-tests-1] INFO  ActionDriver - Applied the border with color green to element: Element with name: password
2026-06-12 12:01:00 [TestNG-tests-1] INFO  ActionDriver - Entered text on Element with name: password-->admin123
2026-06-12 12:01:01 [TestNG-tests-1] INFO  ActionDriver - Applied the border with color green to element: Element with text: Login
2026-06-12 12:01:12 [TestNG-tests-1] INFO  ActionDriver - clicked an element-->Element with text: Login
2026-06-12 12:01:15 [TestNG-tests-1] INFO  ActionDriver - Applied the border with color green to element: Element with text: Admin
2026-06-12 12:01:15 [TestNG-tests-1] INFO  ActionDriver - Element is displayed Element with text: Admin
2026-06-12 12:01:15 [TestNG-tests-1] INFO  ActionDriver - Applied the border with color green to element: Element with text: Name user
2026-06-12 12:01:15 [TestNG-tests-1] INFO  ActionDriver - clicked an element-->Element with text: Name user
2026-06-12 12:01:15 [TestNG-tests-1] INFO  ActionDriver - Applied the border with color green to element: Element with text: Logout
2026-06-12 12:01:23 [TestNG-tests-1] INFO  ActionDriver - clicked an element-->Element with text: Logout
2026-06-12 12:01:26 [TestNG-tests-1] INFO  Baseclass - WebDriver instance is closed.
2026-06-12 12:01:27 [TestNG-tests-1] INFO  Baseclass - ChromeDriver Instance is created.
2026-06-12 12:01:27 [TestNG-tests-1] INFO  ActionDriver - WebDriver instance is created.
2026-06-12 12:01:27 [TestNG-tests-1] INFO  Baseclass - ActionDriver initialized for thread: 28
2026-06-12 12:01:57 [TestNG-tests-2] WARN  ActionDriver - Failed to apply the border to an element: Unable to describe element due to error: no such window: target window already closed
from unknown error: web view not found
  (Session info: MicrosoftEdge=149.0.4022.62)
Build info: version: '4.44.0', revision: 'da2039b'
System info: os.name: 'Windows 11', os.arch: 'amd64', os.version: '10.0', java.version: '21.0.10'
Driver info: org.openqa.selenium.edge.EdgeDriver
Command: [e622385be347f8de18a05f69cf4fa5ae, findElement {value=username, using=name}]
Capabilities {acceptInsecureCerts: false, browserName: MicrosoftEdge, browserVersion: 149.0.4022.62, fedcm:accounts: true, goog:processID: 24000, ms:edgeOptions: {debuggerAddress: localhost:49934}, msedge: {msedgedriverVersion: 149.0.4022.62 (068a180137b0..., userDataDir: C:\Users\DEVIKA~1\AppData\L...}, networkConnectionEnabled: false, pageLoadStrategy: normal, platformName: windows, proxy: Proxy(), se:cdp: ws://localhost:49934/devtoo..., se:cdpVersion: 149.0.4022.62, setWindowRect: true, strictFileInteractability: false, timeouts: {implicit: 0, pageLoad: 300000, script: 30000}, unhandledPromptBehavior: dismiss and notify, webauthn:extension:credBlob: true, webauthn:extension:largeBlob: true, webauthn:extension:minPinLength: true, webauthn:extension:prf: true, webauthn:virtualAuthenticators: true}
Session ID: e622385be347f8de18a05f69cf4fa5ae
org.openqa.selenium.NoSuchWindowException: no such window: target window already closed
from unknown error: web view not found
  (Session info: MicrosoftEdge=149.0.4022.62)
Build info: version: '4.44.0', revision: 'da2039b'
System info: os.name: 'Windows 11', os.arch: 'amd64', os.version: '10.0', java.version: '21.0.10'
Driver info: org.openqa.selenium.edge.EdgeDriver
Command: [e622385be347f8de18a05f69cf4fa5ae, findElement {value=username, using=name}]
Capabilities {acceptInsecureCerts: false, browserName: MicrosoftEdge, browserVersion: 149.0.4022.62, fedcm:accounts: true, goog:processID: 24000, ms:edgeOptions: {debuggerAddress: localhost:49934}, msedge: {msedgedriverVersion: 149.0.4022.62 (068a180137b0..., userDataDir: C:\Users\DEVIKA~1\AppData\L...}, networkConnectionEnabled: false, pageLoadStrategy: normal, platformName: windows, proxy: Proxy(), se:cdp: ws://localhost:49934/devtoo..., se:cdpVersion: 149.0.4022.62, setWindowRect: true, strictFileInteractability: false, timeouts: {implicit: 0, pageLoad: 300000, script: 30000}, unhandledPromptBehavior: dismiss and notify, webauthn:extension:credBlob: true, webauthn:extension:largeBlob: true, webauthn:extension:minPinLength: true, webauthn:extension:prf: true, webauthn:virtualAuthenticators: true}
Session ID: e622385be347f8de18a05f69cf4fa5ae
	at org.openqa.selenium.remote.ErrorCodec.decode(ErrorCodec.java:169)
	at org.openqa.selenium.remote.codec.w3c.W3CHttpResponseCodec.decode(W3CHttpResponseCodec.java:143)
	at org.openqa.selenium.remote.codec.w3c.W3CHttpResponseCodec.decode(W3CHttpResponseCodec.java:50)
	at org.openqa.selenium.remote.HttpCommandExecutor.execute(HttpCommandExecutor.java:224)
	at org.openqa.selenium.remote.service.DriverCommandExecutor.invokeExecute(DriverCommandExecutor.java:217)
	at org.openqa.selenium.remote.service.DriverCommandExecutor.execute(DriverCommandExecutor.java:175)
	at org.openqa.selenium.remote.RemoteWebDriver.execute(RemoteWebDriver.java:600)
	at org.openqa.selenium.remote.ElementLocation$ElementFinder$2.findElement(ElementLocation.java:173)
	at org.openqa.selenium.remote.ElementLocation.findElement(ElementLocation.java:60)
	at org.openqa.selenium.remote.RemoteWebDriver.findElement(RemoteWebDriver.java:421)
	at org.openqa.selenium.remote.RemoteWebDriver.findElement(RemoteWebDriver.java:415)
	at com.orangehrm.actiondriver.ActionDriver.applyBorder(ActionDriver.java:233)
	at com.orangehrm.actiondriver.ActionDriver.enterText(ActionDriver.java:56)
	at com.orangehrm.pages.LoginPage.login(LoginPage.java:31)
	at com.orangehrm.test.LoginPageTest.invalidLoginTest(LoginPageTest.java:62)
	at java.base/jdk.internal.reflect.DirectMethodHandleAccessor.invoke(DirectMethodHandleAccessor.java:103)
	at java.base/java.lang.reflect.Method.invoke(Method.java:580)
	at org.testng.internal.invokers.MethodInvocationHelper.invokeMethod(MethodInvocationHelper.java:141)
	at org.testng.internal.invokers.TestInvoker.invokeMethod(TestInvoker.java:687)
	at org.testng.internal.invokers.TestInvoker.invokeTestMethod(TestInvoker.java:230)
	at org.testng.internal.invokers.MethodRunner.runInSequence(MethodRunner.java:63)
	at org.testng.internal.invokers.TestInvoker$MethodInvocationAgent.invoke(TestInvoker.java:995)
	at org.testng.internal.invokers.TestInvoker.invokeTestMethods(TestInvoker.java:203)
	at org.testng.internal.invokers.TestMethodWorker.invokeTestMethods(TestMethodWorker.java:154)
	at org.testng.internal.invokers.TestMethodWorker.run(TestMethodWorker.java:134)
	at java.base/java.util.ArrayList.forEach(ArrayList.java:1596)
	at org.testng.TestRunner.privateRun(TestRunner.java:741)
	at org.testng.TestRunner.run(TestRunner.java:616)
	at org.testng.SuiteRunner.runTest(SuiteRunner.java:421)
	at org.testng.SuiteRunner$SuiteWorker.run(SuiteRunner.java:463)
	at org.testng.internal.thread.ThreadUtil.lambda$execute$0(ThreadUtil.java:64)
	at java.base/java.util.concurrent.FutureTask.run(FutureTask.java:317)
	at java.base/java.util.concurrent.ThreadPoolExecutor.runWorker(ThreadPoolExecutor.java:1144)
	at java.base/java.util.concurrent.ThreadPoolExecutor$Worker.run(ThreadPoolExecutor.java:642)
	at java.base/java.lang.Thread.run(Thread.java:1583)
2026-06-12 12:01:57 [TestNG-tests-2] WARN  ActionDriver - Failed to apply the border to an element: Unable to describe element due to error: no such window: target window already closed
from unknown error: web view not found
  (Session info: MicrosoftEdge=149.0.4022.62)
Build info: version: '4.44.0', revision: 'da2039b'
System info: os.name: 'Windows 11', os.arch: 'amd64', os.version: '10.0', java.version: '21.0.10'
Driver info: org.openqa.selenium.edge.EdgeDriver
Command: [e622385be347f8de18a05f69cf4fa5ae, findElement {value=username, using=name}]
Capabilities {acceptInsecureCerts: false, browserName: MicrosoftEdge, browserVersion: 149.0.4022.62, fedcm:accounts: true, goog:processID: 24000, ms:edgeOptions: {debuggerAddress: localhost:49934}, msedge: {msedgedriverVersion: 149.0.4022.62 (068a180137b0..., userDataDir: C:\Users\DEVIKA~1\AppData\L...}, networkConnectionEnabled: false, pageLoadStrategy: normal, platformName: windows, proxy: Proxy(), se:cdp: ws://localhost:49934/devtoo..., se:cdpVersion: 149.0.4022.62, setWindowRect: true, strictFileInteractability: false, timeouts: {implicit: 0, pageLoad: 300000, script: 30000}, unhandledPromptBehavior: dismiss and notify, webauthn:extension:credBlob: true, webauthn:extension:largeBlob: true, webauthn:extension:minPinLength: true, webauthn:extension:prf: true, webauthn:virtualAuthenticators: true}
Session ID: e622385be347f8de18a05f69cf4fa5ae
org.openqa.selenium.NoSuchWindowException: no such window: target window already closed
from unknown error: web view not found
  (Session info: MicrosoftEdge=149.0.4022.62)
Build info: version: '4.44.0', revision: 'da2039b'
System info: os.name: 'Windows 11', os.arch: 'amd64', os.version: '10.0', java.version: '21.0.10'
Driver info: org.openqa.selenium.edge.EdgeDriver
Command: [e622385be347f8de18a05f69cf4fa5ae, findElement {value=username, using=name}]
Capabilities {acceptInsecureCerts: false, browserName: MicrosoftEdge, browserVersion: 149.0.4022.62, fedcm:accounts: true, goog:processID: 24000, ms:edgeOptions: {debuggerAddress: localhost:49934}, msedge: {msedgedriverVersion: 149.0.4022.62 (068a180137b0..., userDataDir: C:\Users\DEVIKA~1\AppData\L...}, networkConnectionEnabled: false, pageLoadStrategy: normal, platformName: windows, proxy: Proxy(), se:cdp: ws://localhost:49934/devtoo..., se:cdpVersion: 149.0.4022.62, setWindowRect: true, strictFileInteractability: false, timeouts: {implicit: 0, pageLoad: 300000, script: 30000}, unhandledPromptBehavior: dismiss and notify, webauthn:extension:credBlob: true, webauthn:extension:largeBlob: true, webauthn:extension:minPinLength: true, webauthn:extension:prf: true, webauthn:virtualAuthenticators: true}
Session ID: e622385be347f8de18a05f69cf4fa5ae
	at org.openqa.selenium.remote.ErrorCodec.decode(ErrorCodec.java:169)
	at org.openqa.selenium.remote.codec.w3c.W3CHttpResponseCodec.decode(W3CHttpResponseCodec.java:143)
	at org.openqa.selenium.remote.codec.w3c.W3CHttpResponseCodec.decode(W3CHttpResponseCodec.java:50)
	at org.openqa.selenium.remote.HttpCommandExecutor.execute(HttpCommandExecutor.java:224)
	at org.openqa.selenium.remote.service.DriverCommandExecutor.invokeExecute(DriverCommandExecutor.java:217)
	at org.openqa.selenium.remote.service.DriverCommandExecutor.execute(DriverCommandExecutor.java:175)
	at org.openqa.selenium.remote.RemoteWebDriver.execute(RemoteWebDriver.java:600)
	at org.openqa.selenium.remote.ElementLocation$ElementFinder$2.findElement(ElementLocation.java:173)
	at org.openqa.selenium.remote.ElementLocation.findElement(ElementLocation.java:60)
	at org.openqa.selenium.remote.RemoteWebDriver.findElement(RemoteWebDriver.java:421)
	at org.openqa.selenium.remote.RemoteWebDriver.findElement(RemoteWebDriver.java:415)
	at com.orangehrm.actiondriver.ActionDriver.applyBorder(ActionDriver.java:233)
	at com.orangehrm.actiondriver.ActionDriver.enterText(ActionDriver.java:64)
	at com.orangehrm.pages.LoginPage.login(LoginPage.java:31)
	at com.orangehrm.test.LoginPageTest.invalidLoginTest(LoginPageTest.java:62)
	at java.base/jdk.internal.reflect.DirectMethodHandleAccessor.invoke(DirectMethodHandleAccessor.java:103)
	at java.base/java.lang.reflect.Method.invoke(Method.java:580)
	at org.testng.internal.invokers.MethodInvocationHelper.invokeMethod(MethodInvocationHelper.java:141)
	at org.testng.internal.invokers.TestInvoker.invokeMethod(TestInvoker.java:687)
	at org.testng.internal.invokers.TestInvoker.invokeTestMethod(TestInvoker.java:230)
	at org.testng.internal.invokers.MethodRunner.runInSequence(MethodRunner.java:63)
	at org.testng.internal.invokers.TestInvoker$MethodInvocationAgent.invoke(TestInvoker.java:995)
	at org.testng.internal.invokers.TestInvoker.invokeTestMethods(TestInvoker.java:203)
	at org.testng.internal.invokers.TestMethodWorker.invokeTestMethods(TestMethodWorker.java:154)
	at org.testng.internal.invokers.TestMethodWorker.run(TestMethodWorker.java:134)
	at java.base/java.util.ArrayList.forEach(ArrayList.java:1596)
	at org.testng.TestRunner.privateRun(TestRunner.java:741)
	at org.testng.TestRunner.run(TestRunner.java:616)
	at org.testng.SuiteRunner.runTest(SuiteRunner.java:421)
	at org.testng.SuiteRunner$SuiteWorker.run(SuiteRunner.java:463)
	at org.testng.internal.thread.ThreadUtil.lambda$execute$0(ThreadUtil.java:64)
	at java.base/java.util.concurrent.FutureTask.run(FutureTask.java:317)
	at java.base/java.util.concurrent.ThreadPoolExecutor.runWorker(ThreadPoolExecutor.java:1144)
	at java.base/java.util.concurrent.ThreadPoolExecutor$Worker.run(ThreadPoolExecutor.java:642)
	at java.base/java.lang.Thread.run(Thread.java:1583)
2026-06-12 12:01:57 [TestNG-tests-1] INFO  Baseclass - WebDriver Initialized and Browser Maximized
