2026-06-08 20:17:35 [main] ERROR Baseclass - this is a error message
2026-06-08 20:17:35 [main] FATAL Baseclass - this is a fatal message
2026-06-08 20:17:39 [main] ERROR ActionDriver - Texts are not matching:Invalid credentialsnot equals Invalid credentials1
2026-06-08 20:17:51 [main] ERROR Baseclass - this is a error message
2026-06-08 20:17:51 [main] FATAL Baseclass - this is a fatal message
2026-06-09 08:05:07 [main] ERROR Baseclass - this is a error message
2026-06-09 08:05:07 [main] FATAL Baseclass - this is a fatal message
2026-06-09 08:05:09 [main] ERROR ActionDriver - Texts are not matching:Invalid credentialsnot equals Invalid credentials1
2026-06-09 08:05:13 [main] ERROR Baseclass - this is a error message
2026-06-09 08:05:13 [main] FATAL Baseclass - this is a fatal message
2026-06-09 08:08:59 [main] ERROR Baseclass - this is a error message
2026-06-09 08:08:59 [main] FATAL Baseclass - this is a fatal message
2026-06-09 08:09:03 [main] ERROR ActionDriver - Texts are not matching:Invalid credentialsnot equals Invalid credentials1
2026-06-09 08:09:13 [main] ERROR Baseclass - this is a error message
2026-06-09 08:09:13 [main] FATAL Baseclass - this is a fatal message
2026-06-09 08:10:56 [main] ERROR Baseclass - this is a error message
2026-06-09 08:10:56 [main] FATAL Baseclass - this is a fatal message
2026-06-09 08:10:58 [main] ERROR ActionDriver - Texts are not matching:Invalid credentialsnot equals Invalid credentials1
2026-06-09 08:11:05 [main] ERROR Baseclass - this is a error message
2026-06-09 08:11:05 [main] FATAL Baseclass - this is a fatal message
2026-06-09 08:11:34 [main] ERROR Baseclass - this is a error message
2026-06-09 08:11:34 [main] FATAL Baseclass - this is a fatal message
2026-06-09 08:11:35 [main] ERROR Baseclass - this is a error message
2026-06-09 08:11:35 [main] FATAL Baseclass - this is a fatal message
2026-06-09 08:11:50 [main] ERROR Baseclass - this is a error message
2026-06-09 08:11:50 [main] FATAL Baseclass - this is a fatal message
2026-06-09 08:12:31 [main] ERROR ActionDriver - Element is not visible:Expected condition failed: waiting for visibility of element found by By.xpath: //input[@placeholder='Username'], but... org.openqa.selenium.NoSuchElementException: Unable to find element with locator By.xpath: //input[@placeholder='Username'].
(tried for 30 seconds with 500 milliseconds interval)
Build info: version: '4.44.0', revision: 'da2039b'
System info: os.name: 'Windows 11', os.arch: 'amd64', os.version: '10.0', java.version: '21.0.10'
Driver info: org.openqa.selenium.chrome.ChromeDriver
Capabilities {acceptInsecureCerts: false, browserName: chrome, browserVersion: 148.0.7778.218, chrome: {chromedriverVersion: 148.0.7778.178 (d096af1c9e9..., userDataDir: C:\Users\DEVIKA~1\AppData\L...}, fedcm:accounts: true, goog:chromeOptions: {debuggerAddress: localhost:63127}, goog:processID: 12628, networkConnectionEnabled: false, pageLoadStrategy: normal, platformName: windows, proxy: Proxy(), se:cdp: ws://localhost:63127/devtoo..., se:cdpVersion: 148.0.7778.218, setWindowRect: true, strictFileInteractability: false, timeouts: {implicit: 0, pageLoad: 300000, script: 30000}, unhandledPromptBehavior: dismiss and notify, webauthn:extension:credBlob: true, webauthn:extension:largeBlob: true, webauthn:extension:minPinLength: true, webauthn:extension:prf: true, webauthn:virtualAuthenticators: true}
Session ID: ca9a8c58b972285d2f8587281e3ff810
2026-06-09 08:12:31 [main] ERROR ActionDriver - Unable to enter the value:no such window: target window already closed
from unknown error: web view not found
  (Session info: chrome=148.0.7778.218)
Build info: version: '4.44.0', revision: 'da2039b'
System info: os.name: 'Windows 11', os.arch: 'amd64', os.version: '10.0', java.version: '21.0.10'
Driver info: org.openqa.selenium.chrome.ChromeDriver
Command: [ca9a8c58b972285d2f8587281e3ff810, findElement {using=xpath, value=//input[@placeholder='Username']}]
Capabilities {acceptInsecureCerts: false, browserName: chrome, browserVersion: 148.0.7778.218, chrome: {chromedriverVersion: 148.0.7778.178 (d096af1c9e9..., userDataDir: C:\Users\DEVIKA~1\AppData\L...}, fedcm:accounts: true, goog:chromeOptions: {debuggerAddress: localhost:63127}, goog:processID: 12628, networkConnectionEnabled: false, pageLoadStrategy: normal, platformName: windows, proxy: Proxy(), se:cdp: ws://localhost:63127/devtoo..., se:cdpVersion: 148.0.7778.218, setWindowRect: true, strictFileInteractability: false, timeouts: {implicit: 0, pageLoad: 300000, script: 30000}, unhandledPromptBehavior: dismiss and notify, webauthn:extension:credBlob: true, webauthn:extension:largeBlob: true, webauthn:extension:minPinLength: true, webauthn:extension:prf: true, webauthn:virtualAuthenticators: true}
Session ID: ca9a8c58b972285d2f8587281e3ff810
2026-06-09 08:12:57 [main] ERROR Baseclass - this is a error message
2026-06-09 08:12:57 [main] FATAL Baseclass - this is a fatal message
2026-06-09 08:12:58 [main] ERROR Baseclass - this is a error message
2026-06-09 08:12:58 [main] FATAL Baseclass - this is a fatal message
2026-06-09 08:13:00 [main] ERROR Baseclass - this is a error message
2026-06-09 08:13:00 [main] FATAL Baseclass - this is a fatal message
2026-06-09 08:13:01 [main] ERROR ActionDriver - Element is not visible:Expected condition failed: waiting for visibility of element found by By.xpath: //input[@placeholder='Password']
(tried for 30 seconds with 500 milliseconds interval)
2026-06-09 08:13:01 [main] ERROR ActionDriver - Unable to enter the value:no such window: target window already closed
from unknown error: web view not found
  (Session info: chrome=148.0.7778.218)
Build info: version: '4.44.0', revision: 'da2039b'
System info: os.name: 'Windows 11', os.arch: 'amd64', os.version: '10.0', java.version: '21.0.10'
Driver info: org.openqa.selenium.chrome.ChromeDriver
Command: [ca9a8c58b972285d2f8587281e3ff810, findElement {using=xpath, value=//input[@placeholder='Password']}]
Capabilities {acceptInsecureCerts: false, browserName: chrome, browserVersion: 148.0.7778.218, chrome: {chromedriverVersion: 148.0.7778.178 (d096af1c9e9..., userDataDir: C:\Users\DEVIKA~1\AppData\L...}, fedcm:accounts: true, goog:chromeOptions: {debuggerAddress: localhost:63127}, goog:processID: 12628, networkConnectionEnabled: false, pageLoadStrategy: normal, platformName: windows, proxy: Proxy(), se:cdp: ws://localhost:63127/devtoo..., se:cdpVersion: 148.0.7778.218, setWindowRect: true, strictFileInteractability: false, timeouts: {implicit: 0, pageLoad: 300000, script: 30000}, unhandledPromptBehavior: dismiss and notify, webauthn:extension:credBlob: true, webauthn:extension:largeBlob: true, webauthn:extension:minPinLength: true, webauthn:extension:prf: true, webauthn:virtualAuthenticators: true}
Session ID: ca9a8c58b972285d2f8587281e3ff810
2026-06-09 08:13:01 [main] ERROR ActionDriver - Unable to describe the elementno such window: target window already closed
from unknown error: web view not found
  (Session info: chrome=148.0.7778.218)
Build info: version: '4.44.0', revision: 'da2039b'
System info: os.name: 'Windows 11', os.arch: 'amd64', os.version: '10.0', java.version: '21.0.10'
Driver info: org.openqa.selenium.chrome.ChromeDriver
Command: [ca9a8c58b972285d2f8587281e3ff810, findElement {using=xpath, value=//button[normalize-space()='Login']}]
Capabilities {acceptInsecureCerts: false, browserName: chrome, browserVersion: 148.0.7778.218, chrome: {chromedriverVersion: 148.0.7778.178 (d096af1c9e9..., userDataDir: C:\Users\DEVIKA~1\AppData\L...}, fedcm:accounts: true, goog:chromeOptions: {debuggerAddress: localhost:63127}, goog:processID: 12628, networkConnectionEnabled: false, pageLoadStrategy: normal, platformName: windows, proxy: Proxy(), se:cdp: ws://localhost:63127/devtoo..., se:cdpVersion: 148.0.7778.218, setWindowRect: true, strictFileInteractability: false, timeouts: {implicit: 0, pageLoad: 300000, script: 30000}, unhandledPromptBehavior: dismiss and notify, webauthn:extension:credBlob: true, webauthn:extension:largeBlob: true, webauthn:extension:minPinLength: true, webauthn:extension:prf: true, webauthn:virtualAuthenticators: true}
Session ID: ca9a8c58b972285d2f8587281e3ff810
2026-06-09 08:13:31 [main] ERROR ActionDriver - Element is not clickable: Expected condition failed: waiting for element found by By.xpath: //button[normalize-space()='Login'] to be clickable, but the element null.
(tried for 30 seconds with 500 milliseconds interval)
2026-06-09 08:13:31 [main] ERROR ActionDriver - unable to click element
2026-06-09 08:14:01 [main] ERROR ActionDriver - Element is not visible:Expected condition failed: waiting for visibility of element found by By.xpath: //span[normalize-space()='Admin']
(tried for 30 seconds with 500 milliseconds interval)
2026-06-09 08:14:01 [main] ERROR ActionDriver - Unable to describe the elementno such window: target window already closed
from unknown error: web view not found
  (Session info: chrome=148.0.7778.218)
Build info: version: '4.44.0', revision: 'da2039b'
System info: os.name: 'Windows 11', os.arch: 'amd64', os.version: '10.0', java.version: '21.0.10'
Driver info: org.openqa.selenium.chrome.ChromeDriver
Command: [ca9a8c58b972285d2f8587281e3ff810, findElement {using=xpath, value=//span[normalize-space()='Admin']}]
Capabilities {acceptInsecureCerts: false, browserName: chrome, browserVersion: 148.0.7778.218, chrome: {chromedriverVersion: 148.0.7778.178 (d096af1c9e9..., userDataDir: C:\Users\DEVIKA~1\AppData\L...}, fedcm:accounts: true, goog:chromeOptions: {debuggerAddress: localhost:63127}, goog:processID: 12628, networkConnectionEnabled: false, pageLoadStrategy: normal, platformName: windows, proxy: Proxy(), se:cdp: ws://localhost:63127/devtoo..., se:cdpVersion: 148.0.7778.218, setWindowRect: true, strictFileInteractability: false, timeouts: {implicit: 0, pageLoad: 300000, script: 30000}, unhandledPromptBehavior: dismiss and notify, webauthn:extension:credBlob: true, webauthn:extension:largeBlob: true, webauthn:extension:minPinLength: true, webauthn:extension:prf: true, webauthn:virtualAuthenticators: true}
Session ID: ca9a8c58b972285d2f8587281e3ff810
2026-06-09 08:14:01 [main] ERROR ActionDriver - Element is not Displayed:no such window: target window already closed
from unknown error: web view not found
  (Session info: chrome=148.0.7778.218)
Build info: version: '4.44.0', revision: 'da2039b'
System info: os.name: 'Windows 11', os.arch: 'amd64', os.version: '10.0', java.version: '21.0.10'
Driver info: org.openqa.selenium.chrome.ChromeDriver
Command: [ca9a8c58b972285d2f8587281e3ff810, findElement {using=xpath, value=//span[normalize-space()='Admin']}]
Capabilities {acceptInsecureCerts: false, browserName: chrome, browserVersion: 148.0.7778.218, chrome: {chromedriverVersion: 148.0.7778.178 (d096af1c9e9..., userDataDir: C:\Users\DEVIKA~1\AppData\L...}, fedcm:accounts: true, goog:chromeOptions: {debuggerAddress: localhost:63127}, goog:processID: 12628, networkConnectionEnabled: false, pageLoadStrategy: normal, platformName: windows, proxy: Proxy(), se:cdp: ws://localhost:63127/devtoo..., se:cdpVersion: 148.0.7778.218, setWindowRect: true, strictFileInteractability: false, timeouts: {implicit: 0, pageLoad: 300000, script: 30000}, unhandledPromptBehavior: dismiss and notify, webauthn:extension:credBlob: true, webauthn:extension:largeBlob: true, webauthn:extension:minPinLength: true, webauthn:extension:prf: true, webauthn:virtualAuthenticators: true}
Session ID: ca9a8c58b972285d2f8587281e3ff810
2026-06-09 08:32:09 [main] ERROR Baseclass - this is a error message
2026-06-09 08:32:09 [main] FATAL Baseclass - this is a fatal message
2026-06-09 08:32:14 [main] ERROR Baseclass - this is a error message
2026-06-09 08:32:14 [main] FATAL Baseclass - this is a fatal message
2026-06-09 08:38:18 [TestNG-test-OrangeHRmTest-1] ERROR Baseclass - this is a error message
2026-06-09 08:38:18 [TestNG-test-OrangeHRmTest-1] FATAL Baseclass - this is a fatal message
2026-06-09 08:38:18 [TestNG-test-OrangeHRmTest-2] ERROR Baseclass - this is a error message
2026-06-09 08:38:18 [TestNG-test-OrangeHRmTest-2] FATAL Baseclass - this is a fatal message
2026-06-09 08:38:18 [TestNG-test-OrangeHRmTest-3] ERROR Baseclass - this is a error message
2026-06-09 08:38:18 [TestNG-test-OrangeHRmTest-3] FATAL Baseclass - this is a fatal message
2026-06-09 08:38:18 [TestNG-test-OrangeHRmTest-4] ERROR Baseclass - this is a error message
2026-06-09 08:38:18 [TestNG-test-OrangeHRmTest-4] FATAL Baseclass - this is a fatal message
2026-06-09 08:38:19 [TestNG-test-OrangeHRmTest-3] ERROR ActionDriver - Element is not visible:Session ID is null. Using WebDriver after calling quit()?
Build info: version: '4.44.0', revision: 'da2039b'
System info: os.name: 'Windows 11', os.arch: 'amd64', os.version: '10.0', java.version: '21.0.10'
Driver info: org.openqa.selenium.chrome.ChromeDriver
Command: [null, findElement {using=xpath, value=//input[@placeholder='Username']}]
Capabilities {acceptInsecureCerts: false, browserName: chrome, browserVersion: 148.0.7778.218, chrome: {chromedriverVersion: 148.0.7778.178 (d096af1c9e9..., userDataDir: C:\Users\DEVIKA~1\AppData\L...}, fedcm:accounts: true, goog:chromeOptions: {debuggerAddress: localhost:52868}, goog:processID: 24004, networkConnectionEnabled: false, pageLoadStrategy: normal, platformName: windows, proxy: Proxy(), se:cdp: ws://localhost:52868/devtoo..., se:cdpVersion: 148.0.7778.218, setWindowRect: true, strictFileInteractability: false, timeouts: {implicit: 0, pageLoad: 300000, script: 30000}, unhandledPromptBehavior: dismiss and notify, webauthn:extension:credBlob: true, webauthn:extension:largeBlob: true, webauthn:extension:minPinLength: true, webauthn:extension:prf: true, webauthn:virtualAuthenticators: true}
2026-06-09 08:38:19 [TestNG-test-OrangeHRmTest-3] ERROR ActionDriver - Unable to enter the value:Session ID is null. Using WebDriver after calling quit()?
Build info: version: '4.44.0', revision: 'da2039b'
System info: os.name: 'Windows 11', os.arch: 'amd64', os.version: '10.0', java.version: '21.0.10'
Driver info: org.openqa.selenium.chrome.ChromeDriver
Command: [null, findElement {using=xpath, value=//input[@placeholder='Username']}]
Capabilities {acceptInsecureCerts: false, browserName: chrome, browserVersion: 148.0.7778.218, chrome: {chromedriverVersion: 148.0.7778.178 (d096af1c9e9..., userDataDir: C:\Users\DEVIKA~1\AppData\L...}, fedcm:accounts: true, goog:chromeOptions: {debuggerAddress: localhost:52868}, goog:processID: 24004, networkConnectionEnabled: false, pageLoadStrategy: normal, platformName: windows, proxy: Proxy(), se:cdp: ws://localhost:52868/devtoo..., se:cdpVersion: 148.0.7778.218, setWindowRect: true, strictFileInteractability: false, timeouts: {implicit: 0, pageLoad: 300000, script: 30000}, unhandledPromptBehavior: dismiss and notify, webauthn:extension:credBlob: true, webauthn:extension:largeBlob: true, webauthn:extension:minPinLength: true, webauthn:extension:prf: true, webauthn:virtualAuthenticators: true}
2026-06-09 08:38:19 [TestNG-test-OrangeHRmTest-3] ERROR ActionDriver - Element is not visible:Session ID is null. Using WebDriver after calling quit()?
Build info: version: '4.44.0', revision: 'da2039b'
System info: os.name: 'Windows 11', os.arch: 'amd64', os.version: '10.0', java.version: '21.0.10'
Driver info: org.openqa.selenium.chrome.ChromeDriver
Command: [null, findElement {using=xpath, value=//input[@placeholder='Password']}]
Capabilities {acceptInsecureCerts: false, browserName: chrome, browserVersion: 148.0.7778.218, chrome: {chromedriverVersion: 148.0.7778.178 (d096af1c9e9..., userDataDir: C:\Users\DEVIKA~1\AppData\L...}, fedcm:accounts: true, goog:chromeOptions: {debuggerAddress: localhost:52868}, goog:processID: 24004, networkConnectionEnabled: false, pageLoadStrategy: normal, platformName: windows, proxy: Proxy(), se:cdp: ws://localhost:52868/devtoo..., se:cdpVersion: 148.0.7778.218, setWindowRect: true, strictFileInteractability: false, timeouts: {implicit: 0, pageLoad: 300000, script: 30000}, unhandledPromptBehavior: dismiss and notify, webauthn:extension:credBlob: true, webauthn:extension:largeBlob: true, webauthn:extension:minPinLength: true, webauthn:extension:prf: true, webauthn:virtualAuthenticators: true}
2026-06-09 08:38:19 [TestNG-test-OrangeHRmTest-3] ERROR ActionDriver - Unable to enter the value:Session ID is null. Using WebDriver after calling quit()?
Build info: version: '4.44.0', revision: 'da2039b'
System info: os.name: 'Windows 11', os.arch: 'amd64', os.version: '10.0', java.version: '21.0.10'
Driver info: org.openqa.selenium.chrome.ChromeDriver
Command: [null, findElement {using=xpath, value=//input[@placeholder='Password']}]
Capabilities {acceptInsecureCerts: false, browserName: chrome, browserVersion: 148.0.7778.218, chrome: {chromedriverVersion: 148.0.7778.178 (d096af1c9e9..., userDataDir: C:\Users\DEVIKA~1\AppData\L...}, fedcm:accounts: true, goog:chromeOptions: {debuggerAddress: localhost:52868}, goog:processID: 24004, networkConnectionEnabled: false, pageLoadStrategy: normal, platformName: windows, proxy: Proxy(), se:cdp: ws://localhost:52868/devtoo..., se:cdpVersion: 148.0.7778.218, setWindowRect: true, strictFileInteractability: false, timeouts: {implicit: 0, pageLoad: 300000, script: 30000}, unhandledPromptBehavior: dismiss and notify, webauthn:extension:credBlob: true, webauthn:extension:largeBlob: true, webauthn:extension:minPinLength: true, webauthn:extension:prf: true, webauthn:virtualAuthenticators: true}
2026-06-09 08:38:19 [TestNG-test-OrangeHRmTest-3] ERROR ActionDriver - Unable to describe the elementSession ID is null. Using WebDriver after calling quit()?
Build info: version: '4.44.0', revision: 'da2039b'
System info: os.name: 'Windows 11', os.arch: 'amd64', os.version: '10.0', java.version: '21.0.10'
Driver info: org.openqa.selenium.chrome.ChromeDriver
Command: [null, findElement {using=xpath, value=//button[normalize-space()='Login']}]
Capabilities {acceptInsecureCerts: false, browserName: chrome, browserVersion: 148.0.7778.218, chrome: {chromedriverVersion: 148.0.7778.178 (d096af1c9e9..., userDataDir: C:\Users\DEVIKA~1\AppData\L...}, fedcm:accounts: true, goog:chromeOptions: {debuggerAddress: localhost:52868}, goog:processID: 24004, networkConnectionEnabled: false, pageLoadStrategy: normal, platformName: windows, proxy: Proxy(), se:cdp: ws://localhost:52868/devtoo..., se:cdpVersion: 148.0.7778.218, setWindowRect: true, strictFileInteractability: false, timeouts: {implicit: 0, pageLoad: 300000, script: 30000}, unhandledPromptBehavior: dismiss and notify, webauthn:extension:credBlob: true, webauthn:extension:largeBlob: true, webauthn:extension:minPinLength: true, webauthn:extension:prf: true, webauthn:virtualAuthenticators: true}
2026-06-09 08:38:19 [TestNG-test-OrangeHRmTest-3] ERROR ActionDriver - Element is not clickable: Session ID is null. Using WebDriver after calling quit()?
Build info: version: '4.44.0', revision: 'da2039b'
System info: os.name: 'Windows 11', os.arch: 'amd64', os.version: '10.0', java.version: '21.0.10'
Driver info: org.openqa.selenium.chrome.ChromeDriver
Command: [null, findElement {using=xpath, value=//button[normalize-space()='Login']}]
Capabilities {acceptInsecureCerts: false, browserName: chrome, browserVersion: 148.0.7778.218, chrome: {chromedriverVersion: 148.0.7778.178 (d096af1c9e9..., userDataDir: C:\Users\DEVIKA~1\AppData\L...}, fedcm:accounts: true, goog:chromeOptions: {debuggerAddress: localhost:52868}, goog:processID: 24004, networkConnectionEnabled: false, pageLoadStrategy: normal, platformName: windows, proxy: Proxy(), se:cdp: ws://localhost:52868/devtoo..., se:cdpVersion: 148.0.7778.218, setWindowRect: true, strictFileInteractability: false, timeouts: {implicit: 0, pageLoad: 300000, script: 30000}, unhandledPromptBehavior: dismiss and notify, webauthn:extension:credBlob: true, webauthn:extension:largeBlob: true, webauthn:extension:minPinLength: true, webauthn:extension:prf: true, webauthn:virtualAuthenticators: true}
2026-06-09 08:38:19 [TestNG-test-OrangeHRmTest-3] ERROR ActionDriver - unable to click element
2026-06-09 08:38:19 [TestNG-test-OrangeHRmTest-3] ERROR ActionDriver - Element is not visible:Session ID is null. Using WebDriver after calling quit()?
Build info: version: '4.44.0', revision: 'da2039b'
System info: os.name: 'Windows 11', os.arch: 'amd64', os.version: '10.0', java.version: '21.0.10'
Driver info: org.openqa.selenium.chrome.ChromeDriver
Command: [null, findElement {using=xpath, value=//p[text() = 'Invalid credentials']}]
Capabilities {acceptInsecureCerts: false, browserName: chrome, browserVersion: 148.0.7778.218, chrome: {chromedriverVersion: 148.0.7778.178 (d096af1c9e9..., userDataDir: C:\Users\DEVIKA~1\AppData\L...}, fedcm:accounts: true, goog:chromeOptions: {debuggerAddress: localhost:52868}, goog:processID: 24004, networkConnectionEnabled: false, pageLoadStrategy: normal, platformName: windows, proxy: Proxy(), se:cdp: ws://localhost:52868/devtoo..., se:cdpVersion: 148.0.7778.218, setWindowRect: true, strictFileInteractability: false, timeouts: {implicit: 0, pageLoad: 300000, script: 30000}, unhandledPromptBehavior: dismiss and notify, webauthn:extension:credBlob: true, webauthn:extension:largeBlob: true, webauthn:extension:minPinLength: true, webauthn:extension:prf: true, webauthn:virtualAuthenticators: true}
2026-06-09 08:38:19 [TestNG-test-OrangeHRmTest-3] ERROR ActionDriver - unable to compare TextsSession ID is null. Using WebDriver after calling quit()?
Build info: version: '4.44.0', revision: 'da2039b'
System info: os.name: 'Windows 11', os.arch: 'amd64', os.version: '10.0', java.version: '21.0.10'
Driver info: org.openqa.selenium.chrome.ChromeDriver
Command: [null, findElement {using=xpath, value=//p[text() = 'Invalid credentials']}]
Capabilities {acceptInsecureCerts: false, browserName: chrome, browserVersion: 148.0.7778.218, chrome: {chromedriverVersion: 148.0.7778.178 (d096af1c9e9..., userDataDir: C:\Users\DEVIKA~1\AppData\L...}, fedcm:accounts: true, goog:chromeOptions: {debuggerAddress: localhost:52868}, goog:processID: 24004, networkConnectionEnabled: false, pageLoadStrategy: normal, platformName: windows, proxy: Proxy(), se:cdp: ws://localhost:52868/devtoo..., se:cdpVersion: 148.0.7778.218, setWindowRect: true, strictFileInteractability: false, timeouts: {implicit: 0, pageLoad: 300000, script: 30000}, unhandledPromptBehavior: dismiss and notify, webauthn:extension:credBlob: true, webauthn:extension:largeBlob: true, webauthn:extension:minPinLength: true, webauthn:extension:prf: true, webauthn:virtualAuthenticators: true}
2026-06-09 08:38:19 [TestNG-test-OrangeHRmTest-4] ERROR ActionDriver - Element is not visible:Session ID is null. Using WebDriver after calling quit()?
Build info: version: '4.44.0', revision: 'da2039b'
System info: os.name: 'Windows 11', os.arch: 'amd64', os.version: '10.0', java.version: '21.0.10'
Driver info: org.openqa.selenium.chrome.ChromeDriver
Command: [null, findElement {using=xpath, value=//input[@placeholder='Username']}]
Capabilities {acceptInsecureCerts: false, browserName: chrome, browserVersion: 148.0.7778.218, chrome: {chromedriverVersion: 148.0.7778.178 (d096af1c9e9..., userDataDir: C:\Users\DEVIKA~1\AppData\L...}, fedcm:accounts: true, goog:chromeOptions: {debuggerAddress: localhost:52868}, goog:processID: 24004, networkConnectionEnabled: false, pageLoadStrategy: normal, platformName: windows, proxy: Proxy(), se:cdp: ws://localhost:52868/devtoo..., se:cdpVersion: 148.0.7778.218, setWindowRect: true, strictFileInteractability: false, timeouts: {implicit: 0, pageLoad: 300000, script: 30000}, unhandledPromptBehavior: dismiss and notify, webauthn:extension:credBlob: true, webauthn:extension:largeBlob: true, webauthn:extension:minPinLength: true, webauthn:extension:prf: true, webauthn:virtualAuthenticators: true}
2026-06-09 08:38:19 [TestNG-test-OrangeHRmTest-4] ERROR ActionDriver - Unable to enter the value:Session ID is null. Using WebDriver after calling quit()?
Build info: version: '4.44.0', revision: 'da2039b'
System info: os.name: 'Windows 11', os.arch: 'amd64', os.version: '10.0', java.version: '21.0.10'
Driver info: org.openqa.selenium.chrome.ChromeDriver
Command: [null, findElement {using=xpath, value=//input[@placeholder='Username']}]
Capabilities {acceptInsecureCerts: false, browserName: chrome, browserVersion: 148.0.7778.218, chrome: {chromedriverVersion: 148.0.7778.178 (d096af1c9e9..., userDataDir: C:\Users\DEVIKA~1\AppData\L...}, fedcm:accounts: true, goog:chromeOptions: {debuggerAddress: localhost:52868}, goog:processID: 24004, networkConnectionEnabled: false, pageLoadStrategy: normal, platformName: windows, proxy: Proxy(), se:cdp: ws://localhost:52868/devtoo..., se:cdpVersion: 148.0.7778.218, setWindowRect: true, strictFileInteractability: false, timeouts: {implicit: 0, pageLoad: 300000, script: 30000}, unhandledPromptBehavior: dismiss and notify, webauthn:extension:credBlob: true, webauthn:extension:largeBlob: true, webauthn:extension:minPinLength: true, webauthn:extension:prf: true, webauthn:virtualAuthenticators: true}
2026-06-09 08:38:19 [TestNG-test-OrangeHRmTest-4] ERROR ActionDriver - Element is not visible:Session ID is null. Using WebDriver after calling quit()?
Build info: version: '4.44.0', revision: 'da2039b'
System info: os.name: 'Windows 11', os.arch: 'amd64', os.version: '10.0', java.version: '21.0.10'
Driver info: org.openqa.selenium.chrome.ChromeDriver
Command: [null, findElement {using=xpath, value=//input[@placeholder='Password']}]
Capabilities {acceptInsecureCerts: false, browserName: chrome, browserVersion: 148.0.7778.218, chrome: {chromedriverVersion: 148.0.7778.178 (d096af1c9e9..., userDataDir: C:\Users\DEVIKA~1\AppData\L...}, fedcm:accounts: true, goog:chromeOptions: {debuggerAddress: localhost:52868}, goog:processID: 24004, networkConnectionEnabled: false, pageLoadStrategy: normal, platformName: windows, proxy: Proxy(), se:cdp: ws://localhost:52868/devtoo..., se:cdpVersion: 148.0.7778.218, setWindowRect: true, strictFileInteractability: false, timeouts: {implicit: 0, pageLoad: 300000, script: 30000}, unhandledPromptBehavior: dismiss and notify, webauthn:extension:credBlob: true, webauthn:extension:largeBlob: true, webauthn:extension:minPinLength: true, webauthn:extension:prf: true, webauthn:virtualAuthenticators: true}
2026-06-09 08:38:19 [TestNG-test-OrangeHRmTest-4] ERROR ActionDriver - Unable to enter the value:Session ID is null. Using WebDriver after calling quit()?
Build info: version: '4.44.0', revision: 'da2039b'
System info: os.name: 'Windows 11', os.arch: 'amd64', os.version: '10.0', java.version: '21.0.10'
Driver info: org.openqa.selenium.chrome.ChromeDriver
Command: [null, findElement {using=xpath, value=//input[@placeholder='Password']}]
Capabilities {acceptInsecureCerts: false, browserName: chrome, browserVersion: 148.0.7778.218, chrome: {chromedriverVersion: 148.0.7778.178 (d096af1c9e9..., userDataDir: C:\Users\DEVIKA~1\AppData\L...}, fedcm:accounts: true, goog:chromeOptions: {debuggerAddress: localhost:52868}, goog:processID: 24004, networkConnectionEnabled: false, pageLoadStrategy: normal, platformName: windows, proxy: Proxy(), se:cdp: ws://localhost:52868/devtoo..., se:cdpVersion: 148.0.7778.218, setWindowRect: true, strictFileInteractability: false, timeouts: {implicit: 0, pageLoad: 300000, script: 30000}, unhandledPromptBehavior: dismiss and notify, webauthn:extension:credBlob: true, webauthn:extension:largeBlob: true, webauthn:extension:minPinLength: true, webauthn:extension:prf: true, webauthn:virtualAuthenticators: true}
2026-06-09 08:38:19 [TestNG-test-OrangeHRmTest-4] ERROR ActionDriver - Unable to describe the elementSession ID is null. Using WebDriver after calling quit()?
Build info: version: '4.44.0', revision: 'da2039b'
System info: os.name: 'Windows 11', os.arch: 'amd64', os.version: '10.0', java.version: '21.0.10'
Driver info: org.openqa.selenium.chrome.ChromeDriver
Command: [null, findElement {using=xpath, value=//button[normalize-space()='Login']}]
Capabilities {acceptInsecureCerts: false, browserName: chrome, browserVersion: 148.0.7778.218, chrome: {chromedriverVersion: 148.0.7778.178 (d096af1c9e9..., userDataDir: C:\Users\DEVIKA~1\AppData\L...}, fedcm:accounts: true, goog:chromeOptions: {debuggerAddress: localhost:52868}, goog:processID: 24004, networkConnectionEnabled: false, pageLoadStrategy: normal, platformName: windows, proxy: Proxy(), se:cdp: ws://localhost:52868/devtoo..., se:cdpVersion: 148.0.7778.218, setWindowRect: true, strictFileInteractability: false, timeouts: {implicit: 0, pageLoad: 300000, script: 30000}, unhandledPromptBehavior: dismiss and notify, webauthn:extension:credBlob: true, webauthn:extension:largeBlob: true, webauthn:extension:minPinLength: true, webauthn:extension:prf: true, webauthn:virtualAuthenticators: true}
2026-06-09 08:38:19 [TestNG-test-OrangeHRmTest-4] ERROR ActionDriver - Element is not clickable: Session ID is null. Using WebDriver after calling quit()?
Build info: version: '4.44.0', revision: 'da2039b'
System info: os.name: 'Windows 11', os.arch: 'amd64', os.version: '10.0', java.version: '21.0.10'
Driver info: org.openqa.selenium.chrome.ChromeDriver
Command: [null, findElement {using=xpath, value=//button[normalize-space()='Login']}]
Capabilities {acceptInsecureCerts: false, browserName: chrome, browserVersion: 148.0.7778.218, chrome: {chromedriverVersion: 148.0.7778.178 (d096af1c9e9..., userDataDir: C:\Users\DEVIKA~1\AppData\L...}, fedcm:accounts: true, goog:chromeOptions: {debuggerAddress: localhost:52868}, goog:processID: 24004, networkConnectionEnabled: false, pageLoadStrategy: normal, platformName: windows, proxy: Proxy(), se:cdp: ws://localhost:52868/devtoo..., se:cdpVersion: 148.0.7778.218, setWindowRect: true, strictFileInteractability: false, timeouts: {implicit: 0, pageLoad: 300000, script: 30000}, unhandledPromptBehavior: dismiss and notify, webauthn:extension:credBlob: true, webauthn:extension:largeBlob: true, webauthn:extension:minPinLength: true, webauthn:extension:prf: true, webauthn:virtualAuthenticators: true}
2026-06-09 08:38:19 [TestNG-test-OrangeHRmTest-4] ERROR ActionDriver - unable to click element
2026-06-09 08:38:19 [TestNG-test-OrangeHRmTest-4] ERROR ActionDriver - Element is not visible:Session ID is null. Using WebDriver after calling quit()?
Build info: version: '4.44.0', revision: 'da2039b'
System info: os.name: 'Windows 11', os.arch: 'amd64', os.version: '10.0', java.version: '21.0.10'
Driver info: org.openqa.selenium.chrome.ChromeDriver
Command: [null, findElement {using=xpath, value=//div[@class='oxd-brand-banner']//img}]
Capabilities {acceptInsecureCerts: false, browserName: chrome, browserVersion: 148.0.7778.218, chrome: {chromedriverVersion: 148.0.7778.178 (d096af1c9e9..., userDataDir: C:\Users\DEVIKA~1\AppData\L...}, fedcm:accounts: true, goog:chromeOptions: {debuggerAddress: localhost:52868}, goog:processID: 24004, networkConnectionEnabled: false, pageLoadStrategy: normal, platformName: windows, proxy: Proxy(), se:cdp: ws://localhost:52868/devtoo..., se:cdpVersion: 148.0.7778.218, setWindowRect: true, strictFileInteractability: false, timeouts: {implicit: 0, pageLoad: 300000, script: 30000}, unhandledPromptBehavior: dismiss and notify, webauthn:extension:credBlob: true, webauthn:extension:largeBlob: true, webauthn:extension:minPinLength: true, webauthn:extension:prf: true, webauthn:virtualAuthenticators: true}
2026-06-09 08:38:19 [TestNG-test-OrangeHRmTest-4] ERROR ActionDriver - Unable to describe the elementSession ID is null. Using WebDriver after calling quit()?
Build info: version: '4.44.0', revision: 'da2039b'
System info: os.name: 'Windows 11', os.arch: 'amd64', os.version: '10.0', java.version: '21.0.10'
Driver info: org.openqa.selenium.chrome.ChromeDriver
Command: [null, findElement {using=xpath, value=//div[@class='oxd-brand-banner']//img}]
Capabilities {acceptInsecureCerts: false, browserName: chrome, browserVersion: 148.0.7778.218, chrome: {chromedriverVersion: 148.0.7778.178 (d096af1c9e9..., userDataDir: C:\Users\DEVIKA~1\AppData\L...}, fedcm:accounts: true, goog:chromeOptions: {debuggerAddress: localhost:52868}, goog:processID: 24004, networkConnectionEnabled: false, pageLoadStrategy: normal, platformName: windows, proxy: Proxy(), se:cdp: ws://localhost:52868/devtoo..., se:cdpVersion: 148.0.7778.218, setWindowRect: true, strictFileInteractability: false, timeouts: {implicit: 0, pageLoad: 300000, script: 30000}, unhandledPromptBehavior: dismiss and notify, webauthn:extension:credBlob: true, webauthn:extension:largeBlob: true, webauthn:extension:minPinLength: true, webauthn:extension:prf: true, webauthn:virtualAuthenticators: true}
2026-06-09 08:38:19 [TestNG-test-OrangeHRmTest-4] ERROR ActionDriver - Element is not Displayed:Session ID is null. Using WebDriver after calling quit()?
Build info: version: '4.44.0', revision: 'da2039b'
System info: os.name: 'Windows 11', os.arch: 'amd64', os.version: '10.0', java.version: '21.0.10'
Driver info: org.openqa.selenium.chrome.ChromeDriver
Command: [null, findElement {using=xpath, value=//div[@class='oxd-brand-banner']//img}]
Capabilities {acceptInsecureCerts: false, browserName: chrome, browserVersion: 148.0.7778.218, chrome: {chromedriverVersion: 148.0.7778.178 (d096af1c9e9..., userDataDir: C:\Users\DEVIKA~1\AppData\L...}, fedcm:accounts: true, goog:chromeOptions: {debuggerAddress: localhost:52868}, goog:processID: 24004, networkConnectionEnabled: false, pageLoadStrategy: normal, platformName: windows, proxy: Proxy(), se:cdp: ws://localhost:52868/devtoo..., se:cdpVersion: 148.0.7778.218, setWindowRect: true, strictFileInteractability: false, timeouts: {implicit: 0, pageLoad: 300000, script: 30000}, unhandledPromptBehavior: dismiss and notify, webauthn:extension:credBlob: true, webauthn:extension:largeBlob: true, webauthn:extension:minPinLength: true, webauthn:extension:prf: true, webauthn:virtualAuthenticators: true}
2026-06-09 08:38:32 [TestNG-test-OrangeHRmTest-3] ERROR Baseclass - this is a error message
2026-06-09 08:38:32 [TestNG-test-OrangeHRmTest-3] FATAL Baseclass - this is a fatal message
2026-06-09 08:38:32 [TestNG-test-OrangeHRmTest-3] ERROR ActionDriver - Element is not visible:invalid session id: session deleted as the browser has closed the connection
from disconnected: not connected to DevTools
  (Session info: chrome=148.0.7778.218)
Build info: version: '4.44.0', revision: 'da2039b'
System info: os.name: 'Windows 11', os.arch: 'amd64', os.version: '10.0', java.version: '21.0.10'
Driver info: org.openqa.selenium.chrome.ChromeDriver
Command: [52b2147ce5dd01cf745847b404a9ca04, findElement {using=xpath, value=//input[@placeholder='Username']}]
Capabilities {acceptInsecureCerts: false, browserName: chrome, browserVersion: 148.0.7778.218, chrome: {chromedriverVersion: 148.0.7778.178 (d096af1c9e9..., userDataDir: C:\Users\DEVIKA~1\AppData\L...}, fedcm:accounts: true, goog:chromeOptions: {debuggerAddress: localhost:56813}, goog:processID: 17300, networkConnectionEnabled: false, pageLoadStrategy: normal, platformName: windows, proxy: Proxy(), se:cdp: ws://localhost:56813/devtoo..., se:cdpVersion: 148.0.7778.218, setWindowRect: true, strictFileInteractability: false, timeouts: {implicit: 0, pageLoad: 300000, script: 30000}, unhandledPromptBehavior: dismiss and notify, webauthn:extension:credBlob: true, webauthn:extension:largeBlob: true, webauthn:extension:minPinLength: true, webauthn:extension:prf: true, webauthn:virtualAuthenticators: true}
Session ID: 52b2147ce5dd01cf745847b404a9ca04
2026-06-09 08:38:32 [TestNG-test-OrangeHRmTest-3] ERROR ActionDriver - Unable to enter the value:invalid session id
Build info: version: '4.44.0', revision: 'da2039b'
System info: os.name: 'Windows 11', os.arch: 'amd64', os.version: '10.0', java.version: '21.0.10'
Driver info: org.openqa.selenium.chrome.ChromeDriver
Command: [52b2147ce5dd01cf745847b404a9ca04, findElement {using=xpath, value=//input[@placeholder='Username']}]
Capabilities {acceptInsecureCerts: false, browserName: chrome, browserVersion: 148.0.7778.218, chrome: {chromedriverVersion: 148.0.7778.178 (d096af1c9e9..., userDataDir: C:\Users\DEVIKA~1\AppData\L...}, fedcm:accounts: true, goog:chromeOptions: {debuggerAddress: localhost:56813}, goog:processID: 17300, networkConnectionEnabled: false, pageLoadStrategy: normal, platformName: windows, proxy: Proxy(), se:cdp: ws://localhost:56813/devtoo..., se:cdpVersion: 148.0.7778.218, setWindowRect: true, strictFileInteractability: false, timeouts: {implicit: 0, pageLoad: 300000, script: 30000}, unhandledPromptBehavior: dismiss and notify, webauthn:extension:credBlob: true, webauthn:extension:largeBlob: true, webauthn:extension:minPinLength: true, webauthn:extension:prf: true, webauthn:virtualAuthenticators: true}
Session ID: 52b2147ce5dd01cf745847b404a9ca04
2026-06-09 08:38:32 [TestNG-test-OrangeHRmTest-3] ERROR ActionDriver - Element is not visible:invalid session id
Build info: version: '4.44.0', revision: 'da2039b'
System info: os.name: 'Windows 11', os.arch: 'amd64', os.version: '10.0', java.version: '21.0.10'
Driver info: org.openqa.selenium.chrome.ChromeDriver
Command: [52b2147ce5dd01cf745847b404a9ca04, findElement {using=xpath, value=//input[@placeholder='Password']}]
Capabilities {acceptInsecureCerts: false, browserName: chrome, browserVersion: 148.0.7778.218, chrome: {chromedriverVersion: 148.0.7778.178 (d096af1c9e9..., userDataDir: C:\Users\DEVIKA~1\AppData\L...}, fedcm:accounts: true, goog:chromeOptions: {debuggerAddress: localhost:56813}, goog:processID: 17300, networkConnectionEnabled: false, pageLoadStrategy: normal, platformName: windows, proxy: Proxy(), se:cdp: ws://localhost:56813/devtoo..., se:cdpVersion: 148.0.7778.218, setWindowRect: true, strictFileInteractability: false, timeouts: {implicit: 0, pageLoad: 300000, script: 30000}, unhandledPromptBehavior: dismiss and notify, webauthn:extension:credBlob: true, webauthn:extension:largeBlob: true, webauthn:extension:minPinLength: true, webauthn:extension:prf: true, webauthn:virtualAuthenticators: true}
Session ID: 52b2147ce5dd01cf745847b404a9ca04
2026-06-09 08:38:32 [TestNG-test-OrangeHRmTest-3] ERROR ActionDriver - Unable to enter the value:invalid session id
Build info: version: '4.44.0', revision: 'da2039b'
System info: os.name: 'Windows 11', os.arch: 'amd64', os.version: '10.0', java.version: '21.0.10'
Driver info: org.openqa.selenium.chrome.ChromeDriver
Command: [52b2147ce5dd01cf745847b404a9ca04, findElement {using=xpath, value=//input[@placeholder='Password']}]
Capabilities {acceptInsecureCerts: false, browserName: chrome, browserVersion: 148.0.7778.218, chrome: {chromedriverVersion: 148.0.7778.178 (d096af1c9e9..., userDataDir: C:\Users\DEVIKA~1\AppData\L...}, fedcm:accounts: true, goog:chromeOptions: {debuggerAddress: localhost:56813}, goog:processID: 17300, networkConnectionEnabled: false, pageLoadStrategy: normal, platformName: windows, proxy: Proxy(), se:cdp: ws://localhost:56813/devtoo..., se:cdpVersion: 148.0.7778.218, setWindowRect: true, strictFileInteractability: false, timeouts: {implicit: 0, pageLoad: 300000, script: 30000}, unhandledPromptBehavior: dismiss and notify, webauthn:extension:credBlob: true, webauthn:extension:largeBlob: true, webauthn:extension:minPinLength: true, webauthn:extension:prf: true, webauthn:virtualAuthenticators: true}
Session ID: 52b2147ce5dd01cf745847b404a9ca04
2026-06-09 08:38:32 [TestNG-test-OrangeHRmTest-3] ERROR ActionDriver - Unable to describe the elementinvalid session id
Build info: version: '4.44.0', revision: 'da2039b'
System info: os.name: 'Windows 11', os.arch: 'amd64', os.version: '10.0', java.version: '21.0.10'
Driver info: org.openqa.selenium.chrome.ChromeDriver
Command: [52b2147ce5dd01cf745847b404a9ca04, findElement {using=xpath, value=//button[normalize-space()='Login']}]
Capabilities {acceptInsecureCerts: false, browserName: chrome, browserVersion: 148.0.7778.218, chrome: {chromedriverVersion: 148.0.7778.178 (d096af1c9e9..., userDataDir: C:\Users\DEVIKA~1\AppData\L...}, fedcm:accounts: true, goog:chromeOptions: {debuggerAddress: localhost:56813}, goog:processID: 17300, networkConnectionEnabled: false, pageLoadStrategy: normal, platformName: windows, proxy: Proxy(), se:cdp: ws://localhost:56813/devtoo..., se:cdpVersion: 148.0.7778.218, setWindowRect: true, strictFileInteractability: false, timeouts: {implicit: 0, pageLoad: 300000, script: 30000}, unhandledPromptBehavior: dismiss and notify, webauthn:extension:credBlob: true, webauthn:extension:largeBlob: true, webauthn:extension:minPinLength: true, webauthn:extension:prf: true, webauthn:virtualAuthenticators: true}
Session ID: 52b2147ce5dd01cf745847b404a9ca04
2026-06-09 08:38:32 [TestNG-test-OrangeHRmTest-3] ERROR ActionDriver - Element is not clickable: invalid session id
Build info: version: '4.44.0', revision: 'da2039b'
System info: os.name: 'Windows 11', os.arch: 'amd64', os.version: '10.0', java.version: '21.0.10'
Driver info: org.openqa.selenium.chrome.ChromeDriver
Command: [52b2147ce5dd01cf745847b404a9ca04, findElement {using=xpath, value=//button[normalize-space()='Login']}]
Capabilities {acceptInsecureCerts: false, browserName: chrome, browserVersion: 148.0.7778.218, chrome: {chromedriverVersion: 148.0.7778.178 (d096af1c9e9..., userDataDir: C:\Users\DEVIKA~1\AppData\L...}, fedcm:accounts: true, goog:chromeOptions: {debuggerAddress: localhost:56813}, goog:processID: 17300, networkConnectionEnabled: false, pageLoadStrategy: normal, platformName: windows, proxy: Proxy(), se:cdp: ws://localhost:56813/devtoo..., se:cdpVersion: 148.0.7778.218, setWindowRect: true, strictFileInteractability: false, timeouts: {implicit: 0, pageLoad: 300000, script: 30000}, unhandledPromptBehavior: dismiss and notify, webauthn:extension:credBlob: true, webauthn:extension:largeBlob: true, webauthn:extension:minPinLength: true, webauthn:extension:prf: true, webauthn:virtualAuthenticators: true}
Session ID: 52b2147ce5dd01cf745847b404a9ca04
2026-06-09 08:38:32 [TestNG-test-OrangeHRmTest-3] ERROR ActionDriver - unable to click element
2026-06-09 08:38:32 [TestNG-test-OrangeHRmTest-3] ERROR ActionDriver - Element is not visible:invalid session id
Build info: version: '4.44.0', revision: 'da2039b'
System info: os.name: 'Windows 11', os.arch: 'amd64', os.version: '10.0', java.version: '21.0.10'
Driver info: org.openqa.selenium.chrome.ChromeDriver
Command: [52b2147ce5dd01cf745847b404a9ca04, findElement {using=xpath, value=//span[normalize-space()='Admin']}]
Capabilities {acceptInsecureCerts: false, browserName: chrome, browserVersion: 148.0.7778.218, chrome: {chromedriverVersion: 148.0.7778.178 (d096af1c9e9..., userDataDir: C:\Users\DEVIKA~1\AppData\L...}, fedcm:accounts: true, goog:chromeOptions: {debuggerAddress: localhost:56813}, goog:processID: 17300, networkConnectionEnabled: false, pageLoadStrategy: normal, platformName: windows, proxy: Proxy(), se:cdp: ws://localhost:56813/devtoo..., se:cdpVersion: 148.0.7778.218, setWindowRect: true, strictFileInteractability: false, timeouts: {implicit: 0, pageLoad: 300000, script: 30000}, unhandledPromptBehavior: dismiss and notify, webauthn:extension:credBlob: true, webauthn:extension:largeBlob: true, webauthn:extension:minPinLength: true, webauthn:extension:prf: true, webauthn:virtualAuthenticators: true}
Session ID: 52b2147ce5dd01cf745847b404a9ca04
2026-06-09 08:38:32 [TestNG-test-OrangeHRmTest-3] ERROR ActionDriver - Unable to describe the elementinvalid session id
Build info: version: '4.44.0', revision: 'da2039b'
System info: os.name: 'Windows 11', os.arch: 'amd64', os.version: '10.0', java.version: '21.0.10'
Driver info: org.openqa.selenium.chrome.ChromeDriver
Command: [52b2147ce5dd01cf745847b404a9ca04, findElement {using=xpath, value=//span[normalize-space()='Admin']}]
Capabilities {acceptInsecureCerts: false, browserName: chrome, browserVersion: 148.0.7778.218, chrome: {chromedriverVersion: 148.0.7778.178 (d096af1c9e9..., userDataDir: C:\Users\DEVIKA~1\AppData\L...}, fedcm:accounts: true, goog:chromeOptions: {debuggerAddress: localhost:56813}, goog:processID: 17300, networkConnectionEnabled: false, pageLoadStrategy: normal, platformName: windows, proxy: Proxy(), se:cdp: ws://localhost:56813/devtoo..., se:cdpVersion: 148.0.7778.218, setWindowRect: true, strictFileInteractability: false, timeouts: {implicit: 0, pageLoad: 300000, script: 30000}, unhandledPromptBehavior: dismiss and notify, webauthn:extension:credBlob: true, webauthn:extension:largeBlob: true, webauthn:extension:minPinLength: true, webauthn:extension:prf: true, webauthn:virtualAuthenticators: true}
Session ID: 52b2147ce5dd01cf745847b404a9ca04
2026-06-09 08:38:32 [TestNG-test-OrangeHRmTest-3] ERROR ActionDriver - Element is not Displayed:invalid session id
Build info: version: '4.44.0', revision: 'da2039b'
System info: os.name: 'Windows 11', os.arch: 'amd64', os.version: '10.0', java.version: '21.0.10'
Driver info: org.openqa.selenium.chrome.ChromeDriver
Command: [52b2147ce5dd01cf745847b404a9ca04, findElement {using=xpath, value=//span[normalize-space()='Admin']}]
Capabilities {acceptInsecureCerts: false, browserName: chrome, browserVersion: 148.0.7778.218, chrome: {chromedriverVersion: 148.0.7778.178 (d096af1c9e9..., userDataDir: C:\Users\DEVIKA~1\AppData\L...}, fedcm:accounts: true, goog:chromeOptions: {debuggerAddress: localhost:56813}, goog:processID: 17300, networkConnectionEnabled: false, pageLoadStrategy: normal, platformName: windows, proxy: Proxy(), se:cdp: ws://localhost:56813/devtoo..., se:cdpVersion: 148.0.7778.218, setWindowRect: true, strictFileInteractability: false, timeouts: {implicit: 0, pageLoad: 300000, script: 30000}, unhandledPromptBehavior: dismiss and notify, webauthn:extension:credBlob: true, webauthn:extension:largeBlob: true, webauthn:extension:minPinLength: true, webauthn:extension:prf: true, webauthn:virtualAuthenticators: true}
Session ID: 52b2147ce5dd01cf745847b404a9ca04
2026-06-09 09:31:53 [TestNG-test-OrangeHRmTest-4] ERROR Baseclass - this is a error message
2026-06-09 09:31:53 [TestNG-test-OrangeHRmTest-4] FATAL Baseclass - this is a fatal message
2026-06-09 09:32:06 [TestNG-test-OrangeHRmTest-1] ERROR Baseclass - this is a error message
2026-06-09 09:32:06 [TestNG-test-OrangeHRmTest-1] FATAL Baseclass - this is a fatal message
2026-06-09 09:32:59 [TestNG-test-OrangeHRmTest-2] ERROR Baseclass - this is a error message
2026-06-09 09:32:59 [TestNG-test-OrangeHRmTest-2] FATAL Baseclass - this is a fatal message
2026-06-09 09:34:36 [TestNG-test-OrangeHRmTest-4] ERROR Baseclass - this is a error message
2026-06-09 09:34:36 [TestNG-test-OrangeHRmTest-4] FATAL Baseclass - this is a fatal message
2026-06-09 09:34:38 [TestNG-test-OrangeHRmTest-3] ERROR Baseclass - this is a error message
2026-06-09 09:34:38 [TestNG-test-OrangeHRmTest-3] FATAL Baseclass - this is a fatal message
2026-06-09 09:35:53 [TestNG-test-OrangeHRmTest-3] ERROR Baseclass - this is a error message
2026-06-09 09:35:53 [TestNG-test-OrangeHRmTest-3] FATAL Baseclass - this is a fatal message
2026-06-09 09:36:06 [TestNG-test-OrangeHRmTest-1] ERROR Baseclass - this is a error message
2026-06-09 09:36:06 [TestNG-test-OrangeHRmTest-1] FATAL Baseclass - this is a fatal message
2026-06-09 09:47:29 [TestNG-test-OrangeHRmTest-4] ERROR Baseclass - this is a error message
2026-06-09 09:47:29 [TestNG-test-OrangeHRmTest-4] FATAL Baseclass - this is a fatal message
2026-06-09 09:47:31 [TestNG-test-OrangeHRmTest-2] ERROR Baseclass - this is a error message
2026-06-09 09:47:31 [TestNG-test-OrangeHRmTest-2] FATAL Baseclass - this is a fatal message
2026-06-09 09:49:49 [TestNG-test-OrangeHRmTest-3] ERROR Baseclass - this is a error message
2026-06-09 09:49:49 [TestNG-test-OrangeHRmTest-3] FATAL Baseclass - this is a fatal message
2026-06-09 10:03:29 [TestNG-test-OrangeHRmTest-1] ERROR Baseclass - this is a error message
2026-06-09 10:03:29 [TestNG-test-OrangeHRmTest-1] FATAL Baseclass - this is a fatal message
2026-06-09 10:03:32 [TestNG-test-OrangeHRmTest-3] ERROR Baseclass - this is a error message
2026-06-09 10:03:32 [TestNG-test-OrangeHRmTest-3] FATAL Baseclass - this is a fatal message
2026-06-09 10:03:34 [TestNG-test-OrangeHRmTest-2] ERROR Baseclass - this is a error message
2026-06-09 10:03:34 [TestNG-test-OrangeHRmTest-2] FATAL Baseclass - this is a fatal message
2026-06-09 10:03:35 [TestNG-test-OrangeHRmTest-4] ERROR Baseclass - this is a error message
2026-06-09 10:03:35 [TestNG-test-OrangeHRmTest-4] FATAL Baseclass - this is a fatal message
2026-06-09 10:10:55 [TestNG-test-OrangeHRmTest-2] ERROR Baseclass - this is a error message
2026-06-09 10:10:55 [TestNG-test-OrangeHRmTest-2] FATAL Baseclass - this is a fatal message
2026-06-09 10:10:55 [TestNG-test-OrangeHRmTest-4] ERROR Baseclass - this is a error message
2026-06-09 10:10:55 [TestNG-test-OrangeHRmTest-4] FATAL Baseclass - this is a fatal message
2026-06-09 10:11:08 [TestNG-test-OrangeHRmTest-3] ERROR Baseclass - this is a error message
2026-06-09 10:11:08 [TestNG-test-OrangeHRmTest-3] FATAL Baseclass - this is a fatal message
2026-06-09 10:11:08 [TestNG-test-OrangeHRmTest-1] ERROR Baseclass - this is a error message
2026-06-09 10:11:08 [TestNG-test-OrangeHRmTest-1] FATAL Baseclass - this is a fatal message
2026-06-09 12:00:03 [TestNG-test-OrangeHRmTest-3] ERROR ActionDriver - Element is not visible:Expected condition failed: waiting for visibility of element found by By.xpath: //input[@placeholder='Username']
(tried for 30 seconds with 500 milliseconds interval)
2026-06-09 12:00:03 [TestNG-test-OrangeHRmTest-3] ERROR ActionDriver - Unable to enter the value:no such window: target window already closed
from unknown error: web view not found
  (Session info: chrome=148.0.7778.218)
Build info: version: '4.44.0', revision: 'da2039b'
System info: os.name: 'Windows 11', os.arch: 'amd64', os.version: '10.0', java.version: '21.0.10'
Driver info: org.openqa.selenium.chrome.ChromeDriver
Command: [18149ea7f043778d4c345754f516e486, findElement {value=//input[@placeholder='Username'], using=xpath}]
Capabilities {acceptInsecureCerts: false, browserName: chrome, browserVersion: 148.0.7778.218, chrome: {chromedriverVersion: 148.0.7778.178 (d096af1c9e9..., userDataDir: C:\Users\DEVIKA~1\AppData\L...}, fedcm:accounts: true, goog:chromeOptions: {debuggerAddress: localhost:57427}, goog:processID: 21760, networkConnectionEnabled: false, pageLoadStrategy: normal, platformName: windows, proxy: Proxy(), se:cdp: ws://localhost:57427/devtoo..., se:cdpVersion: 148.0.7778.218, setWindowRect: true, strictFileInteractability: false, timeouts: {implicit: 0, pageLoad: 300000, script: 30000}, unhandledPromptBehavior: dismiss and notify, webauthn:extension:credBlob: true, webauthn:extension:largeBlob: true, webauthn:extension:minPinLength: true, webauthn:extension:prf: true, webauthn:virtualAuthenticators: true}
Session ID: 18149ea7f043778d4c345754f516e486
2026-06-09 12:00:33 [TestNG-test-OrangeHRmTest-3] ERROR ActionDriver - Element is not visible:Expected condition failed: waiting for visibility of element found by By.xpath: //input[@placeholder='Password']
(tried for 30 seconds with 500 milliseconds interval)
2026-06-09 12:00:33 [TestNG-test-OrangeHRmTest-3] ERROR ActionDriver - Unable to enter the value:no such window: target window already closed
from unknown error: web view not found
  (Session info: chrome=148.0.7778.218)
Build info: version: '4.44.0', revision: 'da2039b'
System info: os.name: 'Windows 11', os.arch: 'amd64', os.version: '10.0', java.version: '21.0.10'
Driver info: org.openqa.selenium.chrome.ChromeDriver
Command: [18149ea7f043778d4c345754f516e486, findElement {value=//input[@placeholder='Password'], using=xpath}]
Capabilities {acceptInsecureCerts: false, browserName: chrome, browserVersion: 148.0.7778.218, chrome: {chromedriverVersion: 148.0.7778.178 (d096af1c9e9..., userDataDir: C:\Users\DEVIKA~1\AppData\L...}, fedcm:accounts: true, goog:chromeOptions: {debuggerAddress: localhost:57427}, goog:processID: 21760, networkConnectionEnabled: false, pageLoadStrategy: normal, platformName: windows, proxy: Proxy(), se:cdp: ws://localhost:57427/devtoo..., se:cdpVersion: 148.0.7778.218, setWindowRect: true, strictFileInteractability: false, timeouts: {implicit: 0, pageLoad: 300000, script: 30000}, unhandledPromptBehavior: dismiss and notify, webauthn:extension:credBlob: true, webauthn:extension:largeBlob: true, webauthn:extension:minPinLength: true, webauthn:extension:prf: true, webauthn:virtualAuthenticators: true}
Session ID: 18149ea7f043778d4c345754f516e486
2026-06-09 12:00:33 [TestNG-test-OrangeHRmTest-3] ERROR ActionDriver - Unable to describe the elementno such window: target window already closed
from unknown error: web view not found
  (Session info: chrome=148.0.7778.218)
Build info: version: '4.44.0', revision: 'da2039b'
System info: os.name: 'Windows 11', os.arch: 'amd64', os.version: '10.0', java.version: '21.0.10'
Driver info: org.openqa.selenium.chrome.ChromeDriver
Command: [18149ea7f043778d4c345754f516e486, findElement {value=//button[normalize-space()='Login'], using=xpath}]
Capabilities {acceptInsecureCerts: false, browserName: chrome, browserVersion: 148.0.7778.218, chrome: {chromedriverVersion: 148.0.7778.178 (d096af1c9e9..., userDataDir: C:\Users\DEVIKA~1\AppData\L...}, fedcm:accounts: true, goog:chromeOptions: {debuggerAddress: localhost:57427}, goog:processID: 21760, networkConnectionEnabled: false, pageLoadStrategy: normal, platformName: windows, proxy: Proxy(), se:cdp: ws://localhost:57427/devtoo..., se:cdpVersion: 148.0.7778.218, setWindowRect: true, strictFileInteractability: false, timeouts: {implicit: 0, pageLoad: 300000, script: 30000}, unhandledPromptBehavior: dismiss and notify, webauthn:extension:credBlob: true, webauthn:extension:largeBlob: true, webauthn:extension:minPinLength: true, webauthn:extension:prf: true, webauthn:virtualAuthenticators: true}
Session ID: 18149ea7f043778d4c345754f516e486
2026-06-09 12:01:03 [TestNG-test-OrangeHRmTest-3] ERROR ActionDriver - Element is not clickable: Expected condition failed: waiting for element found by By.xpath: //button[normalize-space()='Login'] to be clickable, but the element null.
(tried for 30 seconds with 500 milliseconds interval)
2026-06-09 12:01:03 [TestNG-test-OrangeHRmTest-3] ERROR ActionDriver - unable to click element
2026-06-09 12:01:34 [TestNG-test-OrangeHRmTest-3] ERROR ActionDriver - Element is not visible:Expected condition failed: waiting for visibility of element found by By.xpath: //p[text() = 'Invalid credentials']
(tried for 30 seconds with 500 milliseconds interval)
2026-06-09 12:01:34 [TestNG-test-OrangeHRmTest-3] ERROR ActionDriver - unable to compare Textsno such window: target window already closed
from unknown error: web view not found
  (Session info: chrome=148.0.7778.218)
Build info: version: '4.44.0', revision: 'da2039b'
System info: os.name: 'Windows 11', os.arch: 'amd64', os.version: '10.0', java.version: '21.0.10'
Driver info: org.openqa.selenium.chrome.ChromeDriver
Command: [18149ea7f043778d4c345754f516e486, findElement {value=//p[text() = 'Invalid credentials'], using=xpath}]
Capabilities {acceptInsecureCerts: false, browserName: chrome, browserVersion: 148.0.7778.218, chrome: {chromedriverVersion: 148.0.7778.178 (d096af1c9e9..., userDataDir: C:\Users\DEVIKA~1\AppData\L...}, fedcm:accounts: true, goog:chromeOptions: {debuggerAddress: localhost:57427}, goog:processID: 21760, networkConnectionEnabled: false, pageLoadStrategy: normal, platformName: windows, proxy: Proxy(), se:cdp: ws://localhost:57427/devtoo..., se:cdpVersion: 148.0.7778.218, setWindowRect: true, strictFileInteractability: false, timeouts: {implicit: 0, pageLoad: 300000, script: 30000}, unhandledPromptBehavior: dismiss and notify, webauthn:extension:credBlob: true, webauthn:extension:largeBlob: true, webauthn:extension:minPinLength: true, webauthn:extension:prf: true, webauthn:virtualAuthenticators: true}
Session ID: 18149ea7f043778d4c345754f516e486
2026-06-09 19:48:46 [TestNG-tests-1] ERROR Baseclass - This is an ERROR message
2026-06-09 19:48:46 [TestNG-tests-1] FATAL Baseclass - This is a FATAL message
2026-06-09 19:49:34 [TestNG-tests-1] ERROR Baseclass - This is an ERROR message
2026-06-09 19:49:34 [TestNG-tests-1] FATAL Baseclass - This is a FATAL message
2026-06-09 19:50:29 [TestNG-tests-1] ERROR Baseclass - This is an ERROR message
2026-06-09 19:50:29 [TestNG-tests-1] FATAL Baseclass - This is a FATAL message
2026-06-09 19:50:44 [TestNG-tests-1] ERROR ActionDriver - Element is not visible:Expected condition failed: waiting for visibility of element found by By.xpath: //input[@placeholder='Username']
(tried for 10 seconds with 500 milliseconds interval)
2026-06-09 19:50:44 [TestNG-tests-1] ERROR ActionDriver - Unable to enter the value:no such window: target window already closed
from unknown error: web view not found
  (Session info: chrome=148.0.7778.218)
Build info: version: '4.44.0', revision: 'da2039b'
System info: os.name: 'Windows 11', os.arch: 'amd64', os.version: '10.0', java.version: '21.0.10'
Driver info: org.openqa.selenium.chrome.ChromeDriver
Command: [81867a57b5d71a37806c519873431dd3, findElement {using=xpath, value=//input[@placeholder='Username']}]
Capabilities {acceptInsecureCerts: false, browserName: chrome, browserVersion: 148.0.7778.218, chrome: {chromedriverVersion: 148.0.7778.178 (d096af1c9e9..., userDataDir: C:\Users\DEVIKA~1\AppData\L...}, fedcm:accounts: true, goog:chromeOptions: {debuggerAddress: localhost:64744}, goog:processID: 25512, networkConnectionEnabled: false, pageLoadStrategy: normal, platformName: windows, proxy: Proxy(), se:cdp: ws://localhost:64744/devtoo..., se:cdpVersion: 148.0.7778.218, setWindowRect: true, strictFileInteractability: false, timeouts: {implicit: 0, pageLoad: 300000, script: 30000}, unhandledPromptBehavior: dismiss and notify, webauthn:extension:credBlob: true, webauthn:extension:largeBlob: true, webauthn:extension:minPinLength: true, webauthn:extension:prf: true, webauthn:virtualAuthenticators: true}
Session ID: 81867a57b5d71a37806c519873431dd3
2026-06-09 19:50:54 [TestNG-tests-1] ERROR ActionDriver - Element is not visible:Expected condition failed: waiting for visibility of element found by By.xpath: //input[@placeholder='Password']
(tried for 10 seconds with 500 milliseconds interval)
2026-06-09 19:50:54 [TestNG-tests-1] ERROR ActionDriver - Unable to enter the value:no such window: target window already closed
from unknown error: web view not found
  (Session info: chrome=148.0.7778.218)
Build info: version: '4.44.0', revision: 'da2039b'
System info: os.name: 'Windows 11', os.arch: 'amd64', os.version: '10.0', java.version: '21.0.10'
Driver info: org.openqa.selenium.chrome.ChromeDriver
Command: [81867a57b5d71a37806c519873431dd3, findElement {using=xpath, value=//input[@placeholder='Password']}]
Capabilities {acceptInsecureCerts: false, browserName: chrome, browserVersion: 148.0.7778.218, chrome: {chromedriverVersion: 148.0.7778.178 (d096af1c9e9..., userDataDir: C:\Users\DEVIKA~1\AppData\L...}, fedcm:accounts: true, goog:chromeOptions: {debuggerAddress: localhost:64744}, goog:processID: 25512, networkConnectionEnabled: false, pageLoadStrategy: normal, platformName: windows, proxy: Proxy(), se:cdp: ws://localhost:64744/devtoo..., se:cdpVersion: 148.0.7778.218, setWindowRect: true, strictFileInteractability: false, timeouts: {implicit: 0, pageLoad: 300000, script: 30000}, unhandledPromptBehavior: dismiss and notify, webauthn:extension:credBlob: true, webauthn:extension:largeBlob: true, webauthn:extension:minPinLength: true, webauthn:extension:prf: true, webauthn:virtualAuthenticators: true}
Session ID: 81867a57b5d71a37806c519873431dd3
2026-06-09 19:50:54 [TestNG-tests-1] ERROR ActionDriver - Unable to describe the elementno such window: target window already closed
from unknown error: web view not found
  (Session info: chrome=148.0.7778.218)
Build info: version: '4.44.0', revision: 'da2039b'
System info: os.name: 'Windows 11', os.arch: 'amd64', os.version: '10.0', java.version: '21.0.10'
Driver info: org.openqa.selenium.chrome.ChromeDriver
Command: [81867a57b5d71a37806c519873431dd3, findElement {using=xpath, value=//button[normalize-space()='Login']}]
Capabilities {acceptInsecureCerts: false, browserName: chrome, browserVersion: 148.0.7778.218, chrome: {chromedriverVersion: 148.0.7778.178 (d096af1c9e9..., userDataDir: C:\Users\DEVIKA~1\AppData\L...}, fedcm:accounts: true, goog:chromeOptions: {debuggerAddress: localhost:64744}, goog:processID: 25512, networkConnectionEnabled: false, pageLoadStrategy: normal, platformName: windows, proxy: Proxy(), se:cdp: ws://localhost:64744/devtoo..., se:cdpVersion: 148.0.7778.218, setWindowRect: true, strictFileInteractability: false, timeouts: {implicit: 0, pageLoad: 300000, script: 30000}, unhandledPromptBehavior: dismiss and notify, webauthn:extension:credBlob: true, webauthn:extension:largeBlob: true, webauthn:extension:minPinLength: true, webauthn:extension:prf: true, webauthn:virtualAuthenticators: true}
Session ID: 81867a57b5d71a37806c519873431dd3
2026-06-09 19:51:05 [TestNG-tests-1] ERROR ActionDriver - Element is not clickable: Expected condition failed: waiting for element found by By.xpath: //button[normalize-space()='Login'] to be clickable, but the element null.
(tried for 10 seconds with 500 milliseconds interval)
2026-06-09 19:51:05 [TestNG-tests-1] ERROR ActionDriver - unable to click element
2026-06-09 19:51:15 [TestNG-tests-1] ERROR ActionDriver - Element is not visible:Expected condition failed: waiting for visibility of element found by By.xpath: //p[text() = 'Invalid credentials']
(tried for 10 seconds with 500 milliseconds interval)
2026-06-09 19:51:15 [TestNG-tests-1] ERROR ActionDriver - unable to compare Textsno such window: target window already closed
from unknown error: web view not found
  (Session info: chrome=148.0.7778.218)
Build info: version: '4.44.0', revision: 'da2039b'
System info: os.name: 'Windows 11', os.arch: 'amd64', os.version: '10.0', java.version: '21.0.10'
Driver info: org.openqa.selenium.chrome.ChromeDriver
Command: [81867a57b5d71a37806c519873431dd3, findElement {using=xpath, value=//p[text() = 'Invalid credentials']}]
Capabilities {acceptInsecureCerts: false, browserName: chrome, browserVersion: 148.0.7778.218, chrome: {chromedriverVersion: 148.0.7778.178 (d096af1c9e9..., userDataDir: C:\Users\DEVIKA~1\AppData\L...}, fedcm:accounts: true, goog:chromeOptions: {debuggerAddress: localhost:64744}, goog:processID: 25512, networkConnectionEnabled: false, pageLoadStrategy: normal, platformName: windows, proxy: Proxy(), se:cdp: ws://localhost:64744/devtoo..., se:cdpVersion: 148.0.7778.218, setWindowRect: true, strictFileInteractability: false, timeouts: {implicit: 0, pageLoad: 300000, script: 30000}, unhandledPromptBehavior: dismiss and notify, webauthn:extension:credBlob: true, webauthn:extension:largeBlob: true, webauthn:extension:minPinLength: true, webauthn:extension:prf: true, webauthn:virtualAuthenticators: true}
Session ID: 81867a57b5d71a37806c519873431dd3
2026-06-09 19:51:22 [TestNG-tests-1] ERROR Baseclass - This is an ERROR message
2026-06-09 19:51:22 [TestNG-tests-1] FATAL Baseclass - This is a FATAL message
2026-06-09 19:51:23 [TestNG-tests-1] ERROR Baseclass - This is an ERROR message
2026-06-09 19:51:23 [TestNG-tests-1] FATAL Baseclass - This is a FATAL message
2026-06-09 19:51:28 [TestNG-tests-1] ERROR Baseclass - This is an ERROR message
2026-06-09 19:51:28 [TestNG-tests-1] FATAL Baseclass - This is a FATAL message
2026-06-09 19:51:37 [TestNG-tests-1] ERROR ActionDriver - Element is not visible:Expected condition failed: waiting for visibility of element found by By.xpath: //input[@placeholder='Username']
(tried for 10 seconds with 500 milliseconds interval)
2026-06-09 19:51:37 [TestNG-tests-1] ERROR ActionDriver - Unable to enter the value:no such window: target window already closed
from unknown error: web view not found
  (Session info: chrome=148.0.7778.218)
Build info: version: '4.44.0', revision: 'da2039b'
System info: os.name: 'Windows 11', os.arch: 'amd64', os.version: '10.0', java.version: '21.0.10'
Driver info: org.openqa.selenium.chrome.ChromeDriver
Command: [4ba9cce7c7f18200585c518427a3e478, findElement {using=xpath, value=//input[@placeholder='Username']}]
Capabilities {acceptInsecureCerts: false, browserName: chrome, browserVersion: 148.0.7778.218, chrome: {chromedriverVersion: 148.0.7778.178 (d096af1c9e9..., userDataDir: C:\Users\DEVIKA~1\AppData\L...}, fedcm:accounts: true, goog:chromeOptions: {debuggerAddress: localhost:59622}, goog:processID: 17784, networkConnectionEnabled: false, pageLoadStrategy: normal, platformName: windows, proxy: Proxy(), se:cdp: ws://localhost:59622/devtoo..., se:cdpVersion: 148.0.7778.218, setWindowRect: true, strictFileInteractability: false, timeouts: {implicit: 0, pageLoad: 300000, script: 30000}, unhandledPromptBehavior: dismiss and notify, webauthn:extension:credBlob: true, webauthn:extension:largeBlob: true, webauthn:extension:minPinLength: true, webauthn:extension:prf: true, webauthn:virtualAuthenticators: true}
Session ID: 4ba9cce7c7f18200585c518427a3e478
2026-06-09 19:51:39 [TestNG-tests-1] ERROR Baseclass - This is an ERROR message
2026-06-09 19:51:39 [TestNG-tests-1] FATAL Baseclass - This is a FATAL message
2026-06-09 19:51:47 [TestNG-tests-1] ERROR ActionDriver - Element is not visible:Expected condition failed: waiting for visibility of element found by By.xpath: //input[@placeholder='Password']
(tried for 10 seconds with 500 milliseconds interval)
2026-06-09 19:51:47 [TestNG-tests-1] ERROR ActionDriver - Unable to enter the value:no such window: target window already closed
from unknown error: web view not found
  (Session info: chrome=148.0.7778.218)
Build info: version: '4.44.0', revision: 'da2039b'
System info: os.name: 'Windows 11', os.arch: 'amd64', os.version: '10.0', java.version: '21.0.10'
Driver info: org.openqa.selenium.chrome.ChromeDriver
Command: [4ba9cce7c7f18200585c518427a3e478, findElement {using=xpath, value=//input[@placeholder='Password']}]
Capabilities {acceptInsecureCerts: false, browserName: chrome, browserVersion: 148.0.7778.218, chrome: {chromedriverVersion: 148.0.7778.178 (d096af1c9e9..., userDataDir: C:\Users\DEVIKA~1\AppData\L...}, fedcm:accounts: true, goog:chromeOptions: {debuggerAddress: localhost:59622}, goog:processID: 17784, networkConnectionEnabled: false, pageLoadStrategy: normal, platformName: windows, proxy: Proxy(), se:cdp: ws://localhost:59622/devtoo..., se:cdpVersion: 148.0.7778.218, setWindowRect: true, strictFileInteractability: false, timeouts: {implicit: 0, pageLoad: 300000, script: 30000}, unhandledPromptBehavior: dismiss and notify, webauthn:extension:credBlob: true, webauthn:extension:largeBlob: true, webauthn:extension:minPinLength: true, webauthn:extension:prf: true, webauthn:virtualAuthenticators: true}
Session ID: 4ba9cce7c7f18200585c518427a3e478
2026-06-09 19:51:47 [TestNG-tests-1] ERROR ActionDriver - Unable to describe the elementno such window: target window already closed
from unknown error: web view not found
  (Session info: chrome=148.0.7778.218)
Build info: version: '4.44.0', revision: 'da2039b'
System info: os.name: 'Windows 11', os.arch: 'amd64', os.version: '10.0', java.version: '21.0.10'
Driver info: org.openqa.selenium.chrome.ChromeDriver
Command: [4ba9cce7c7f18200585c518427a3e478, findElement {using=xpath, value=//button[normalize-space()='Login']}]
Capabilities {acceptInsecureCerts: false, browserName: chrome, browserVersion: 148.0.7778.218, chrome: {chromedriverVersion: 148.0.7778.178 (d096af1c9e9..., userDataDir: C:\Users\DEVIKA~1\AppData\L...}, fedcm:accounts: true, goog:chromeOptions: {debuggerAddress: localhost:59622}, goog:processID: 17784, networkConnectionEnabled: false, pageLoadStrategy: normal, platformName: windows, proxy: Proxy(), se:cdp: ws://localhost:59622/devtoo..., se:cdpVersion: 148.0.7778.218, setWindowRect: true, strictFileInteractability: false, timeouts: {implicit: 0, pageLoad: 300000, script: 30000}, unhandledPromptBehavior: dismiss and notify, webauthn:extension:credBlob: true, webauthn:extension:largeBlob: true, webauthn:extension:minPinLength: true, webauthn:extension:prf: true, webauthn:virtualAuthenticators: true}
Session ID: 4ba9cce7c7f18200585c518427a3e478
2026-06-09 19:51:57 [TestNG-tests-1] ERROR ActionDriver - Element is not clickable: Expected condition failed: waiting for element found by By.xpath: //button[normalize-space()='Login'] to be clickable, but the element null.
(tried for 10 seconds with 500 milliseconds interval)
2026-06-09 19:51:57 [TestNG-tests-1] ERROR ActionDriver - unable to click element
2026-06-09 19:52:08 [TestNG-tests-1] ERROR ActionDriver - Element is not visible:Expected condition failed: waiting for visibility of element found by By.xpath: //span[normalize-space()='Admin']
(tried for 10 seconds with 500 milliseconds interval)
2026-06-09 19:52:08 [TestNG-tests-1] ERROR ActionDriver - Unable to describe the elementno such window: target window already closed
from unknown error: web view not found
  (Session info: chrome=148.0.7778.218)
Build info: version: '4.44.0', revision: 'da2039b'
System info: os.name: 'Windows 11', os.arch: 'amd64', os.version: '10.0', java.version: '21.0.10'
Driver info: org.openqa.selenium.chrome.ChromeDriver
Command: [4ba9cce7c7f18200585c518427a3e478, findElement {using=xpath, value=//span[normalize-space()='Admin']}]
Capabilities {acceptInsecureCerts: false, browserName: chrome, browserVersion: 148.0.7778.218, chrome: {chromedriverVersion: 148.0.7778.178 (d096af1c9e9..., userDataDir: C:\Users\DEVIKA~1\AppData\L...}, fedcm:accounts: true, goog:chromeOptions: {debuggerAddress: localhost:59622}, goog:processID: 17784, networkConnectionEnabled: false, pageLoadStrategy: normal, platformName: windows, proxy: Proxy(), se:cdp: ws://localhost:59622/devtoo..., se:cdpVersion: 148.0.7778.218, setWindowRect: true, strictFileInteractability: false, timeouts: {implicit: 0, pageLoad: 300000, script: 30000}, unhandledPromptBehavior: dismiss and notify, webauthn:extension:credBlob: true, webauthn:extension:largeBlob: true, webauthn:extension:minPinLength: true, webauthn:extension:prf: true, webauthn:virtualAuthenticators: true}
Session ID: 4ba9cce7c7f18200585c518427a3e478
2026-06-09 19:52:08 [TestNG-tests-1] ERROR ActionDriver - Element is not Displayed:no such window: target window already closed
from unknown error: web view not found
  (Session info: chrome=148.0.7778.218)
Build info: version: '4.44.0', revision: 'da2039b'
System info: os.name: 'Windows 11', os.arch: 'amd64', os.version: '10.0', java.version: '21.0.10'
Driver info: org.openqa.selenium.chrome.ChromeDriver
Command: [4ba9cce7c7f18200585c518427a3e478, findElement {using=xpath, value=//span[normalize-space()='Admin']}]
Capabilities {acceptInsecureCerts: false, browserName: chrome, browserVersion: 148.0.7778.218, chrome: {chromedriverVersion: 148.0.7778.178 (d096af1c9e9..., userDataDir: C:\Users\DEVIKA~1\AppData\L...}, fedcm:accounts: true, goog:chromeOptions: {debuggerAddress: localhost:59622}, goog:processID: 17784, networkConnectionEnabled: false, pageLoadStrategy: normal, platformName: windows, proxy: Proxy(), se:cdp: ws://localhost:59622/devtoo..., se:cdpVersion: 148.0.7778.218, setWindowRect: true, strictFileInteractability: false, timeouts: {implicit: 0, pageLoad: 300000, script: 30000}, unhandledPromptBehavior: dismiss and notify, webauthn:extension:credBlob: true, webauthn:extension:largeBlob: true, webauthn:extension:minPinLength: true, webauthn:extension:prf: true, webauthn:virtualAuthenticators: true}
Session ID: 4ba9cce7c7f18200585c518427a3e478
2026-06-09 19:52:14 [TestNG-tests-1] ERROR Baseclass - This is an ERROR message
2026-06-09 19:52:14 [TestNG-tests-1] FATAL Baseclass - This is a FATAL message
2026-06-09 19:54:21 [TestNG-test-OrangeHRmTest-2] ERROR Baseclass - This is an ERROR message
2026-06-09 19:54:21 [TestNG-test-OrangeHRmTest-2] FATAL Baseclass - This is a FATAL message
2026-06-09 19:54:21 [TestNG-test-OrangeHRmTest-1] ERROR Baseclass - This is an ERROR message
2026-06-09 19:54:21 [TestNG-test-OrangeHRmTest-1] FATAL Baseclass - This is a FATAL message
2026-06-09 19:54:26 [TestNG-test-OrangeHRmTest-1] ERROR Baseclass - This is an ERROR message
2026-06-09 19:54:26 [TestNG-test-OrangeHRmTest-1] FATAL Baseclass - This is a FATAL message
2026-06-09 19:54:26 [TestNG-test-OrangeHRmTest-2] ERROR Baseclass - This is an ERROR message
2026-06-09 19:54:26 [TestNG-test-OrangeHRmTest-2] FATAL Baseclass - This is a FATAL message
2026-06-09 19:54:32 [TestNG-test-OrangeHRmTest-2] ERROR ActionDriver - Element is not visible:invalid session id: session deleted as the browser has closed the connection
from disconnected: unable to send message to renderer
  (Session info: chrome=148.0.7778.218)
Build info: version: '4.44.0', revision: 'da2039b'
System info: os.name: 'Windows 11', os.arch: 'amd64', os.version: '10.0', java.version: '21.0.10'
Driver info: org.openqa.selenium.chrome.ChromeDriver
Command: [85718dc96499548da62975dbfdcfe63a, findElement {using=xpath, value=//input[@placeholder='Username']}]
Capabilities {acceptInsecureCerts: false, browserName: chrome, browserVersion: 148.0.7778.218, chrome: {chromedriverVersion: 148.0.7778.178 (d096af1c9e9..., userDataDir: C:\Users\DEVIKA~1\AppData\L...}, fedcm:accounts: true, goog:chromeOptions: {debuggerAddress: localhost:51104}, goog:processID: 22544, networkConnectionEnabled: false, pageLoadStrategy: normal, platformName: windows, proxy: Proxy(), se:cdp: ws://localhost:51104/devtoo..., se:cdpVersion: 148.0.7778.218, setWindowRect: true, strictFileInteractability: false, timeouts: {implicit: 0, pageLoad: 300000, script: 30000}, unhandledPromptBehavior: dismiss and notify, webauthn:extension:credBlob: true, webauthn:extension:largeBlob: true, webauthn:extension:minPinLength: true, webauthn:extension:prf: true, webauthn:virtualAuthenticators: true}
Session ID: 85718dc96499548da62975dbfdcfe63a
2026-06-09 19:54:32 [TestNG-test-OrangeHRmTest-2] ERROR ActionDriver - Unable to enter the value:invalid session id
Build info: version: '4.44.0', revision: 'da2039b'
System info: os.name: 'Windows 11', os.arch: 'amd64', os.version: '10.0', java.version: '21.0.10'
Driver info: org.openqa.selenium.chrome.ChromeDriver
Command: [85718dc96499548da62975dbfdcfe63a, findElement {using=xpath, value=//input[@placeholder='Username']}]
Capabilities {acceptInsecureCerts: false, browserName: chrome, browserVersion: 148.0.7778.218, chrome: {chromedriverVersion: 148.0.7778.178 (d096af1c9e9..., userDataDir: C:\Users\DEVIKA~1\AppData\L...}, fedcm:accounts: true, goog:chromeOptions: {debuggerAddress: localhost:51104}, goog:processID: 22544, networkConnectionEnabled: false, pageLoadStrategy: normal, platformName: windows, proxy: Proxy(), se:cdp: ws://localhost:51104/devtoo..., se:cdpVersion: 148.0.7778.218, setWindowRect: true, strictFileInteractability: false, timeouts: {implicit: 0, pageLoad: 300000, script: 30000}, unhandledPromptBehavior: dismiss and notify, webauthn:extension:credBlob: true, webauthn:extension:largeBlob: true, webauthn:extension:minPinLength: true, webauthn:extension:prf: true, webauthn:virtualAuthenticators: true}
Session ID: 85718dc96499548da62975dbfdcfe63a
2026-06-09 19:54:32 [TestNG-test-OrangeHRmTest-2] ERROR ActionDriver - Element is not visible:invalid session id
Build info: version: '4.44.0', revision: 'da2039b'
System info: os.name: 'Windows 11', os.arch: 'amd64', os.version: '10.0', java.version: '21.0.10'
Driver info: org.openqa.selenium.chrome.ChromeDriver
Command: [85718dc96499548da62975dbfdcfe63a, findElement {using=xpath, value=//input[@placeholder='Password']}]
Capabilities {acceptInsecureCerts: false, browserName: chrome, browserVersion: 148.0.7778.218, chrome: {chromedriverVersion: 148.0.7778.178 (d096af1c9e9..., userDataDir: C:\Users\DEVIKA~1\AppData\L...}, fedcm:accounts: true, goog:chromeOptions: {debuggerAddress: localhost:51104}, goog:processID: 22544, networkConnectionEnabled: false, pageLoadStrategy: normal, platformName: windows, proxy: Proxy(), se:cdp: ws://localhost:51104/devtoo..., se:cdpVersion: 148.0.7778.218, setWindowRect: true, strictFileInteractability: false, timeouts: {implicit: 0, pageLoad: 300000, script: 30000}, unhandledPromptBehavior: dismiss and notify, webauthn:extension:credBlob: true, webauthn:extension:largeBlob: true, webauthn:extension:minPinLength: true, webauthn:extension:prf: true, webauthn:virtualAuthenticators: true}
Session ID: 85718dc96499548da62975dbfdcfe63a
2026-06-09 19:54:32 [TestNG-test-OrangeHRmTest-2] ERROR ActionDriver - Unable to enter the value:invalid session id
Build info: version: '4.44.0', revision: 'da2039b'
System info: os.name: 'Windows 11', os.arch: 'amd64', os.version: '10.0', java.version: '21.0.10'
Driver info: org.openqa.selenium.chrome.ChromeDriver
Command: [85718dc96499548da62975dbfdcfe63a, findElement {using=xpath, value=//input[@placeholder='Password']}]
Capabilities {acceptInsecureCerts: false, browserName: chrome, browserVersion: 148.0.7778.218, chrome: {chromedriverVersion: 148.0.7778.178 (d096af1c9e9..., userDataDir: C:\Users\DEVIKA~1\AppData\L...}, fedcm:accounts: true, goog:chromeOptions: {debuggerAddress: localhost:51104}, goog:processID: 22544, networkConnectionEnabled: false, pageLoadStrategy: normal, platformName: windows, proxy: Proxy(), se:cdp: ws://localhost:51104/devtoo..., se:cdpVersion: 148.0.7778.218, setWindowRect: true, strictFileInteractability: false, timeouts: {implicit: 0, pageLoad: 300000, script: 30000}, unhandledPromptBehavior: dismiss and notify, webauthn:extension:credBlob: true, webauthn:extension:largeBlob: true, webauthn:extension:minPinLength: true, webauthn:extension:prf: true, webauthn:virtualAuthenticators: true}
Session ID: 85718dc96499548da62975dbfdcfe63a
2026-06-09 19:54:32 [TestNG-test-OrangeHRmTest-2] ERROR ActionDriver - Unable to describe the elementinvalid session id
Build info: version: '4.44.0', revision: 'da2039b'
System info: os.name: 'Windows 11', os.arch: 'amd64', os.version: '10.0', java.version: '21.0.10'
Driver info: org.openqa.selenium.chrome.ChromeDriver
Command: [85718dc96499548da62975dbfdcfe63a, findElement {using=xpath, value=//button[normalize-space()='Login']}]
Capabilities {acceptInsecureCerts: false, browserName: chrome, browserVersion: 148.0.7778.218, chrome: {chromedriverVersion: 148.0.7778.178 (d096af1c9e9..., userDataDir: C:\Users\DEVIKA~1\AppData\L...}, fedcm:accounts: true, goog:chromeOptions: {debuggerAddress: localhost:51104}, goog:processID: 22544, networkConnectionEnabled: false, pageLoadStrategy: normal, platformName: windows, proxy: Proxy(), se:cdp: ws://localhost:51104/devtoo..., se:cdpVersion: 148.0.7778.218, setWindowRect: true, strictFileInteractability: false, timeouts: {implicit: 0, pageLoad: 300000, script: 30000}, unhandledPromptBehavior: dismiss and notify, webauthn:extension:credBlob: true, webauthn:extension:largeBlob: true, webauthn:extension:minPinLength: true, webauthn:extension:prf: true, webauthn:virtualAuthenticators: true}
Session ID: 85718dc96499548da62975dbfdcfe63a
2026-06-09 19:54:32 [TestNG-test-OrangeHRmTest-2] ERROR ActionDriver - Element is not clickable: invalid session id
Build info: version: '4.44.0', revision: 'da2039b'
System info: os.name: 'Windows 11', os.arch: 'amd64', os.version: '10.0', java.version: '21.0.10'
Driver info: org.openqa.selenium.chrome.ChromeDriver
Command: [85718dc96499548da62975dbfdcfe63a, findElement {using=xpath, value=//button[normalize-space()='Login']}]
Capabilities {acceptInsecureCerts: false, browserName: chrome, browserVersion: 148.0.7778.218, chrome: {chromedriverVersion: 148.0.7778.178 (d096af1c9e9..., userDataDir: C:\Users\DEVIKA~1\AppData\L...}, fedcm:accounts: true, goog:chromeOptions: {debuggerAddress: localhost:51104}, goog:processID: 22544, networkConnectionEnabled: false, pageLoadStrategy: normal, platformName: windows, proxy: Proxy(), se:cdp: ws://localhost:51104/devtoo..., se:cdpVersion: 148.0.7778.218, setWindowRect: true, strictFileInteractability: false, timeouts: {implicit: 0, pageLoad: 300000, script: 30000}, unhandledPromptBehavior: dismiss and notify, webauthn:extension:credBlob: true, webauthn:extension:largeBlob: true, webauthn:extension:minPinLength: true, webauthn:extension:prf: true, webauthn:virtualAuthenticators: true}
Session ID: 85718dc96499548da62975dbfdcfe63a
2026-06-09 19:54:32 [TestNG-test-OrangeHRmTest-2] ERROR ActionDriver - unable to click element
2026-06-09 19:54:32 [TestNG-test-OrangeHRmTest-2] ERROR ActionDriver - Element is not visible:invalid session id
Build info: version: '4.44.0', revision: 'da2039b'
System info: os.name: 'Windows 11', os.arch: 'amd64', os.version: '10.0', java.version: '21.0.10'
Driver info: org.openqa.selenium.chrome.ChromeDriver
Command: [85718dc96499548da62975dbfdcfe63a, findElement {using=xpath, value=//div[@class='oxd-brand-banner']//img}]
Capabilities {acceptInsecureCerts: false, browserName: chrome, browserVersion: 148.0.7778.218, chrome: {chromedriverVersion: 148.0.7778.178 (d096af1c9e9..., userDataDir: C:\Users\DEVIKA~1\AppData\L...}, fedcm:accounts: true, goog:chromeOptions: {debuggerAddress: localhost:51104}, goog:processID: 22544, networkConnectionEnabled: false, pageLoadStrategy: normal, platformName: windows, proxy: Proxy(), se:cdp: ws://localhost:51104/devtoo..., se:cdpVersion: 148.0.7778.218, setWindowRect: true, strictFileInteractability: false, timeouts: {implicit: 0, pageLoad: 300000, script: 30000}, unhandledPromptBehavior: dismiss and notify, webauthn:extension:credBlob: true, webauthn:extension:largeBlob: true, webauthn:extension:minPinLength: true, webauthn:extension:prf: true, webauthn:virtualAuthenticators: true}
Session ID: 85718dc96499548da62975dbfdcfe63a
2026-06-09 19:54:32 [TestNG-test-OrangeHRmTest-2] ERROR ActionDriver - Unable to describe the elementinvalid session id
Build info: version: '4.44.0', revision: 'da2039b'
System info: os.name: 'Windows 11', os.arch: 'amd64', os.version: '10.0', java.version: '21.0.10'
Driver info: org.openqa.selenium.chrome.ChromeDriver
Command: [85718dc96499548da62975dbfdcfe63a, findElement {using=xpath, value=//div[@class='oxd-brand-banner']//img}]
Capabilities {acceptInsecureCerts: false, browserName: chrome, browserVersion: 148.0.7778.218, chrome: {chromedriverVersion: 148.0.7778.178 (d096af1c9e9..., userDataDir: C:\Users\DEVIKA~1\AppData\L...}, fedcm:accounts: true, goog:chromeOptions: {debuggerAddress: localhost:51104}, goog:processID: 22544, networkConnectionEnabled: false, pageLoadStrategy: normal, platformName: windows, proxy: Proxy(), se:cdp: ws://localhost:51104/devtoo..., se:cdpVersion: 148.0.7778.218, setWindowRect: true, strictFileInteractability: false, timeouts: {implicit: 0, pageLoad: 300000, script: 30000}, unhandledPromptBehavior: dismiss and notify, webauthn:extension:credBlob: true, webauthn:extension:largeBlob: true, webauthn:extension:minPinLength: true, webauthn:extension:prf: true, webauthn:virtualAuthenticators: true}
Session ID: 85718dc96499548da62975dbfdcfe63a
2026-06-09 19:54:32 [TestNG-test-OrangeHRmTest-2] ERROR ActionDriver - Element is not Displayed:invalid session id
Build info: version: '4.44.0', revision: 'da2039b'
System info: os.name: 'Windows 11', os.arch: 'amd64', os.version: '10.0', java.version: '21.0.10'
Driver info: org.openqa.selenium.chrome.ChromeDriver
Command: [85718dc96499548da62975dbfdcfe63a, findElement {using=xpath, value=//div[@class='oxd-brand-banner']//img}]
Capabilities {acceptInsecureCerts: false, browserName: chrome, browserVersion: 148.0.7778.218, chrome: {chromedriverVersion: 148.0.7778.178 (d096af1c9e9..., userDataDir: C:\Users\DEVIKA~1\AppData\L...}, fedcm:accounts: true, goog:chromeOptions: {debuggerAddress: localhost:51104}, goog:processID: 22544, networkConnectionEnabled: false, pageLoadStrategy: normal, platformName: windows, proxy: Proxy(), se:cdp: ws://localhost:51104/devtoo..., se:cdpVersion: 148.0.7778.218, setWindowRect: true, strictFileInteractability: false, timeouts: {implicit: 0, pageLoad: 300000, script: 30000}, unhandledPromptBehavior: dismiss and notify, webauthn:extension:credBlob: true, webauthn:extension:largeBlob: true, webauthn:extension:minPinLength: true, webauthn:extension:prf: true, webauthn:virtualAuthenticators: true}
Session ID: 85718dc96499548da62975dbfdcfe63a
2026-06-09 19:54:41 [TestNG-test-OrangeHRmTest-1] ERROR ActionDriver - Element is not visible:Expected condition failed: waiting for visibility of element found by By.xpath: //input[@placeholder='Username']
(tried for 10 seconds with 500 milliseconds interval)
2026-06-09 19:54:41 [TestNG-test-OrangeHRmTest-1] ERROR ActionDriver - Unable to enter the value:no such window: target window already closed
from unknown error: web view not found
  (Session info: chrome=148.0.7778.218)
Build info: version: '4.44.0', revision: 'da2039b'
System info: os.name: 'Windows 11', os.arch: 'amd64', os.version: '10.0', java.version: '21.0.10'
Driver info: org.openqa.selenium.chrome.ChromeDriver
Command: [2d867506c253f5df27aed5c772bda581, findElement {using=xpath, value=//input[@placeholder='Username']}]
Capabilities {acceptInsecureCerts: false, browserName: chrome, browserVersion: 148.0.7778.218, chrome: {chromedriverVersion: 148.0.7778.178 (d096af1c9e9..., userDataDir: C:\Users\DEVIKA~1\AppData\L...}, fedcm:accounts: true, goog:chromeOptions: {debuggerAddress: localhost:51105}, goog:processID: 924, networkConnectionEnabled: false, pageLoadStrategy: normal, platformName: windows, proxy: Proxy(), se:cdp: ws://localhost:51105/devtoo..., se:cdpVersion: 148.0.7778.218, setWindowRect: true, strictFileInteractability: false, timeouts: {implicit: 0, pageLoad: 300000, script: 30000}, unhandledPromptBehavior: dismiss and notify, webauthn:extension:credBlob: true, webauthn:extension:largeBlob: true, webauthn:extension:minPinLength: true, webauthn:extension:prf: true, webauthn:virtualAuthenticators: true}
Session ID: 2d867506c253f5df27aed5c772bda581
2026-06-09 19:54:51 [TestNG-test-OrangeHRmTest-1] ERROR ActionDriver - Element is not visible:Expected condition failed: waiting for visibility of element found by By.xpath: //input[@placeholder='Password']
(tried for 10 seconds with 500 milliseconds interval)
2026-06-09 19:54:51 [TestNG-test-OrangeHRmTest-1] ERROR ActionDriver - Unable to enter the value:no such window: target window already closed
from unknown error: web view not found
  (Session info: chrome=148.0.7778.218)
Build info: version: '4.44.0', revision: 'da2039b'
System info: os.name: 'Windows 11', os.arch: 'amd64', os.version: '10.0', java.version: '21.0.10'
Driver info: org.openqa.selenium.chrome.ChromeDriver
Command: [2d867506c253f5df27aed5c772bda581, findElement {using=xpath, value=//input[@placeholder='Password']}]
Capabilities {acceptInsecureCerts: false, browserName: chrome, browserVersion: 148.0.7778.218, chrome: {chromedriverVersion: 148.0.7778.178 (d096af1c9e9..., userDataDir: C:\Users\DEVIKA~1\AppData\L...}, fedcm:accounts: true, goog:chromeOptions: {debuggerAddress: localhost:51105}, goog:processID: 924, networkConnectionEnabled: false, pageLoadStrategy: normal, platformName: windows, proxy: Proxy(), se:cdp: ws://localhost:51105/devtoo..., se:cdpVersion: 148.0.7778.218, setWindowRect: true, strictFileInteractability: false, timeouts: {implicit: 0, pageLoad: 300000, script: 30000}, unhandledPromptBehavior: dismiss and notify, webauthn:extension:credBlob: true, webauthn:extension:largeBlob: true, webauthn:extension:minPinLength: true, webauthn:extension:prf: true, webauthn:virtualAuthenticators: true}
Session ID: 2d867506c253f5df27aed5c772bda581
2026-06-09 19:54:51 [TestNG-test-OrangeHRmTest-1] ERROR ActionDriver - Unable to describe the elementno such window: target window already closed
from unknown error: web view not found
  (Session info: chrome=148.0.7778.218)
Build info: version: '4.44.0', revision: 'da2039b'
System info: os.name: 'Windows 11', os.arch: 'amd64', os.version: '10.0', java.version: '21.0.10'
Driver info: org.openqa.selenium.chrome.ChromeDriver
Command: [2d867506c253f5df27aed5c772bda581, findElement {using=xpath, value=//button[normalize-space()='Login']}]
Capabilities {acceptInsecureCerts: false, browserName: chrome, browserVersion: 148.0.7778.218, chrome: {chromedriverVersion: 148.0.7778.178 (d096af1c9e9..., userDataDir: C:\Users\DEVIKA~1\AppData\L...}, fedcm:accounts: true, goog:chromeOptions: {debuggerAddress: localhost:51105}, goog:processID: 924, networkConnectionEnabled: false, pageLoadStrategy: normal, platformName: windows, proxy: Proxy(), se:cdp: ws://localhost:51105/devtoo..., se:cdpVersion: 148.0.7778.218, setWindowRect: true, strictFileInteractability: false, timeouts: {implicit: 0, pageLoad: 300000, script: 30000}, unhandledPromptBehavior: dismiss and notify, webauthn:extension:credBlob: true, webauthn:extension:largeBlob: true, webauthn:extension:minPinLength: true, webauthn:extension:prf: true, webauthn:virtualAuthenticators: true}
Session ID: 2d867506c253f5df27aed5c772bda581
2026-06-09 19:55:01 [TestNG-test-OrangeHRmTest-1] ERROR ActionDriver - Element is not clickable: Expected condition failed: waiting for element found by By.xpath: //button[normalize-space()='Login'] to be clickable, but the element null.
(tried for 10 seconds with 500 milliseconds interval)
2026-06-09 19:55:01 [TestNG-test-OrangeHRmTest-1] ERROR ActionDriver - unable to click element
2026-06-09 19:55:12 [TestNG-test-OrangeHRmTest-1] ERROR ActionDriver - Element is not visible:Expected condition failed: waiting for visibility of element found by By.xpath: //p[text() = 'Invalid credentials']
(tried for 10 seconds with 500 milliseconds interval)
2026-06-09 19:55:12 [TestNG-test-OrangeHRmTest-1] ERROR ActionDriver - unable to compare Textsno such window: target window already closed
from unknown error: web view not found
  (Session info: chrome=148.0.7778.218)
Build info: version: '4.44.0', revision: 'da2039b'
System info: os.name: 'Windows 11', os.arch: 'amd64', os.version: '10.0', java.version: '21.0.10'
Driver info: org.openqa.selenium.chrome.ChromeDriver
Command: [2d867506c253f5df27aed5c772bda581, findElement {using=xpath, value=//p[text() = 'Invalid credentials']}]
Capabilities {acceptInsecureCerts: false, browserName: chrome, browserVersion: 148.0.7778.218, chrome: {chromedriverVersion: 148.0.7778.178 (d096af1c9e9..., userDataDir: C:\Users\DEVIKA~1\AppData\L...}, fedcm:accounts: true, goog:chromeOptions: {debuggerAddress: localhost:51105}, goog:processID: 924, networkConnectionEnabled: false, pageLoadStrategy: normal, platformName: windows, proxy: Proxy(), se:cdp: ws://localhost:51105/devtoo..., se:cdpVersion: 148.0.7778.218, setWindowRect: true, strictFileInteractability: false, timeouts: {implicit: 0, pageLoad: 300000, script: 30000}, unhandledPromptBehavior: dismiss and notify, webauthn:extension:credBlob: true, webauthn:extension:largeBlob: true, webauthn:extension:minPinLength: true, webauthn:extension:prf: true, webauthn:virtualAuthenticators: true}
Session ID: 2d867506c253f5df27aed5c772bda581
2026-06-09 19:55:15 [TestNG-test-OrangeHRmTest-1] ERROR Baseclass - This is an ERROR message
2026-06-09 19:55:15 [TestNG-test-OrangeHRmTest-1] FATAL Baseclass - This is a FATAL message
2026-06-09 19:55:20 [TestNG-test-OrangeHRmTest-1] ERROR ActionDriver - Element is not visible:invalid session id: session deleted as the browser has closed the connection
from disconnected: not connected to DevTools
  (Session info: chrome=148.0.7778.218)
Build info: version: '4.44.0', revision: 'da2039b'
System info: os.name: 'Windows 11', os.arch: 'amd64', os.version: '10.0', java.version: '21.0.10'
Driver info: org.openqa.selenium.chrome.ChromeDriver
Command: [f9367cd0e31580451f37359a6e867a27, findElement {using=xpath, value=//input[@placeholder='Username']}]
Capabilities {acceptInsecureCerts: false, browserName: chrome, browserVersion: 148.0.7778.218, chrome: {chromedriverVersion: 148.0.7778.178 (d096af1c9e9..., userDataDir: C:\Users\DEVIKA~1\AppData\L...}, fedcm:accounts: true, goog:chromeOptions: {debuggerAddress: localhost:61213}, goog:processID: 2276, networkConnectionEnabled: false, pageLoadStrategy: normal, platformName: windows, proxy: Proxy(), se:cdp: ws://localhost:61213/devtoo..., se:cdpVersion: 148.0.7778.218, setWindowRect: true, strictFileInteractability: false, timeouts: {implicit: 0, pageLoad: 300000, script: 30000}, unhandledPromptBehavior: dismiss and notify, webauthn:extension:credBlob: true, webauthn:extension:largeBlob: true, webauthn:extension:minPinLength: true, webauthn:extension:prf: true, webauthn:virtualAuthenticators: true}
Session ID: f9367cd0e31580451f37359a6e867a27
2026-06-09 19:55:20 [TestNG-test-OrangeHRmTest-1] ERROR ActionDriver - Unable to enter the value:invalid session id
Build info: version: '4.44.0', revision: 'da2039b'
System info: os.name: 'Windows 11', os.arch: 'amd64', os.version: '10.0', java.version: '21.0.10'
Driver info: org.openqa.selenium.chrome.ChromeDriver
Command: [f9367cd0e31580451f37359a6e867a27, findElement {using=xpath, value=//input[@placeholder='Username']}]
Capabilities {acceptInsecureCerts: false, browserName: chrome, browserVersion: 148.0.7778.218, chrome: {chromedriverVersion: 148.0.7778.178 (d096af1c9e9..., userDataDir: C:\Users\DEVIKA~1\AppData\L...}, fedcm:accounts: true, goog:chromeOptions: {debuggerAddress: localhost:61213}, goog:processID: 2276, networkConnectionEnabled: false, pageLoadStrategy: normal, platformName: windows, proxy: Proxy(), se:cdp: ws://localhost:61213/devtoo..., se:cdpVersion: 148.0.7778.218, setWindowRect: true, strictFileInteractability: false, timeouts: {implicit: 0, pageLoad: 300000, script: 30000}, unhandledPromptBehavior: dismiss and notify, webauthn:extension:credBlob: true, webauthn:extension:largeBlob: true, webauthn:extension:minPinLength: true, webauthn:extension:prf: true, webauthn:virtualAuthenticators: true}
Session ID: f9367cd0e31580451f37359a6e867a27
2026-06-09 19:55:20 [TestNG-test-OrangeHRmTest-1] ERROR ActionDriver - Element is not visible:invalid session id
Build info: version: '4.44.0', revision: 'da2039b'
System info: os.name: 'Windows 11', os.arch: 'amd64', os.version: '10.0', java.version: '21.0.10'
Driver info: org.openqa.selenium.chrome.ChromeDriver
Command: [f9367cd0e31580451f37359a6e867a27, findElement {using=xpath, value=//input[@placeholder='Password']}]
Capabilities {acceptInsecureCerts: false, browserName: chrome, browserVersion: 148.0.7778.218, chrome: {chromedriverVersion: 148.0.7778.178 (d096af1c9e9..., userDataDir: C:\Users\DEVIKA~1\AppData\L...}, fedcm:accounts: true, goog:chromeOptions: {debuggerAddress: localhost:61213}, goog:processID: 2276, networkConnectionEnabled: false, pageLoadStrategy: normal, platformName: windows, proxy: Proxy(), se:cdp: ws://localhost:61213/devtoo..., se:cdpVersion: 148.0.7778.218, setWindowRect: true, strictFileInteractability: false, timeouts: {implicit: 0, pageLoad: 300000, script: 30000}, unhandledPromptBehavior: dismiss and notify, webauthn:extension:credBlob: true, webauthn:extension:largeBlob: true, webauthn:extension:minPinLength: true, webauthn:extension:prf: true, webauthn:virtualAuthenticators: true}
Session ID: f9367cd0e31580451f37359a6e867a27
2026-06-09 19:55:20 [TestNG-test-OrangeHRmTest-1] ERROR ActionDriver - Unable to enter the value:invalid session id
Build info: version: '4.44.0', revision: 'da2039b'
System info: os.name: 'Windows 11', os.arch: 'amd64', os.version: '10.0', java.version: '21.0.10'
Driver info: org.openqa.selenium.chrome.ChromeDriver
Command: [f9367cd0e31580451f37359a6e867a27, findElement {using=xpath, value=//input[@placeholder='Password']}]
Capabilities {acceptInsecureCerts: false, browserName: chrome, browserVersion: 148.0.7778.218, chrome: {chromedriverVersion: 148.0.7778.178 (d096af1c9e9..., userDataDir: C:\Users\DEVIKA~1\AppData\L...}, fedcm:accounts: true, goog:chromeOptions: {debuggerAddress: localhost:61213}, goog:processID: 2276, networkConnectionEnabled: false, pageLoadStrategy: normal, platformName: windows, proxy: Proxy(), se:cdp: ws://localhost:61213/devtoo..., se:cdpVersion: 148.0.7778.218, setWindowRect: true, strictFileInteractability: false, timeouts: {implicit: 0, pageLoad: 300000, script: 30000}, unhandledPromptBehavior: dismiss and notify, webauthn:extension:credBlob: true, webauthn:extension:largeBlob: true, webauthn:extension:minPinLength: true, webauthn:extension:prf: true, webauthn:virtualAuthenticators: true}
Session ID: f9367cd0e31580451f37359a6e867a27
2026-06-09 19:55:20 [TestNG-test-OrangeHRmTest-1] ERROR ActionDriver - Unable to describe the elementinvalid session id
Build info: version: '4.44.0', revision: 'da2039b'
System info: os.name: 'Windows 11', os.arch: 'amd64', os.version: '10.0', java.version: '21.0.10'
Driver info: org.openqa.selenium.chrome.ChromeDriver
Command: [f9367cd0e31580451f37359a6e867a27, findElement {using=xpath, value=//button[normalize-space()='Login']}]
Capabilities {acceptInsecureCerts: false, browserName: chrome, browserVersion: 148.0.7778.218, chrome: {chromedriverVersion: 148.0.7778.178 (d096af1c9e9..., userDataDir: C:\Users\DEVIKA~1\AppData\L...}, fedcm:accounts: true, goog:chromeOptions: {debuggerAddress: localhost:61213}, goog:processID: 2276, networkConnectionEnabled: false, pageLoadStrategy: normal, platformName: windows, proxy: Proxy(), se:cdp: ws://localhost:61213/devtoo..., se:cdpVersion: 148.0.7778.218, setWindowRect: true, strictFileInteractability: false, timeouts: {implicit: 0, pageLoad: 300000, script: 30000}, unhandledPromptBehavior: dismiss and notify, webauthn:extension:credBlob: true, webauthn:extension:largeBlob: true, webauthn:extension:minPinLength: true, webauthn:extension:prf: true, webauthn:virtualAuthenticators: true}
Session ID: f9367cd0e31580451f37359a6e867a27
2026-06-09 19:55:20 [TestNG-test-OrangeHRmTest-1] ERROR ActionDriver - Element is not clickable: invalid session id
Build info: version: '4.44.0', revision: 'da2039b'
System info: os.name: 'Windows 11', os.arch: 'amd64', os.version: '10.0', java.version: '21.0.10'
Driver info: org.openqa.selenium.chrome.ChromeDriver
Command: [f9367cd0e31580451f37359a6e867a27, findElement {using=xpath, value=//button[normalize-space()='Login']}]
Capabilities {acceptInsecureCerts: false, browserName: chrome, browserVersion: 148.0.7778.218, chrome: {chromedriverVersion: 148.0.7778.178 (d096af1c9e9..., userDataDir: C:\Users\DEVIKA~1\AppData\L...}, fedcm:accounts: true, goog:chromeOptions: {debuggerAddress: localhost:61213}, goog:processID: 2276, networkConnectionEnabled: false, pageLoadStrategy: normal, platformName: windows, proxy: Proxy(), se:cdp: ws://localhost:61213/devtoo..., se:cdpVersion: 148.0.7778.218, setWindowRect: true, strictFileInteractability: false, timeouts: {implicit: 0, pageLoad: 300000, script: 30000}, unhandledPromptBehavior: dismiss and notify, webauthn:extension:credBlob: true, webauthn:extension:largeBlob: true, webauthn:extension:minPinLength: true, webauthn:extension:prf: true, webauthn:virtualAuthenticators: true}
Session ID: f9367cd0e31580451f37359a6e867a27
2026-06-09 19:55:20 [TestNG-test-OrangeHRmTest-1] ERROR ActionDriver - unable to click element
2026-06-09 19:55:20 [TestNG-test-OrangeHRmTest-1] ERROR ActionDriver - Element is not visible:invalid session id
Build info: version: '4.44.0', revision: 'da2039b'
System info: os.name: 'Windows 11', os.arch: 'amd64', os.version: '10.0', java.version: '21.0.10'
Driver info: org.openqa.selenium.chrome.ChromeDriver
Command: [f9367cd0e31580451f37359a6e867a27, findElement {using=xpath, value=//span[normalize-space()='Admin']}]
Capabilities {acceptInsecureCerts: false, browserName: chrome, browserVersion: 148.0.7778.218, chrome: {chromedriverVersion: 148.0.7778.178 (d096af1c9e9..., userDataDir: C:\Users\DEVIKA~1\AppData\L...}, fedcm:accounts: true, goog:chromeOptions: {debuggerAddress: localhost:61213}, goog:processID: 2276, networkConnectionEnabled: false, pageLoadStrategy: normal, platformName: windows, proxy: Proxy(), se:cdp: ws://localhost:61213/devtoo..., se:cdpVersion: 148.0.7778.218, setWindowRect: true, strictFileInteractability: false, timeouts: {implicit: 0, pageLoad: 300000, script: 30000}, unhandledPromptBehavior: dismiss and notify, webauthn:extension:credBlob: true, webauthn:extension:largeBlob: true, webauthn:extension:minPinLength: true, webauthn:extension:prf: true, webauthn:virtualAuthenticators: true}
Session ID: f9367cd0e31580451f37359a6e867a27
2026-06-09 19:55:20 [TestNG-test-OrangeHRmTest-1] ERROR ActionDriver - Unable to describe the elementinvalid session id
Build info: version: '4.44.0', revision: 'da2039b'
System info: os.name: 'Windows 11', os.arch: 'amd64', os.version: '10.0', java.version: '21.0.10'
Driver info: org.openqa.selenium.chrome.ChromeDriver
Command: [f9367cd0e31580451f37359a6e867a27, findElement {using=xpath, value=//span[normalize-space()='Admin']}]
Capabilities {acceptInsecureCerts: false, browserName: chrome, browserVersion: 148.0.7778.218, chrome: {chromedriverVersion: 148.0.7778.178 (d096af1c9e9..., userDataDir: C:\Users\DEVIKA~1\AppData\L...}, fedcm:accounts: true, goog:chromeOptions: {debuggerAddress: localhost:61213}, goog:processID: 2276, networkConnectionEnabled: false, pageLoadStrategy: normal, platformName: windows, proxy: Proxy(), se:cdp: ws://localhost:61213/devtoo..., se:cdpVersion: 148.0.7778.218, setWindowRect: true, strictFileInteractability: false, timeouts: {implicit: 0, pageLoad: 300000, script: 30000}, unhandledPromptBehavior: dismiss and notify, webauthn:extension:credBlob: true, webauthn:extension:largeBlob: true, webauthn:extension:minPinLength: true, webauthn:extension:prf: true, webauthn:virtualAuthenticators: true}
Session ID: f9367cd0e31580451f37359a6e867a27
2026-06-09 19:55:20 [TestNG-test-OrangeHRmTest-1] ERROR ActionDriver - Element is not Displayed:invalid session id
Build info: version: '4.44.0', revision: 'da2039b'
System info: os.name: 'Windows 11', os.arch: 'amd64', os.version: '10.0', java.version: '21.0.10'
Driver info: org.openqa.selenium.chrome.ChromeDriver
Command: [f9367cd0e31580451f37359a6e867a27, findElement {using=xpath, value=//span[normalize-space()='Admin']}]
Capabilities {acceptInsecureCerts: false, browserName: chrome, browserVersion: 148.0.7778.218, chrome: {chromedriverVersion: 148.0.7778.178 (d096af1c9e9..., userDataDir: C:\Users\DEVIKA~1\AppData\L...}, fedcm:accounts: true, goog:chromeOptions: {debuggerAddress: localhost:61213}, goog:processID: 2276, networkConnectionEnabled: false, pageLoadStrategy: normal, platformName: windows, proxy: Proxy(), se:cdp: ws://localhost:61213/devtoo..., se:cdpVersion: 148.0.7778.218, setWindowRect: true, strictFileInteractability: false, timeouts: {implicit: 0, pageLoad: 300000, script: 30000}, unhandledPromptBehavior: dismiss and notify, webauthn:extension:credBlob: true, webauthn:extension:largeBlob: true, webauthn:extension:minPinLength: true, webauthn:extension:prf: true, webauthn:virtualAuthenticators: true}
Session ID: f9367cd0e31580451f37359a6e867a27
2026-06-09 20:11:48 [TestNG-test-OrangeHRmTest-1] ERROR Baseclass - This is an ERROR message
2026-06-09 20:11:48 [TestNG-test-OrangeHRmTest-1] FATAL Baseclass - This is a FATAL message
2026-06-09 20:11:54 [TestNG-test-OrangeHRmTest-2] ERROR Baseclass - This is an ERROR message
2026-06-09 20:11:54 [TestNG-test-OrangeHRmTest-2] FATAL Baseclass - This is a FATAL message
2026-06-09 20:12:28 [TestNG-test-OrangeHRmTest-2] ERROR Baseclass - This is an ERROR message
2026-06-09 20:12:28 [TestNG-test-OrangeHRmTest-2] FATAL Baseclass - This is a FATAL message
2026-06-09 20:12:41 [TestNG-test-OrangeHRmTest-2] ERROR Baseclass - This is an ERROR message
2026-06-09 20:12:41 [TestNG-test-OrangeHRmTest-2] FATAL Baseclass - This is a FATAL message
2026-06-09 20:13:01 [TestNG-test-OrangeHRmTest-2] ERROR Baseclass - This is an ERROR message
2026-06-09 20:13:01 [TestNG-test-OrangeHRmTest-2] FATAL Baseclass - This is a FATAL message
2026-06-09 20:25:48 [TestNG-test-OrangeHRmTest-1] ERROR Baseclass - This is an ERROR message
2026-06-09 20:25:48 [TestNG-test-OrangeHRmTest-1] FATAL Baseclass - This is a FATAL message
2026-06-09 20:25:52 [TestNG-test-OrangeHRmTest-2] ERROR Baseclass - This is an ERROR message
2026-06-09 20:25:52 [TestNG-test-OrangeHRmTest-2] FATAL Baseclass - This is a FATAL message
2026-06-09 20:26:01 [TestNG-test-OrangeHRmTest-1] ERROR Baseclass - This is an ERROR message
2026-06-09 20:26:01 [TestNG-test-OrangeHRmTest-1] FATAL Baseclass - This is a FATAL message
2026-06-09 20:26:16 [TestNG-test-OrangeHRmTest-2] ERROR Baseclass - This is an ERROR message
2026-06-09 20:26:16 [TestNG-test-OrangeHRmTest-2] FATAL Baseclass - This is a FATAL message
2026-06-09 20:26:23 [TestNG-test-OrangeHRmTest-1] ERROR Baseclass - This is an ERROR message
2026-06-09 20:26:23 [TestNG-test-OrangeHRmTest-1] FATAL Baseclass - This is a FATAL message
2026-06-10 11:35:55 [TestNG-test-OrangeHRmTest-2] ERROR Baseclass - WebDriver is not initialized
2026-06-10 11:35:58 [TestNG-test-OrangeHRmTest-2] ERROR Baseclass - WebDriver is not initialized
2026-06-10 11:44:17 [TestNG-test-OrangeHRmTest-1] ERROR Baseclass - WebDriver is not initialized
2026-06-10 11:44:20 [TestNG-test-OrangeHRmTest-1] ERROR Baseclass - WebDriver is not initialized
2026-06-10 11:45:29 [TestNG-test-OrangeHRmTest-1] ERROR Baseclass - WebDriver is not initialized
2026-06-10 11:45:32 [TestNG-test-OrangeHRmTest-1] ERROR Baseclass - WebDriver is not initialized
2026-06-10 11:50:11 [TestNG-test-OrangeHRmTest-2] ERROR Baseclass - WebDriver is not initialized
2026-06-10 11:50:14 [TestNG-test-OrangeHRmTest-2] ERROR Baseclass - WebDriver is not initialized
2026-06-10 11:52:12 [TestNG-test-OrangeHRmTest-1] ERROR Baseclass - WebDriver is not initialized
2026-06-10 11:52:15 [TestNG-test-OrangeHRmTest-1] ERROR Baseclass - WebDriver is not initialized
2026-06-10 11:56:31 [TestNG-test-OrangeHRmTest-1] ERROR Baseclass - WebDriver is not initialized
2026-06-10 11:56:34 [TestNG-test-OrangeHRmTest-1] ERROR Baseclass - WebDriver is not initialized
2026-06-10 11:59:58 [TestNG-test-OrangeHRmTest-2] ERROR Baseclass - WebDriver is not initialized
2026-06-10 12:00:01 [TestNG-test-OrangeHRmTest-2] ERROR Baseclass - WebDriver is not initialized
2026-06-10 12:01:48 [TestNG-test-OrangeHRmTest-1] ERROR Baseclass - WebDriver is not initialized
2026-06-10 12:01:51 [TestNG-test-OrangeHRmTest-1] ERROR Baseclass - WebDriver is not initialized
2026-06-10 12:05:05 [TestNG-test-OrangeHRmTest-2] ERROR Baseclass - This is an ERROR message
2026-06-10 12:05:05 [TestNG-test-OrangeHRmTest-2] FATAL Baseclass - This is a FATAL message
2026-06-10 12:05:05 [TestNG-test-OrangeHRmTest-1] ERROR Baseclass - This is an ERROR message
2026-06-10 12:05:05 [TestNG-test-OrangeHRmTest-1] FATAL Baseclass - This is a FATAL message
2026-06-10 12:05:13 [TestNG-test-OrangeHRmTest-2] ERROR Baseclass - This is an ERROR message
2026-06-10 12:05:13 [TestNG-test-OrangeHRmTest-2] FATAL Baseclass - This is a FATAL message
2026-06-10 12:05:17 [TestNG-test-OrangeHRmTest-1] ERROR Baseclass - This is an ERROR message
2026-06-10 12:05:17 [TestNG-test-OrangeHRmTest-1] FATAL Baseclass - This is a FATAL message
2026-06-10 12:05:33 [TestNG-test-OrangeHRmTest-2] ERROR Baseclass - This is an ERROR message
2026-06-10 12:05:33 [TestNG-test-OrangeHRmTest-2] FATAL Baseclass - This is a FATAL message
2026-06-10 12:05:34 [TestNG-test-OrangeHRmTest-1] ERROR ActionDriver - Element is not visible:Expected condition failed: waiting for visibility of element found by By.xpath: //input[@placeholder='Username'], but... org.openqa.selenium.NoSuchElementException: no such element: Unable to locate element: {"method":"xpath","selector":"//input[@placeholder='Username']"}.
(tried for 10 seconds with 500 milliseconds interval)
Build info: version: '4.44.0', revision: 'da2039b'
System info: os.name: 'Windows 11', os.arch: 'amd64', os.version: '10.0', java.version: '21.0.10'
Driver info: org.openqa.selenium.chrome.ChromeDriver
Capabilities {acceptInsecureCerts: false, browserName: chrome, browserVersion: 148.0.7778.218, chrome: {chromedriverVersion: 148.0.7778.178 (d096af1c9e9..., userDataDir: C:\Users\DEVIKA~1\AppData\L...}, fedcm:accounts: true, goog:chromeOptions: {debuggerAddress: localhost:64209}, goog:processID: 19768, networkConnectionEnabled: false, pageLoadStrategy: normal, platformName: windows, proxy: Proxy(), se:cdp: ws://localhost:64209/devtoo..., se:cdpVersion: 148.0.7778.218, setWindowRect: true, strictFileInteractability: false, timeouts: {implicit: 0, pageLoad: 300000, script: 30000}, unhandledPromptBehavior: dismiss and notify, webauthn:extension:credBlob: true, webauthn:extension:largeBlob: true, webauthn:extension:minPinLength: true, webauthn:extension:prf: true, webauthn:virtualAuthenticators: true}
Session ID: 0af8fca7314014cfcb6377ace50115cd
2026-06-10 12:05:44 [TestNG-test-OrangeHRmTest-1] ERROR ActionDriver - Unable to enter the value:no such element: Unable to locate element: {"method":"xpath","selector":"//input[@placeholder='Username']"}
  (Session info: chrome=148.0.7778.218)
For documentation on this error, please visit: https://www.selenium.dev/documentation/webdriver/troubleshooting/errors#nosuchelementexception
Build info: version: '4.44.0', revision: 'da2039b'
System info: os.name: 'Windows 11', os.arch: 'amd64', os.version: '10.0', java.version: '21.0.10'
Driver info: org.openqa.selenium.chrome.ChromeDriver
Command: [0af8fca7314014cfcb6377ace50115cd, findElement {using=xpath, value=//input[@placeholder='Username']}]
Capabilities {acceptInsecureCerts: false, browserName: chrome, browserVersion: 148.0.7778.218, chrome: {chromedriverVersion: 148.0.7778.178 (d096af1c9e9..., userDataDir: C:\Users\DEVIKA~1\AppData\L...}, fedcm:accounts: true, goog:chromeOptions: {debuggerAddress: localhost:64209}, goog:processID: 19768, networkConnectionEnabled: false, pageLoadStrategy: normal, platformName: windows, proxy: Proxy(), se:cdp: ws://localhost:64209/devtoo..., se:cdpVersion: 148.0.7778.218, setWindowRect: true, strictFileInteractability: false, timeouts: {implicit: 0, pageLoad: 300000, script: 30000}, unhandledPromptBehavior: dismiss and notify, webauthn:extension:credBlob: true, webauthn:extension:largeBlob: true, webauthn:extension:minPinLength: true, webauthn:extension:prf: true, webauthn:virtualAuthenticators: true}
Session ID: 0af8fca7314014cfcb6377ace50115cd
2026-06-10 12:05:54 [TestNG-test-OrangeHRmTest-1] ERROR ActionDriver - Element is not visible:Expected condition failed: waiting for visibility of element found by By.xpath: //input[@placeholder='Password'], but... org.openqa.selenium.NoSuchElementException: no such element: Unable to locate element: {"method":"xpath","selector":"//input[@placeholder='Password']"}.
(tried for 10 seconds with 500 milliseconds interval)
Build info: version: '4.44.0', revision: 'da2039b'
System info: os.name: 'Windows 11', os.arch: 'amd64', os.version: '10.0', java.version: '21.0.10'
Driver info: org.openqa.selenium.chrome.ChromeDriver
Capabilities {acceptInsecureCerts: false, browserName: chrome, browserVersion: 148.0.7778.218, chrome: {chromedriverVersion: 148.0.7778.178 (d096af1c9e9..., userDataDir: C:\Users\DEVIKA~1\AppData\L...}, fedcm:accounts: true, goog:chromeOptions: {debuggerAddress: localhost:64209}, goog:processID: 19768, networkConnectionEnabled: false, pageLoadStrategy: normal, platformName: windows, proxy: Proxy(), se:cdp: ws://localhost:64209/devtoo..., se:cdpVersion: 148.0.7778.218, setWindowRect: true, strictFileInteractability: false, timeouts: {implicit: 0, pageLoad: 300000, script: 30000}, unhandledPromptBehavior: dismiss and notify, webauthn:extension:credBlob: true, webauthn:extension:largeBlob: true, webauthn:extension:minPinLength: true, webauthn:extension:prf: true, webauthn:virtualAuthenticators: true}
Session ID: 0af8fca7314014cfcb6377ace50115cd
2026-06-10 12:06:04 [TestNG-test-OrangeHRmTest-1] ERROR ActionDriver - Unable to enter the value:no such element: Unable to locate element: {"method":"xpath","selector":"//input[@placeholder='Password']"}
  (Session info: chrome=148.0.7778.218)
For documentation on this error, please visit: https://www.selenium.dev/documentation/webdriver/troubleshooting/errors#nosuchelementexception
Build info: version: '4.44.0', revision: 'da2039b'
System info: os.name: 'Windows 11', os.arch: 'amd64', os.version: '10.0', java.version: '21.0.10'
Driver info: org.openqa.selenium.chrome.ChromeDriver
Command: [0af8fca7314014cfcb6377ace50115cd, findElement {using=xpath, value=//input[@placeholder='Password']}]
Capabilities {acceptInsecureCerts: false, browserName: chrome, browserVersion: 148.0.7778.218, chrome: {chromedriverVersion: 148.0.7778.178 (d096af1c9e9..., userDataDir: C:\Users\DEVIKA~1\AppData\L...}, fedcm:accounts: true, goog:chromeOptions: {debuggerAddress: localhost:64209}, goog:processID: 19768, networkConnectionEnabled: false, pageLoadStrategy: normal, platformName: windows, proxy: Proxy(), se:cdp: ws://localhost:64209/devtoo..., se:cdpVersion: 148.0.7778.218, setWindowRect: true, strictFileInteractability: false, timeouts: {implicit: 0, pageLoad: 300000, script: 30000}, unhandledPromptBehavior: dismiss and notify, webauthn:extension:credBlob: true, webauthn:extension:largeBlob: true, webauthn:extension:minPinLength: true, webauthn:extension:prf: true, webauthn:virtualAuthenticators: true}
Session ID: 0af8fca7314014cfcb6377ace50115cd
2026-06-10 12:06:14 [TestNG-test-OrangeHRmTest-1] ERROR ActionDriver - Unable to describe the elementno such element: Unable to locate element: {"method":"xpath","selector":"//button[normalize-space()='Login']"}
  (Session info: chrome=148.0.7778.218)
For documentation on this error, please visit: https://www.selenium.dev/documentation/webdriver/troubleshooting/errors#nosuchelementexception
Build info: version: '4.44.0', revision: 'da2039b'
System info: os.name: 'Windows 11', os.arch: 'amd64', os.version: '10.0', java.version: '21.0.10'
Driver info: org.openqa.selenium.chrome.ChromeDriver
Command: [0af8fca7314014cfcb6377ace50115cd, findElement {using=xpath, value=//button[normalize-space()='Login']}]
Capabilities {acceptInsecureCerts: false, browserName: chrome, browserVersion: 148.0.7778.218, chrome: {chromedriverVersion: 148.0.7778.178 (d096af1c9e9..., userDataDir: C:\Users\DEVIKA~1\AppData\L...}, fedcm:accounts: true, goog:chromeOptions: {debuggerAddress: localhost:64209}, goog:processID: 19768, networkConnectionEnabled: false, pageLoadStrategy: normal, platformName: windows, proxy: Proxy(), se:cdp: ws://localhost:64209/devtoo..., se:cdpVersion: 148.0.7778.218, setWindowRect: true, strictFileInteractability: false, timeouts: {implicit: 0, pageLoad: 300000, script: 30000}, unhandledPromptBehavior: dismiss and notify, webauthn:extension:credBlob: true, webauthn:extension:largeBlob: true, webauthn:extension:minPinLength: true, webauthn:extension:prf: true, webauthn:virtualAuthenticators: true}
Session ID: 0af8fca7314014cfcb6377ace50115cd
2026-06-10 12:06:17 [TestNG-test-OrangeHRmTest-1] ERROR ActionDriver - Element is not clickable: invalid session id: session deleted as the browser has closed the connection
from disconnected: unable to send message to renderer
  (Session info: chrome=148.0.7778.218)
Build info: version: '4.44.0', revision: 'da2039b'
System info: os.name: 'Windows 11', os.arch: 'amd64', os.version: '10.0', java.version: '21.0.10'
Driver info: org.openqa.selenium.chrome.ChromeDriver
Command: [0af8fca7314014cfcb6377ace50115cd, findElement {using=xpath, value=//button[normalize-space()='Login']}]
Capabilities {acceptInsecureCerts: false, browserName: chrome, browserVersion: 148.0.7778.218, chrome: {chromedriverVersion: 148.0.7778.178 (d096af1c9e9..., userDataDir: C:\Users\DEVIKA~1\AppData\L...}, fedcm:accounts: true, goog:chromeOptions: {debuggerAddress: localhost:64209}, goog:processID: 19768, networkConnectionEnabled: false, pageLoadStrategy: normal, platformName: windows, proxy: Proxy(), se:cdp: ws://localhost:64209/devtoo..., se:cdpVersion: 148.0.7778.218, setWindowRect: true, strictFileInteractability: false, timeouts: {implicit: 0, pageLoad: 300000, script: 30000}, unhandledPromptBehavior: dismiss and notify, webauthn:extension:credBlob: true, webauthn:extension:largeBlob: true, webauthn:extension:minPinLength: true, webauthn:extension:prf: true, webauthn:virtualAuthenticators: true}
Session ID: 0af8fca7314014cfcb6377ace50115cd
2026-06-10 12:06:17 [TestNG-test-OrangeHRmTest-1] ERROR ActionDriver - unable to click element
2026-06-10 12:06:17 [TestNG-test-OrangeHRmTest-1] ERROR ActionDriver - Element is not visible:invalid session id
Build info: version: '4.44.0', revision: 'da2039b'
System info: os.name: 'Windows 11', os.arch: 'amd64', os.version: '10.0', java.version: '21.0.10'
Driver info: org.openqa.selenium.chrome.ChromeDriver
Command: [0af8fca7314014cfcb6377ace50115cd, findElement {using=xpath, value=//div[@class='oxd-brand-banner']//img}]
Capabilities {acceptInsecureCerts: false, browserName: chrome, browserVersion: 148.0.7778.218, chrome: {chromedriverVersion: 148.0.7778.178 (d096af1c9e9..., userDataDir: C:\Users\DEVIKA~1\AppData\L...}, fedcm:accounts: true, goog:chromeOptions: {debuggerAddress: localhost:64209}, goog:processID: 19768, networkConnectionEnabled: false, pageLoadStrategy: normal, platformName: windows, proxy: Proxy(), se:cdp: ws://localhost:64209/devtoo..., se:cdpVersion: 148.0.7778.218, setWindowRect: true, strictFileInteractability: false, timeouts: {implicit: 0, pageLoad: 300000, script: 30000}, unhandledPromptBehavior: dismiss and notify, webauthn:extension:credBlob: true, webauthn:extension:largeBlob: true, webauthn:extension:minPinLength: true, webauthn:extension:prf: true, webauthn:virtualAuthenticators: true}
Session ID: 0af8fca7314014cfcb6377ace50115cd
2026-06-10 12:06:17 [TestNG-test-OrangeHRmTest-1] ERROR ActionDriver - Unable to describe the elementinvalid session id
Build info: version: '4.44.0', revision: 'da2039b'
System info: os.name: 'Windows 11', os.arch: 'amd64', os.version: '10.0', java.version: '21.0.10'
Driver info: org.openqa.selenium.chrome.ChromeDriver
Command: [0af8fca7314014cfcb6377ace50115cd, findElement {using=xpath, value=//div[@class='oxd-brand-banner']//img}]
Capabilities {acceptInsecureCerts: false, browserName: chrome, browserVersion: 148.0.7778.218, chrome: {chromedriverVersion: 148.0.7778.178 (d096af1c9e9..., userDataDir: C:\Users\DEVIKA~1\AppData\L...}, fedcm:accounts: true, goog:chromeOptions: {debuggerAddress: localhost:64209}, goog:processID: 19768, networkConnectionEnabled: false, pageLoadStrategy: normal, platformName: windows, proxy: Proxy(), se:cdp: ws://localhost:64209/devtoo..., se:cdpVersion: 148.0.7778.218, setWindowRect: true, strictFileInteractability: false, timeouts: {implicit: 0, pageLoad: 300000, script: 30000}, unhandledPromptBehavior: dismiss and notify, webauthn:extension:credBlob: true, webauthn:extension:largeBlob: true, webauthn:extension:minPinLength: true, webauthn:extension:prf: true, webauthn:virtualAuthenticators: true}
Session ID: 0af8fca7314014cfcb6377ace50115cd
2026-06-10 12:06:17 [TestNG-test-OrangeHRmTest-1] ERROR ActionDriver - Unable to describe the elementinvalid session id
Build info: version: '4.44.0', revision: 'da2039b'
System info: os.name: 'Windows 11', os.arch: 'amd64', os.version: '10.0', java.version: '21.0.10'
Driver info: org.openqa.selenium.chrome.ChromeDriver
Command: [0af8fca7314014cfcb6377ace50115cd, findElement {using=xpath, value=//div[@class='oxd-brand-banner']//img}]
Capabilities {acceptInsecureCerts: false, browserName: chrome, browserVersion: 148.0.7778.218, chrome: {chromedriverVersion: 148.0.7778.178 (d096af1c9e9..., userDataDir: C:\Users\DEVIKA~1\AppData\L...}, fedcm:accounts: true, goog:chromeOptions: {debuggerAddress: localhost:64209}, goog:processID: 19768, networkConnectionEnabled: false, pageLoadStrategy: normal, platformName: windows, proxy: Proxy(), se:cdp: ws://localhost:64209/devtoo..., se:cdpVersion: 148.0.7778.218, setWindowRect: true, strictFileInteractability: false, timeouts: {implicit: 0, pageLoad: 300000, script: 30000}, unhandledPromptBehavior: dismiss and notify, webauthn:extension:credBlob: true, webauthn:extension:largeBlob: true, webauthn:extension:minPinLength: true, webauthn:extension:prf: true, webauthn:virtualAuthenticators: true}
Session ID: 0af8fca7314014cfcb6377ace50115cd
2026-06-10 12:06:17 [TestNG-test-OrangeHRmTest-1] ERROR ActionDriver - Element is not Displayed:invalid session id
Build info: version: '4.44.0', revision: 'da2039b'
System info: os.name: 'Windows 11', os.arch: 'amd64', os.version: '10.0', java.version: '21.0.10'
Driver info: org.openqa.selenium.chrome.ChromeDriver
Command: [0af8fca7314014cfcb6377ace50115cd, findElement {using=xpath, value=//div[@class='oxd-brand-banner']//img}]
Capabilities {acceptInsecureCerts: false, browserName: chrome, browserVersion: 148.0.7778.218, chrome: {chromedriverVersion: 148.0.7778.178 (d096af1c9e9..., userDataDir: C:\Users\DEVIKA~1\AppData\L...}, fedcm:accounts: true, goog:chromeOptions: {debuggerAddress: localhost:64209}, goog:processID: 19768, networkConnectionEnabled: false, pageLoadStrategy: normal, platformName: windows, proxy: Proxy(), se:cdp: ws://localhost:64209/devtoo..., se:cdpVersion: 148.0.7778.218, setWindowRect: true, strictFileInteractability: false, timeouts: {implicit: 0, pageLoad: 300000, script: 30000}, unhandledPromptBehavior: dismiss and notify, webauthn:extension:credBlob: true, webauthn:extension:largeBlob: true, webauthn:extension:minPinLength: true, webauthn:extension:prf: true, webauthn:virtualAuthenticators: true}
Session ID: 0af8fca7314014cfcb6377ace50115cd
2026-06-10 12:06:17 [TestNG-test-OrangeHRmTest-1] ERROR ActionDriver - Unable to describe the elementinvalid session id
Build info: version: '4.44.0', revision: 'da2039b'
System info: os.name: 'Windows 11', os.arch: 'amd64', os.version: '10.0', java.version: '21.0.10'
Driver info: org.openqa.selenium.chrome.ChromeDriver
Command: [0af8fca7314014cfcb6377ace50115cd, findElement {using=xpath, value=//div[@class='oxd-brand-banner']//img}]
Capabilities {acceptInsecureCerts: false, browserName: chrome, browserVersion: 148.0.7778.218, chrome: {chromedriverVersion: 148.0.7778.178 (d096af1c9e9..., userDataDir: C:\Users\DEVIKA~1\AppData\L...}, fedcm:accounts: true, goog:chromeOptions: {debuggerAddress: localhost:64209}, goog:processID: 19768, networkConnectionEnabled: false, pageLoadStrategy: normal, platformName: windows, proxy: Proxy(), se:cdp: ws://localhost:64209/devtoo..., se:cdpVersion: 148.0.7778.218, setWindowRect: true, strictFileInteractability: false, timeouts: {implicit: 0, pageLoad: 300000, script: 30000}, unhandledPromptBehavior: dismiss and notify, webauthn:extension:credBlob: true, webauthn:extension:largeBlob: true, webauthn:extension:minPinLength: true, webauthn:extension:prf: true, webauthn:virtualAuthenticators: true}
Session ID: 0af8fca7314014cfcb6377ace50115cd
2026-06-10 12:07:22 [TestNG-test-OrangeHRmTest-2] ERROR Baseclass - This is an ERROR message
2026-06-10 12:07:22 [TestNG-test-OrangeHRmTest-2] FATAL Baseclass - This is a FATAL message
2026-06-10 12:07:25 [TestNG-test-OrangeHRmTest-1] ERROR Baseclass - This is an ERROR message
2026-06-10 12:07:25 [TestNG-test-OrangeHRmTest-1] FATAL Baseclass - This is a FATAL message
2026-06-10 12:07:29 [TestNG-test-OrangeHRmTest-2] ERROR Baseclass - This is an ERROR message
2026-06-10 12:07:29 [TestNG-test-OrangeHRmTest-2] FATAL Baseclass - This is a FATAL message
2026-06-10 12:07:33 [TestNG-test-OrangeHRmTest-1] ERROR Baseclass - This is an ERROR message
2026-06-10 12:07:33 [TestNG-test-OrangeHRmTest-1] FATAL Baseclass - This is a FATAL message
2026-06-10 12:07:48 [TestNG-test-OrangeHRmTest-1] ERROR ActionDriver - Element is not visible:Expected condition failed: waiting for visibility of element found by By.xpath: //input[@placeholder='Username'], but... org.openqa.selenium.NoSuchElementException: no such element: Unable to locate element: {"method":"xpath","selector":"//input[@placeholder='Username']"}.
(tried for 10 seconds with 500 milliseconds interval)
Build info: version: '4.44.0', revision: 'da2039b'
System info: os.name: 'Windows 11', os.arch: 'amd64', os.version: '10.0', java.version: '21.0.10'
Driver info: org.openqa.selenium.chrome.ChromeDriver
Capabilities {acceptInsecureCerts: false, browserName: chrome, browserVersion: 148.0.7778.218, chrome: {chromedriverVersion: 148.0.7778.178 (d096af1c9e9..., userDataDir: C:\Users\DEVIKA~1\AppData\L...}, fedcm:accounts: true, goog:chromeOptions: {debuggerAddress: localhost:57512}, goog:processID: 20868, networkConnectionEnabled: false, pageLoadStrategy: normal, platformName: windows, proxy: Proxy(), se:cdp: ws://localhost:57512/devtoo..., se:cdpVersion: 148.0.7778.218, setWindowRect: true, strictFileInteractability: false, timeouts: {implicit: 0, pageLoad: 300000, script: 30000}, unhandledPromptBehavior: dismiss and notify, webauthn:extension:credBlob: true, webauthn:extension:largeBlob: true, webauthn:extension:minPinLength: true, webauthn:extension:prf: true, webauthn:virtualAuthenticators: true}
Session ID: 54bddc5216bc6819b70d1d41e2d32c85
2026-06-10 12:07:58 [TestNG-test-OrangeHRmTest-1] ERROR ActionDriver - Unable to enter the value:no such element: Unable to locate element: {"method":"xpath","selector":"//input[@placeholder='Username']"}
  (Session info: chrome=148.0.7778.218)
For documentation on this error, please visit: https://www.selenium.dev/documentation/webdriver/troubleshooting/errors#nosuchelementexception
Build info: version: '4.44.0', revision: 'da2039b'
System info: os.name: 'Windows 11', os.arch: 'amd64', os.version: '10.0', java.version: '21.0.10'
Driver info: org.openqa.selenium.chrome.ChromeDriver
Command: [54bddc5216bc6819b70d1d41e2d32c85, findElement {using=xpath, value=//input[@placeholder='Username']}]
Capabilities {acceptInsecureCerts: false, browserName: chrome, browserVersion: 148.0.7778.218, chrome: {chromedriverVersion: 148.0.7778.178 (d096af1c9e9..., userDataDir: C:\Users\DEVIKA~1\AppData\L...}, fedcm:accounts: true, goog:chromeOptions: {debuggerAddress: localhost:57512}, goog:processID: 20868, networkConnectionEnabled: false, pageLoadStrategy: normal, platformName: windows, proxy: Proxy(), se:cdp: ws://localhost:57512/devtoo..., se:cdpVersion: 148.0.7778.218, setWindowRect: true, strictFileInteractability: false, timeouts: {implicit: 0, pageLoad: 300000, script: 30000}, unhandledPromptBehavior: dismiss and notify, webauthn:extension:credBlob: true, webauthn:extension:largeBlob: true, webauthn:extension:minPinLength: true, webauthn:extension:prf: true, webauthn:virtualAuthenticators: true}
Session ID: 54bddc5216bc6819b70d1d41e2d32c85
2026-06-10 12:08:08 [TestNG-test-OrangeHRmTest-1] ERROR ActionDriver - Element is not visible:Expected condition failed: waiting for visibility of element found by By.xpath: //input[@placeholder='Password'], but... org.openqa.selenium.NoSuchElementException: no such element: Unable to locate element: {"method":"xpath","selector":"//input[@placeholder='Password']"}.
(tried for 10 seconds with 500 milliseconds interval)
Build info: version: '4.44.0', revision: 'da2039b'
System info: os.name: 'Windows 11', os.arch: 'amd64', os.version: '10.0', java.version: '21.0.10'
Driver info: org.openqa.selenium.chrome.ChromeDriver
Capabilities {acceptInsecureCerts: false, browserName: chrome, browserVersion: 148.0.7778.218, chrome: {chromedriverVersion: 148.0.7778.178 (d096af1c9e9..., userDataDir: C:\Users\DEVIKA~1\AppData\L...}, fedcm:accounts: true, goog:chromeOptions: {debuggerAddress: localhost:57512}, goog:processID: 20868, networkConnectionEnabled: false, pageLoadStrategy: normal, platformName: windows, proxy: Proxy(), se:cdp: ws://localhost:57512/devtoo..., se:cdpVersion: 148.0.7778.218, setWindowRect: true, strictFileInteractability: false, timeouts: {implicit: 0, pageLoad: 300000, script: 30000}, unhandledPromptBehavior: dismiss and notify, webauthn:extension:credBlob: true, webauthn:extension:largeBlob: true, webauthn:extension:minPinLength: true, webauthn:extension:prf: true, webauthn:virtualAuthenticators: true}
Session ID: 54bddc5216bc6819b70d1d41e2d32c85
2026-06-10 12:08:18 [TestNG-test-OrangeHRmTest-1] ERROR ActionDriver - Unable to enter the value:no such element: Unable to locate element: {"method":"xpath","selector":"//input[@placeholder='Password']"}
  (Session info: chrome=148.0.7778.218)
For documentation on this error, please visit: https://www.selenium.dev/documentation/webdriver/troubleshooting/errors#nosuchelementexception
Build info: version: '4.44.0', revision: 'da2039b'
System info: os.name: 'Windows 11', os.arch: 'amd64', os.version: '10.0', java.version: '21.0.10'
Driver info: org.openqa.selenium.chrome.ChromeDriver
Command: [54bddc5216bc6819b70d1d41e2d32c85, findElement {using=xpath, value=//input[@placeholder='Password']}]
Capabilities {acceptInsecureCerts: false, browserName: chrome, browserVersion: 148.0.7778.218, chrome: {chromedriverVersion: 148.0.7778.178 (d096af1c9e9..., userDataDir: C:\Users\DEVIKA~1\AppData\L...}, fedcm:accounts: true, goog:chromeOptions: {debuggerAddress: localhost:57512}, goog:processID: 20868, networkConnectionEnabled: false, pageLoadStrategy: normal, platformName: windows, proxy: Proxy(), se:cdp: ws://localhost:57512/devtoo..., se:cdpVersion: 148.0.7778.218, setWindowRect: true, strictFileInteractability: false, timeouts: {implicit: 0, pageLoad: 300000, script: 30000}, unhandledPromptBehavior: dismiss and notify, webauthn:extension:credBlob: true, webauthn:extension:largeBlob: true, webauthn:extension:minPinLength: true, webauthn:extension:prf: true, webauthn:virtualAuthenticators: true}
Session ID: 54bddc5216bc6819b70d1d41e2d32c85
2026-06-10 12:08:28 [TestNG-test-OrangeHRmTest-1] ERROR ActionDriver - Unable to describe the elementno such element: Unable to locate element: {"method":"xpath","selector":"//button[normalize-space()='Login']"}
  (Session info: chrome=148.0.7778.218)
For documentation on this error, please visit: https://www.selenium.dev/documentation/webdriver/troubleshooting/errors#nosuchelementexception
Build info: version: '4.44.0', revision: 'da2039b'
System info: os.name: 'Windows 11', os.arch: 'amd64', os.version: '10.0', java.version: '21.0.10'
Driver info: org.openqa.selenium.chrome.ChromeDriver
Command: [54bddc5216bc6819b70d1d41e2d32c85, findElement {using=xpath, value=//button[normalize-space()='Login']}]
Capabilities {acceptInsecureCerts: false, browserName: chrome, browserVersion: 148.0.7778.218, chrome: {chromedriverVersion: 148.0.7778.178 (d096af1c9e9..., userDataDir: C:\Users\DEVIKA~1\AppData\L...}, fedcm:accounts: true, goog:chromeOptions: {debuggerAddress: localhost:57512}, goog:processID: 20868, networkConnectionEnabled: false, pageLoadStrategy: normal, platformName: windows, proxy: Proxy(), se:cdp: ws://localhost:57512/devtoo..., se:cdpVersion: 148.0.7778.218, setWindowRect: true, strictFileInteractability: false, timeouts: {implicit: 0, pageLoad: 300000, script: 30000}, unhandledPromptBehavior: dismiss and notify, webauthn:extension:credBlob: true, webauthn:extension:largeBlob: true, webauthn:extension:minPinLength: true, webauthn:extension:prf: true, webauthn:virtualAuthenticators: true}
Session ID: 54bddc5216bc6819b70d1d41e2d32c85
2026-06-10 12:08:30 [TestNG-test-OrangeHRmTest-1] ERROR ActionDriver - Element is not clickable: invalid session id: session deleted as the browser has closed the connection
from disconnected: unable to send message to renderer
  (Session info: chrome=148.0.7778.218)
Build info: version: '4.44.0', revision: 'da2039b'
System info: os.name: 'Windows 11', os.arch: 'amd64', os.version: '10.0', java.version: '21.0.10'
Driver info: org.openqa.selenium.chrome.ChromeDriver
Command: [54bddc5216bc6819b70d1d41e2d32c85, findElement {using=xpath, value=//button[normalize-space()='Login']}]
Capabilities {acceptInsecureCerts: false, browserName: chrome, browserVersion: 148.0.7778.218, chrome: {chromedriverVersion: 148.0.7778.178 (d096af1c9e9..., userDataDir: C:\Users\DEVIKA~1\AppData\L...}, fedcm:accounts: true, goog:chromeOptions: {debuggerAddress: localhost:57512}, goog:processID: 20868, networkConnectionEnabled: false, pageLoadStrategy: normal, platformName: windows, proxy: Proxy(), se:cdp: ws://localhost:57512/devtoo..., se:cdpVersion: 148.0.7778.218, setWindowRect: true, strictFileInteractability: false, timeouts: {implicit: 0, pageLoad: 300000, script: 30000}, unhandledPromptBehavior: dismiss and notify, webauthn:extension:credBlob: true, webauthn:extension:largeBlob: true, webauthn:extension:minPinLength: true, webauthn:extension:prf: true, webauthn:virtualAuthenticators: true}
Session ID: 54bddc5216bc6819b70d1d41e2d32c85
2026-06-10 12:08:30 [TestNG-test-OrangeHRmTest-1] ERROR ActionDriver - unable to click element
2026-06-10 12:08:30 [TestNG-test-OrangeHRmTest-1] ERROR ActionDriver - Element is not visible:invalid session id
Build info: version: '4.44.0', revision: 'da2039b'
System info: os.name: 'Windows 11', os.arch: 'amd64', os.version: '10.0', java.version: '21.0.10'
Driver info: org.openqa.selenium.chrome.ChromeDriver
Command: [54bddc5216bc6819b70d1d41e2d32c85, findElement {using=xpath, value=//div[@class='oxd-brand-banner']//img}]
Capabilities {acceptInsecureCerts: false, browserName: chrome, browserVersion: 148.0.7778.218, chrome: {chromedriverVersion: 148.0.7778.178 (d096af1c9e9..., userDataDir: C:\Users\DEVIKA~1\AppData\L...}, fedcm:accounts: true, goog:chromeOptions: {debuggerAddress: localhost:57512}, goog:processID: 20868, networkConnectionEnabled: false, pageLoadStrategy: normal, platformName: windows, proxy: Proxy(), se:cdp: ws://localhost:57512/devtoo..., se:cdpVersion: 148.0.7778.218, setWindowRect: true, strictFileInteractability: false, timeouts: {implicit: 0, pageLoad: 300000, script: 30000}, unhandledPromptBehavior: dismiss and notify, webauthn:extension:credBlob: true, webauthn:extension:largeBlob: true, webauthn:extension:minPinLength: true, webauthn:extension:prf: true, webauthn:virtualAuthenticators: true}
Session ID: 54bddc5216bc6819b70d1d41e2d32c85
2026-06-10 12:08:30 [TestNG-test-OrangeHRmTest-1] ERROR ActionDriver - Unable to describe the elementinvalid session id
Build info: version: '4.44.0', revision: 'da2039b'
System info: os.name: 'Windows 11', os.arch: 'amd64', os.version: '10.0', java.version: '21.0.10'
Driver info: org.openqa.selenium.chrome.ChromeDriver
Command: [54bddc5216bc6819b70d1d41e2d32c85, findElement {using=xpath, value=//div[@class='oxd-brand-banner']//img}]
Capabilities {acceptInsecureCerts: false, browserName: chrome, browserVersion: 148.0.7778.218, chrome: {chromedriverVersion: 148.0.7778.178 (d096af1c9e9..., userDataDir: C:\Users\DEVIKA~1\AppData\L...}, fedcm:accounts: true, goog:chromeOptions: {debuggerAddress: localhost:57512}, goog:processID: 20868, networkConnectionEnabled: false, pageLoadStrategy: normal, platformName: windows, proxy: Proxy(), se:cdp: ws://localhost:57512/devtoo..., se:cdpVersion: 148.0.7778.218, setWindowRect: true, strictFileInteractability: false, timeouts: {implicit: 0, pageLoad: 300000, script: 30000}, unhandledPromptBehavior: dismiss and notify, webauthn:extension:credBlob: true, webauthn:extension:largeBlob: true, webauthn:extension:minPinLength: true, webauthn:extension:prf: true, webauthn:virtualAuthenticators: true}
Session ID: 54bddc5216bc6819b70d1d41e2d32c85
2026-06-10 12:08:30 [TestNG-test-OrangeHRmTest-1] ERROR ActionDriver - Unable to describe the elementinvalid session id
Build info: version: '4.44.0', revision: 'da2039b'
System info: os.name: 'Windows 11', os.arch: 'amd64', os.version: '10.0', java.version: '21.0.10'
Driver info: org.openqa.selenium.chrome.ChromeDriver
Command: [54bddc5216bc6819b70d1d41e2d32c85, findElement {using=xpath, value=//div[@class='oxd-brand-banner']//img}]
Capabilities {acceptInsecureCerts: false, browserName: chrome, browserVersion: 148.0.7778.218, chrome: {chromedriverVersion: 148.0.7778.178 (d096af1c9e9..., userDataDir: C:\Users\DEVIKA~1\AppData\L...}, fedcm:accounts: true, goog:chromeOptions: {debuggerAddress: localhost:57512}, goog:processID: 20868, networkConnectionEnabled: false, pageLoadStrategy: normal, platformName: windows, proxy: Proxy(), se:cdp: ws://localhost:57512/devtoo..., se:cdpVersion: 148.0.7778.218, setWindowRect: true, strictFileInteractability: false, timeouts: {implicit: 0, pageLoad: 300000, script: 30000}, unhandledPromptBehavior: dismiss and notify, webauthn:extension:credBlob: true, webauthn:extension:largeBlob: true, webauthn:extension:minPinLength: true, webauthn:extension:prf: true, webauthn:virtualAuthenticators: true}
Session ID: 54bddc5216bc6819b70d1d41e2d32c85
2026-06-10 12:08:30 [TestNG-test-OrangeHRmTest-1] ERROR ActionDriver - Element is not Displayed:invalid session id
Build info: version: '4.44.0', revision: 'da2039b'
System info: os.name: 'Windows 11', os.arch: 'amd64', os.version: '10.0', java.version: '21.0.10'
Driver info: org.openqa.selenium.chrome.ChromeDriver
Command: [54bddc5216bc6819b70d1d41e2d32c85, findElement {using=xpath, value=//div[@class='oxd-brand-banner']//img}]
Capabilities {acceptInsecureCerts: false, browserName: chrome, browserVersion: 148.0.7778.218, chrome: {chromedriverVersion: 148.0.7778.178 (d096af1c9e9..., userDataDir: C:\Users\DEVIKA~1\AppData\L...}, fedcm:accounts: true, goog:chromeOptions: {debuggerAddress: localhost:57512}, goog:processID: 20868, networkConnectionEnabled: false, pageLoadStrategy: normal, platformName: windows, proxy: Proxy(), se:cdp: ws://localhost:57512/devtoo..., se:cdpVersion: 148.0.7778.218, setWindowRect: true, strictFileInteractability: false, timeouts: {implicit: 0, pageLoad: 300000, script: 30000}, unhandledPromptBehavior: dismiss and notify, webauthn:extension:credBlob: true, webauthn:extension:largeBlob: true, webauthn:extension:minPinLength: true, webauthn:extension:prf: true, webauthn:virtualAuthenticators: true}
Session ID: 54bddc5216bc6819b70d1d41e2d32c85
2026-06-10 12:08:30 [TestNG-test-OrangeHRmTest-1] ERROR ActionDriver - Unable to describe the elementinvalid session id
Build info: version: '4.44.0', revision: 'da2039b'
System info: os.name: 'Windows 11', os.arch: 'amd64', os.version: '10.0', java.version: '21.0.10'
Driver info: org.openqa.selenium.chrome.ChromeDriver
Command: [54bddc5216bc6819b70d1d41e2d32c85, findElement {using=xpath, value=//div[@class='oxd-brand-banner']//img}]
Capabilities {acceptInsecureCerts: false, browserName: chrome, browserVersion: 148.0.7778.218, chrome: {chromedriverVersion: 148.0.7778.178 (d096af1c9e9..., userDataDir: C:\Users\DEVIKA~1\AppData\L...}, fedcm:accounts: true, goog:chromeOptions: {debuggerAddress: localhost:57512}, goog:processID: 20868, networkConnectionEnabled: false, pageLoadStrategy: normal, platformName: windows, proxy: Proxy(), se:cdp: ws://localhost:57512/devtoo..., se:cdpVersion: 148.0.7778.218, setWindowRect: true, strictFileInteractability: false, timeouts: {implicit: 0, pageLoad: 300000, script: 30000}, unhandledPromptBehavior: dismiss and notify, webauthn:extension:credBlob: true, webauthn:extension:largeBlob: true, webauthn:extension:minPinLength: true, webauthn:extension:prf: true, webauthn:virtualAuthenticators: true}
Session ID: 54bddc5216bc6819b70d1d41e2d32c85
2026-06-10 12:08:32 [TestNG-test-OrangeHRmTest-2] ERROR ActionDriver - Element is not visible:Expected condition failed: waiting for visibility of element found by By.xpath: //input[@placeholder='Username'], but... org.openqa.selenium.NoSuchElementException: Unable to find element with locator By.xpath: //input[@placeholder='Username'].
(tried for 10 seconds with 500 milliseconds interval)
Build info: version: '4.44.0', revision: 'da2039b'
System info: os.name: 'Windows 11', os.arch: 'amd64', os.version: '10.0', java.version: '21.0.10'
Driver info: org.openqa.selenium.chrome.ChromeDriver
Capabilities {acceptInsecureCerts: false, browserName: chrome, browserVersion: 148.0.7778.218, chrome: {chromedriverVersion: 148.0.7778.178 (d096af1c9e9..., userDataDir: C:\Users\DEVIKA~1\AppData\L...}, fedcm:accounts: true, goog:chromeOptions: {debuggerAddress: localhost:57179}, goog:processID: 27724, networkConnectionEnabled: false, pageLoadStrategy: normal, platformName: windows, proxy: Proxy(), se:cdp: ws://localhost:57179/devtoo..., se:cdpVersion: 148.0.7778.218, setWindowRect: true, strictFileInteractability: false, timeouts: {implicit: 0, pageLoad: 300000, script: 30000}, unhandledPromptBehavior: dismiss and notify, webauthn:extension:credBlob: true, webauthn:extension:largeBlob: true, webauthn:extension:minPinLength: true, webauthn:extension:prf: true, webauthn:virtualAuthenticators: true}
Session ID: 7ad07eb3378904eb63a0a31ffddad46d
2026-06-10 12:08:32 [TestNG-test-OrangeHRmTest-2] ERROR ActionDriver - Unable to enter the value:no such window: target window already closed
from unknown error: web view not found
  (Session info: chrome=148.0.7778.218)
Build info: version: '4.44.0', revision: 'da2039b'
System info: os.name: 'Windows 11', os.arch: 'amd64', os.version: '10.0', java.version: '21.0.10'
Driver info: org.openqa.selenium.chrome.ChromeDriver
Command: [7ad07eb3378904eb63a0a31ffddad46d, findElement {using=xpath, value=//input[@placeholder='Username']}]
Capabilities {acceptInsecureCerts: false, browserName: chrome, browserVersion: 148.0.7778.218, chrome: {chromedriverVersion: 148.0.7778.178 (d096af1c9e9..., userDataDir: C:\Users\DEVIKA~1\AppData\L...}, fedcm:accounts: true, goog:chromeOptions: {debuggerAddress: localhost:57179}, goog:processID: 27724, networkConnectionEnabled: false, pageLoadStrategy: normal, platformName: windows, proxy: Proxy(), se:cdp: ws://localhost:57179/devtoo..., se:cdpVersion: 148.0.7778.218, setWindowRect: true, strictFileInteractability: false, timeouts: {implicit: 0, pageLoad: 300000, script: 30000}, unhandledPromptBehavior: dismiss and notify, webauthn:extension:credBlob: true, webauthn:extension:largeBlob: true, webauthn:extension:minPinLength: true, webauthn:extension:prf: true, webauthn:virtualAuthenticators: true}
Session ID: 7ad07eb3378904eb63a0a31ffddad46d
2026-06-10 12:08:42 [TestNG-test-OrangeHRmTest-2] ERROR ActionDriver - Element is not visible:Expected condition failed: waiting for visibility of element found by By.xpath: //input[@placeholder='Password']
(tried for 10 seconds with 500 milliseconds interval)
2026-06-10 12:08:42 [TestNG-test-OrangeHRmTest-2] ERROR ActionDriver - Unable to enter the value:no such window: target window already closed
from unknown error: web view not found
  (Session info: chrome=148.0.7778.218)
Build info: version: '4.44.0', revision: 'da2039b'
System info: os.name: 'Windows 11', os.arch: 'amd64', os.version: '10.0', java.version: '21.0.10'
Driver info: org.openqa.selenium.chrome.ChromeDriver
Command: [7ad07eb3378904eb63a0a31ffddad46d, findElement {using=xpath, value=//input[@placeholder='Password']}]
Capabilities {acceptInsecureCerts: false, browserName: chrome, browserVersion: 148.0.7778.218, chrome: {chromedriverVersion: 148.0.7778.178 (d096af1c9e9..., userDataDir: C:\Users\DEVIKA~1\AppData\L...}, fedcm:accounts: true, goog:chromeOptions: {debuggerAddress: localhost:57179}, goog:processID: 27724, networkConnectionEnabled: false, pageLoadStrategy: normal, platformName: windows, proxy: Proxy(), se:cdp: ws://localhost:57179/devtoo..., se:cdpVersion: 148.0.7778.218, setWindowRect: true, strictFileInteractability: false, timeouts: {implicit: 0, pageLoad: 300000, script: 30000}, unhandledPromptBehavior: dismiss and notify, webauthn:extension:credBlob: true, webauthn:extension:largeBlob: true, webauthn:extension:minPinLength: true, webauthn:extension:prf: true, webauthn:virtualAuthenticators: true}
Session ID: 7ad07eb3378904eb63a0a31ffddad46d
2026-06-10 12:08:42 [TestNG-test-OrangeHRmTest-2] ERROR ActionDriver - Unable to describe the elementno such window: target window already closed
from unknown error: web view not found
  (Session info: chrome=148.0.7778.218)
Build info: version: '4.44.0', revision: 'da2039b'
System info: os.name: 'Windows 11', os.arch: 'amd64', os.version: '10.0', java.version: '21.0.10'
Driver info: org.openqa.selenium.chrome.ChromeDriver
Command: [7ad07eb3378904eb63a0a31ffddad46d, findElement {using=xpath, value=//button[normalize-space()='Login']}]
Capabilities {acceptInsecureCerts: false, browserName: chrome, browserVersion: 148.0.7778.218, chrome: {chromedriverVersion: 148.0.7778.178 (d096af1c9e9..., userDataDir: C:\Users\DEVIKA~1\AppData\L...}, fedcm:accounts: true, goog:chromeOptions: {debuggerAddress: localhost:57179}, goog:processID: 27724, networkConnectionEnabled: false, pageLoadStrategy: normal, platformName: windows, proxy: Proxy(), se:cdp: ws://localhost:57179/devtoo..., se:cdpVersion: 148.0.7778.218, setWindowRect: true, strictFileInteractability: false, timeouts: {implicit: 0, pageLoad: 300000, script: 30000}, unhandledPromptBehavior: dismiss and notify, webauthn:extension:credBlob: true, webauthn:extension:largeBlob: true, webauthn:extension:minPinLength: true, webauthn:extension:prf: true, webauthn:virtualAuthenticators: true}
Session ID: 7ad07eb3378904eb63a0a31ffddad46d
2026-06-10 12:08:53 [TestNG-test-OrangeHRmTest-2] ERROR ActionDriver - Element is not clickable: Expected condition failed: waiting for element found by By.xpath: //button[normalize-space()='Login'] to be clickable, but the element null.
(tried for 10 seconds with 500 milliseconds interval)
2026-06-10 12:08:53 [TestNG-test-OrangeHRmTest-2] ERROR ActionDriver - unable to click element
2026-06-10 12:09:03 [TestNG-test-OrangeHRmTest-2] ERROR ActionDriver - Element is not visible:Expected condition failed: waiting for visibility of element found by By.xpath: //p[text() = 'Invalid credentials']
(tried for 10 seconds with 500 milliseconds interval)
2026-06-10 12:09:03 [TestNG-test-OrangeHRmTest-2] ERROR ActionDriver - unable to compare Textsno such window: target window already closed
from unknown error: web view not found
  (Session info: chrome=148.0.7778.218)
Build info: version: '4.44.0', revision: 'da2039b'
System info: os.name: 'Windows 11', os.arch: 'amd64', os.version: '10.0', java.version: '21.0.10'
Driver info: org.openqa.selenium.chrome.ChromeDriver
Command: [7ad07eb3378904eb63a0a31ffddad46d, findElement {using=xpath, value=//p[text() = 'Invalid credentials']}]
Capabilities {acceptInsecureCerts: false, browserName: chrome, browserVersion: 148.0.7778.218, chrome: {chromedriverVersion: 148.0.7778.178 (d096af1c9e9..., userDataDir: C:\Users\DEVIKA~1\AppData\L...}, fedcm:accounts: true, goog:chromeOptions: {debuggerAddress: localhost:57179}, goog:processID: 27724, networkConnectionEnabled: false, pageLoadStrategy: normal, platformName: windows, proxy: Proxy(), se:cdp: ws://localhost:57179/devtoo..., se:cdpVersion: 148.0.7778.218, setWindowRect: true, strictFileInteractability: false, timeouts: {implicit: 0, pageLoad: 300000, script: 30000}, unhandledPromptBehavior: dismiss and notify, webauthn:extension:credBlob: true, webauthn:extension:largeBlob: true, webauthn:extension:minPinLength: true, webauthn:extension:prf: true, webauthn:virtualAuthenticators: true}
Session ID: 7ad07eb3378904eb63a0a31ffddad46d
2026-06-10 12:09:08 [TestNG-test-OrangeHRmTest-2] ERROR Baseclass - This is an ERROR message
2026-06-10 12:09:08 [TestNG-test-OrangeHRmTest-2] FATAL Baseclass - This is a FATAL message
2026-06-10 12:09:10 [TestNG-test-OrangeHRmTest-1] ERROR Baseclass - This is an ERROR message
2026-06-10 12:09:10 [TestNG-test-OrangeHRmTest-1] FATAL Baseclass - This is a FATAL message
2026-06-10 12:09:15 [TestNG-test-OrangeHRmTest-2] ERROR Baseclass - This is an ERROR message
2026-06-10 12:09:15 [TestNG-test-OrangeHRmTest-2] FATAL Baseclass - This is a FATAL message
2026-06-10 12:09:21 [TestNG-test-OrangeHRmTest-2] ERROR Baseclass - This is an ERROR message
2026-06-10 12:09:21 [TestNG-test-OrangeHRmTest-2] FATAL Baseclass - This is a FATAL message
2026-06-10 12:09:25 [TestNG-test-OrangeHRmTest-1] ERROR Baseclass - This is an ERROR message
2026-06-10 12:09:25 [TestNG-test-OrangeHRmTest-1] FATAL Baseclass - This is a FATAL message
2026-06-10 12:09:48 [TestNG-test-OrangeHRmTest-1] ERROR ActionDriver - Element is not visible:Expected condition failed: waiting for visibility of element found by By.xpath: //input[@placeholder='Username'], but... org.openqa.selenium.NoSuchElementException: no such element: Unable to locate element: {"method":"xpath","selector":"//input[@placeholder='Username']"}.
(tried for 10 seconds with 500 milliseconds interval)
Build info: version: '4.44.0', revision: 'da2039b'
System info: os.name: 'Windows 11', os.arch: 'amd64', os.version: '10.0', java.version: '21.0.10'
Driver info: org.openqa.selenium.chrome.ChromeDriver
Capabilities {acceptInsecureCerts: false, browserName: chrome, browserVersion: 148.0.7778.218, chrome: {chromedriverVersion: 148.0.7778.178 (d096af1c9e9..., userDataDir: C:\Users\DEVIKA~1\AppData\L...}, fedcm:accounts: true, goog:chromeOptions: {debuggerAddress: localhost:62578}, goog:processID: 8428, networkConnectionEnabled: false, pageLoadStrategy: normal, platformName: windows, proxy: Proxy(), se:cdp: ws://localhost:62578/devtoo..., se:cdpVersion: 148.0.7778.218, setWindowRect: true, strictFileInteractability: false, timeouts: {implicit: 0, pageLoad: 300000, script: 30000}, unhandledPromptBehavior: dismiss and notify, webauthn:extension:credBlob: true, webauthn:extension:largeBlob: true, webauthn:extension:minPinLength: true, webauthn:extension:prf: true, webauthn:virtualAuthenticators: true}
Session ID: a7417d2eebfaf7a25e1fcdd7e1243fbf
2026-06-10 12:09:53 [TestNG-test-OrangeHRmTest-2] ERROR Baseclass - This is an ERROR message
2026-06-10 12:09:53 [TestNG-test-OrangeHRmTest-2] FATAL Baseclass - This is a FATAL message
2026-06-10 12:09:58 [TestNG-test-OrangeHRmTest-1] ERROR ActionDriver - Unable to enter the value:no such element: Unable to locate element: {"method":"xpath","selector":"//input[@placeholder='Username']"}
  (Session info: chrome=148.0.7778.218)
For documentation on this error, please visit: https://www.selenium.dev/documentation/webdriver/troubleshooting/errors#nosuchelementexception
Build info: version: '4.44.0', revision: 'da2039b'
System info: os.name: 'Windows 11', os.arch: 'amd64', os.version: '10.0', java.version: '21.0.10'
Driver info: org.openqa.selenium.chrome.ChromeDriver
Command: [a7417d2eebfaf7a25e1fcdd7e1243fbf, findElement {value=//input[@placeholder='Username'], using=xpath}]
Capabilities {acceptInsecureCerts: false, browserName: chrome, browserVersion: 148.0.7778.218, chrome: {chromedriverVersion: 148.0.7778.178 (d096af1c9e9..., userDataDir: C:\Users\DEVIKA~1\AppData\L...}, fedcm:accounts: true, goog:chromeOptions: {debuggerAddress: localhost:62578}, goog:processID: 8428, networkConnectionEnabled: false, pageLoadStrategy: normal, platformName: windows, proxy: Proxy(), se:cdp: ws://localhost:62578/devtoo..., se:cdpVersion: 148.0.7778.218, setWindowRect: true, strictFileInteractability: false, timeouts: {implicit: 0, pageLoad: 300000, script: 30000}, unhandledPromptBehavior: dismiss and notify, webauthn:extension:credBlob: true, webauthn:extension:largeBlob: true, webauthn:extension:minPinLength: true, webauthn:extension:prf: true, webauthn:virtualAuthenticators: true}
Session ID: a7417d2eebfaf7a25e1fcdd7e1243fbf
2026-06-10 12:10:08 [TestNG-test-OrangeHRmTest-1] ERROR ActionDriver - Element is not visible:Expected condition failed: waiting for visibility of element found by By.xpath: //input[@placeholder='Password'], but... org.openqa.selenium.NoSuchElementException: no such element: Unable to locate element: {"method":"xpath","selector":"//input[@placeholder='Password']"}.
(tried for 10 seconds with 500 milliseconds interval)
Build info: version: '4.44.0', revision: 'da2039b'
System info: os.name: 'Windows 11', os.arch: 'amd64', os.version: '10.0', java.version: '21.0.10'
Driver info: org.openqa.selenium.chrome.ChromeDriver
Capabilities {acceptInsecureCerts: false, browserName: chrome, browserVersion: 148.0.7778.218, chrome: {chromedriverVersion: 148.0.7778.178 (d096af1c9e9..., userDataDir: C:\Users\DEVIKA~1\AppData\L...}, fedcm:accounts: true, goog:chromeOptions: {debuggerAddress: localhost:62578}, goog:processID: 8428, networkConnectionEnabled: false, pageLoadStrategy: normal, platformName: windows, proxy: Proxy(), se:cdp: ws://localhost:62578/devtoo..., se:cdpVersion: 148.0.7778.218, setWindowRect: true, strictFileInteractability: false, timeouts: {implicit: 0, pageLoad: 300000, script: 30000}, unhandledPromptBehavior: dismiss and notify, webauthn:extension:credBlob: true, webauthn:extension:largeBlob: true, webauthn:extension:minPinLength: true, webauthn:extension:prf: true, webauthn:virtualAuthenticators: true}
Session ID: a7417d2eebfaf7a25e1fcdd7e1243fbf
2026-06-10 12:10:18 [TestNG-test-OrangeHRmTest-1] ERROR ActionDriver - Unable to enter the value:no such element: Unable to locate element: {"method":"xpath","selector":"//input[@placeholder='Password']"}
  (Session info: chrome=148.0.7778.218)
For documentation on this error, please visit: https://www.selenium.dev/documentation/webdriver/troubleshooting/errors#nosuchelementexception
Build info: version: '4.44.0', revision: 'da2039b'
System info: os.name: 'Windows 11', os.arch: 'amd64', os.version: '10.0', java.version: '21.0.10'
Driver info: org.openqa.selenium.chrome.ChromeDriver
Command: [a7417d2eebfaf7a25e1fcdd7e1243fbf, findElement {value=//input[@placeholder='Password'], using=xpath}]
Capabilities {acceptInsecureCerts: false, browserName: chrome, browserVersion: 148.0.7778.218, chrome: {chromedriverVersion: 148.0.7778.178 (d096af1c9e9..., userDataDir: C:\Users\DEVIKA~1\AppData\L...}, fedcm:accounts: true, goog:chromeOptions: {debuggerAddress: localhost:62578}, goog:processID: 8428, networkConnectionEnabled: false, pageLoadStrategy: normal, platformName: windows, proxy: Proxy(), se:cdp: ws://localhost:62578/devtoo..., se:cdpVersion: 148.0.7778.218, setWindowRect: true, strictFileInteractability: false, timeouts: {implicit: 0, pageLoad: 300000, script: 30000}, unhandledPromptBehavior: dismiss and notify, webauthn:extension:credBlob: true, webauthn:extension:largeBlob: true, webauthn:extension:minPinLength: true, webauthn:extension:prf: true, webauthn:virtualAuthenticators: true}
Session ID: a7417d2eebfaf7a25e1fcdd7e1243fbf
2026-06-10 12:10:28 [TestNG-test-OrangeHRmTest-1] ERROR ActionDriver - Unable to describe the elementno such element: Unable to locate element: {"method":"xpath","selector":"//button[normalize-space()='Login']"}
  (Session info: chrome=148.0.7778.218)
For documentation on this error, please visit: https://www.selenium.dev/documentation/webdriver/troubleshooting/errors#nosuchelementexception
Build info: version: '4.44.0', revision: 'da2039b'
System info: os.name: 'Windows 11', os.arch: 'amd64', os.version: '10.0', java.version: '21.0.10'
Driver info: org.openqa.selenium.chrome.ChromeDriver
Command: [a7417d2eebfaf7a25e1fcdd7e1243fbf, findElement {value=//button[normalize-space()='Login'], using=xpath}]
Capabilities {acceptInsecureCerts: false, browserName: chrome, browserVersion: 148.0.7778.218, chrome: {chromedriverVersion: 148.0.7778.178 (d096af1c9e9..., userDataDir: C:\Users\DEVIKA~1\AppData\L...}, fedcm:accounts: true, goog:chromeOptions: {debuggerAddress: localhost:62578}, goog:processID: 8428, networkConnectionEnabled: false, pageLoadStrategy: normal, platformName: windows, proxy: Proxy(), se:cdp: ws://localhost:62578/devtoo..., se:cdpVersion: 148.0.7778.218, setWindowRect: true, strictFileInteractability: false, timeouts: {implicit: 0, pageLoad: 300000, script: 30000}, unhandledPromptBehavior: dismiss and notify, webauthn:extension:credBlob: true, webauthn:extension:largeBlob: true, webauthn:extension:minPinLength: true, webauthn:extension:prf: true, webauthn:virtualAuthenticators: true}
Session ID: a7417d2eebfaf7a25e1fcdd7e1243fbf
2026-06-10 12:10:38 [TestNG-test-OrangeHRmTest-1] ERROR ActionDriver - Element is not clickable: Expected condition failed: waiting for element found by By.xpath: //button[normalize-space()='Login'] to be clickable, but the element was not found: org.openqa.selenium.NoSuchElementException: no such element: Unable to locate element: {"method":"xpath","selector":"//button[normalize-space()='Login']"}.
(tried for 10 seconds with 500 milliseconds interval)
Build info: version: '4.44.0', revision: 'da2039b'
System info: os.name: 'Windows 11', os.arch: 'amd64', os.version: '10.0', java.version: '21.0.10'
Driver info: org.openqa.selenium.chrome.ChromeDriver
Capabilities {acceptInsecureCerts: false, browserName: chrome, browserVersion: 148.0.7778.218, chrome: {chromedriverVersion: 148.0.7778.178 (d096af1c9e9..., userDataDir: C:\Users\DEVIKA~1\AppData\L...}, fedcm:accounts: true, goog:chromeOptions: {debuggerAddress: localhost:62578}, goog:processID: 8428, networkConnectionEnabled: false, pageLoadStrategy: normal, platformName: windows, proxy: Proxy(), se:cdp: ws://localhost:62578/devtoo..., se:cdpVersion: 148.0.7778.218, setWindowRect: true, strictFileInteractability: false, timeouts: {implicit: 0, pageLoad: 300000, script: 30000}, unhandledPromptBehavior: dismiss and notify, webauthn:extension:credBlob: true, webauthn:extension:largeBlob: true, webauthn:extension:minPinLength: true, webauthn:extension:prf: true, webauthn:virtualAuthenticators: true}
Session ID: a7417d2eebfaf7a25e1fcdd7e1243fbf
2026-06-10 12:10:40 [TestNG-test-OrangeHRmTest-1] ERROR ActionDriver - unable to click element
2026-06-10 12:10:40 [TestNG-test-OrangeHRmTest-1] ERROR ActionDriver - Element is not visible:invalid session id
Build info: version: '4.44.0', revision: 'da2039b'
System info: os.name: 'Windows 11', os.arch: 'amd64', os.version: '10.0', java.version: '21.0.10'
Driver info: org.openqa.selenium.chrome.ChromeDriver
Command: [a7417d2eebfaf7a25e1fcdd7e1243fbf, findElement {value=//div[@class='oxd-brand-banner']//img, using=xpath}]
Capabilities {acceptInsecureCerts: false, browserName: chrome, browserVersion: 148.0.7778.218, chrome: {chromedriverVersion: 148.0.7778.178 (d096af1c9e9..., userDataDir: C:\Users\DEVIKA~1\AppData\L...}, fedcm:accounts: true, goog:chromeOptions: {debuggerAddress: localhost:62578}, goog:processID: 8428, networkConnectionEnabled: false, pageLoadStrategy: normal, platformName: windows, proxy: Proxy(), se:cdp: ws://localhost:62578/devtoo..., se:cdpVersion: 148.0.7778.218, setWindowRect: true, strictFileInteractability: false, timeouts: {implicit: 0, pageLoad: 300000, script: 30000}, unhandledPromptBehavior: dismiss and notify, webauthn:extension:credBlob: true, webauthn:extension:largeBlob: true, webauthn:extension:minPinLength: true, webauthn:extension:prf: true, webauthn:virtualAuthenticators: true}
Session ID: a7417d2eebfaf7a25e1fcdd7e1243fbf
2026-06-10 12:10:40 [TestNG-test-OrangeHRmTest-1] ERROR ActionDriver - Unable to describe the elementinvalid session id
Build info: version: '4.44.0', revision: 'da2039b'
System info: os.name: 'Windows 11', os.arch: 'amd64', os.version: '10.0', java.version: '21.0.10'
Driver info: org.openqa.selenium.chrome.ChromeDriver
Command: [a7417d2eebfaf7a25e1fcdd7e1243fbf, findElement {value=//div[@class='oxd-brand-banner']//img, using=xpath}]
Capabilities {acceptInsecureCerts: false, browserName: chrome, browserVersion: 148.0.7778.218, chrome: {chromedriverVersion: 148.0.7778.178 (d096af1c9e9..., userDataDir: C:\Users\DEVIKA~1\AppData\L...}, fedcm:accounts: true, goog:chromeOptions: {debuggerAddress: localhost:62578}, goog:processID: 8428, networkConnectionEnabled: false, pageLoadStrategy: normal, platformName: windows, proxy: Proxy(), se:cdp: ws://localhost:62578/devtoo..., se:cdpVersion: 148.0.7778.218, setWindowRect: true, strictFileInteractability: false, timeouts: {implicit: 0, pageLoad: 300000, script: 30000}, unhandledPromptBehavior: dismiss and notify, webauthn:extension:credBlob: true, webauthn:extension:largeBlob: true, webauthn:extension:minPinLength: true, webauthn:extension:prf: true, webauthn:virtualAuthenticators: true}
Session ID: a7417d2eebfaf7a25e1fcdd7e1243fbf
2026-06-10 12:10:40 [TestNG-test-OrangeHRmTest-1] ERROR ActionDriver - Unable to describe the elementinvalid session id
Build info: version: '4.44.0', revision: 'da2039b'
System info: os.name: 'Windows 11', os.arch: 'amd64', os.version: '10.0', java.version: '21.0.10'
Driver info: org.openqa.selenium.chrome.ChromeDriver
Command: [a7417d2eebfaf7a25e1fcdd7e1243fbf, findElement {value=//div[@class='oxd-brand-banner']//img, using=xpath}]
Capabilities {acceptInsecureCerts: false, browserName: chrome, browserVersion: 148.0.7778.218, chrome: {chromedriverVersion: 148.0.7778.178 (d096af1c9e9..., userDataDir: C:\Users\DEVIKA~1\AppData\L...}, fedcm:accounts: true, goog:chromeOptions: {debuggerAddress: localhost:62578}, goog:processID: 8428, networkConnectionEnabled: false, pageLoadStrategy: normal, platformName: windows, proxy: Proxy(), se:cdp: ws://localhost:62578/devtoo..., se:cdpVersion: 148.0.7778.218, setWindowRect: true, strictFileInteractability: false, timeouts: {implicit: 0, pageLoad: 300000, script: 30000}, unhandledPromptBehavior: dismiss and notify, webauthn:extension:credBlob: true, webauthn:extension:largeBlob: true, webauthn:extension:minPinLength: true, webauthn:extension:prf: true, webauthn:virtualAuthenticators: true}
Session ID: a7417d2eebfaf7a25e1fcdd7e1243fbf
2026-06-10 12:10:40 [TestNG-test-OrangeHRmTest-1] ERROR ActionDriver - Element is not Displayed:invalid session id
Build info: version: '4.44.0', revision: 'da2039b'
System info: os.name: 'Windows 11', os.arch: 'amd64', os.version: '10.0', java.version: '21.0.10'
Driver info: org.openqa.selenium.chrome.ChromeDriver
Command: [a7417d2eebfaf7a25e1fcdd7e1243fbf, findElement {value=//div[@class='oxd-brand-banner']//img, using=xpath}]
Capabilities {acceptInsecureCerts: false, browserName: chrome, browserVersion: 148.0.7778.218, chrome: {chromedriverVersion: 148.0.7778.178 (d096af1c9e9..., userDataDir: C:\Users\DEVIKA~1\AppData\L...}, fedcm:accounts: true, goog:chromeOptions: {debuggerAddress: localhost:62578}, goog:processID: 8428, networkConnectionEnabled: false, pageLoadStrategy: normal, platformName: windows, proxy: Proxy(), se:cdp: ws://localhost:62578/devtoo..., se:cdpVersion: 148.0.7778.218, setWindowRect: true, strictFileInteractability: false, timeouts: {implicit: 0, pageLoad: 300000, script: 30000}, unhandledPromptBehavior: dismiss and notify, webauthn:extension:credBlob: true, webauthn:extension:largeBlob: true, webauthn:extension:minPinLength: true, webauthn:extension:prf: true, webauthn:virtualAuthenticators: true}
Session ID: a7417d2eebfaf7a25e1fcdd7e1243fbf
2026-06-10 12:10:40 [TestNG-test-OrangeHRmTest-1] ERROR ActionDriver - Unable to describe the elementinvalid session id
Build info: version: '4.44.0', revision: 'da2039b'
System info: os.name: 'Windows 11', os.arch: 'amd64', os.version: '10.0', java.version: '21.0.10'
Driver info: org.openqa.selenium.chrome.ChromeDriver
Command: [a7417d2eebfaf7a25e1fcdd7e1243fbf, findElement {value=//div[@class='oxd-brand-banner']//img, using=xpath}]
Capabilities {acceptInsecureCerts: false, browserName: chrome, browserVersion: 148.0.7778.218, chrome: {chromedriverVersion: 148.0.7778.178 (d096af1c9e9..., userDataDir: C:\Users\DEVIKA~1\AppData\L...}, fedcm:accounts: true, goog:chromeOptions: {debuggerAddress: localhost:62578}, goog:processID: 8428, networkConnectionEnabled: false, pageLoadStrategy: normal, platformName: windows, proxy: Proxy(), se:cdp: ws://localhost:62578/devtoo..., se:cdpVersion: 148.0.7778.218, setWindowRect: true, strictFileInteractability: false, timeouts: {implicit: 0, pageLoad: 300000, script: 30000}, unhandledPromptBehavior: dismiss and notify, webauthn:extension:credBlob: true, webauthn:extension:largeBlob: true, webauthn:extension:minPinLength: true, webauthn:extension:prf: true, webauthn:virtualAuthenticators: true}
Session ID: a7417d2eebfaf7a25e1fcdd7e1243fbf
2026-06-10 12:18:52 [TestNG-test-OrangeHRmTest-1] ERROR Baseclass - This is an ERROR message
2026-06-10 12:18:52 [TestNG-test-OrangeHRmTest-1] FATAL Baseclass - This is a FATAL message
2026-06-10 12:18:56 [TestNG-test-OrangeHRmTest-2] ERROR Baseclass - This is an ERROR message
2026-06-10 12:18:56 [TestNG-test-OrangeHRmTest-2] FATAL Baseclass - This is a FATAL message
2026-06-10 12:19:04 [TestNG-test-OrangeHRmTest-1] ERROR Baseclass - This is an ERROR message
2026-06-10 12:19:04 [TestNG-test-OrangeHRmTest-1] FATAL Baseclass - This is a FATAL message
2026-06-10 12:19:07 [TestNG-test-OrangeHRmTest-2] ERROR Baseclass - This is an ERROR message
2026-06-10 12:19:07 [TestNG-test-OrangeHRmTest-2] FATAL Baseclass - This is a FATAL message
2026-06-10 12:19:29 [TestNG-test-OrangeHRmTest-1] ERROR Baseclass - This is an ERROR message
2026-06-10 12:19:29 [TestNG-test-OrangeHRmTest-1] FATAL Baseclass - This is a FATAL message
2026-06-10 19:40:01 [TestNG-test-OrangeHRmTest-2] ERROR Baseclass - This is an ERROR message
2026-06-10 19:40:01 [TestNG-test-OrangeHRmTest-2] FATAL Baseclass - This is a FATAL message
2026-06-10 19:40:01 [TestNG-test-OrangeHRmTest-1] ERROR Baseclass - This is an ERROR message
2026-06-10 19:40:01 [TestNG-test-OrangeHRmTest-1] FATAL Baseclass - This is a FATAL message
2026-06-10 19:40:07 [TestNG-test-OrangeHRmTest-1] ERROR Baseclass - This is an ERROR message
2026-06-10 19:40:07 [TestNG-test-OrangeHRmTest-1] FATAL Baseclass - This is a FATAL message
2026-06-10 19:40:08 [TestNG-test-OrangeHRmTest-2] ERROR Baseclass - This is an ERROR message
2026-06-10 19:40:08 [TestNG-test-OrangeHRmTest-2] FATAL Baseclass - This is a FATAL message
2026-06-10 19:40:39 [TestNG-test-OrangeHRmTest-2] ERROR Baseclass - This is an ERROR message
2026-06-10 19:40:39 [TestNG-test-OrangeHRmTest-2] FATAL Baseclass - This is a FATAL message
2026-06-10 19:46:39 [TestNG-test-OrangeHRmTest-2] ERROR Baseclass - This is an ERROR message
2026-06-10 19:46:39 [TestNG-test-OrangeHRmTest-2] FATAL Baseclass - This is a FATAL message
2026-06-10 19:46:42 [TestNG-test-OrangeHRmTest-1] ERROR Baseclass - This is an ERROR message
2026-06-10 19:46:42 [TestNG-test-OrangeHRmTest-1] FATAL Baseclass - This is a FATAL message
2026-06-10 19:46:53 [TestNG-test-OrangeHRmTest-2] ERROR Baseclass - This is an ERROR message
2026-06-10 19:46:53 [TestNG-test-OrangeHRmTest-2] FATAL Baseclass - This is a FATAL message
2026-06-10 19:46:59 [TestNG-test-OrangeHRmTest-1] ERROR Baseclass - This is an ERROR message
2026-06-10 19:46:59 [TestNG-test-OrangeHRmTest-1] FATAL Baseclass - This is a FATAL message
2026-06-10 19:47:02 [TestNG-test-OrangeHRmTest-2] ERROR ActionDriver - Texts are not matching:Invalid credentialsnot equals Invalid credentials1
2026-06-10 19:47:16 [TestNG-test-OrangeHRmTest-2] ERROR Baseclass - This is an ERROR message
2026-06-10 19:47:16 [TestNG-test-OrangeHRmTest-2] FATAL Baseclass - This is a FATAL message
2026-06-10 20:41:10 [TestNG-test-OrangeHRmTest-2] ERROR Baseclass - This is an ERROR message
2026-06-10 20:41:10 [TestNG-test-OrangeHRmTest-2] FATAL Baseclass - This is a FATAL message
2026-06-10 20:41:15 [TestNG-test-OrangeHRmTest-1] ERROR Baseclass - This is an ERROR message
2026-06-10 20:41:15 [TestNG-test-OrangeHRmTest-1] FATAL Baseclass - This is a FATAL message
2026-06-10 20:41:18 [TestNG-test-OrangeHRmTest-2] ERROR Baseclass - This is an ERROR message
2026-06-10 20:41:18 [TestNG-test-OrangeHRmTest-2] FATAL Baseclass - This is a FATAL message
2026-06-10 20:41:30 [TestNG-test-OrangeHRmTest-1] ERROR ActionDriver - Element is not visible:Expected condition failed: waiting for visibility of element found by By.xpath: //input[@placeholder='Username'], but... org.openqa.selenium.NoSuchElementException: no such element: Unable to locate element: {"method":"xpath","selector":"//input[@placeholder='Username']"}.
(tried for 10 seconds with 500 milliseconds interval)
Build info: version: '4.44.0', revision: 'da2039b'
System info: os.name: 'Windows 11', os.arch: 'amd64', os.version: '10.0', java.version: '21.0.10'
Driver info: org.openqa.selenium.chrome.ChromeDriver
Capabilities {acceptInsecureCerts: false, browserName: chrome, browserVersion: 149.0.7827.55, chrome: {chromedriverVersion: 148.0.7778.178 (d096af1c9e9..., userDataDir: C:\Users\DEVIKA~1\AppData\L...}, fedcm:accounts: true, goog:chromeOptions: {debuggerAddress: localhost:61119}, goog:processID: 18552, networkConnectionEnabled: false, pageLoadStrategy: normal, platformName: windows, proxy: Proxy(), se:cdp: ws://localhost:61119/devtoo..., se:cdpVersion: 149.0.7827.55, setWindowRect: true, strictFileInteractability: false, timeouts: {implicit: 0, pageLoad: 300000, script: 30000}, unhandledPromptBehavior: dismiss and notify, webauthn:extension:credBlob: true, webauthn:extension:largeBlob: true, webauthn:extension:minPinLength: true, webauthn:extension:prf: true, webauthn:virtualAuthenticators: true}
Session ID: 755a9ee44f6d533f3c73c51e3f225e80
2026-06-10 20:41:30 [TestNG-test-OrangeHRmTest-2] ERROR ActionDriver - Element is not visible:Expected condition failed: waiting for visibility of element found by By.xpath: //input[@placeholder='Username'], but... org.openqa.selenium.NoSuchElementException: no such element: Unable to locate element: {"method":"xpath","selector":"//input[@placeholder='Username']"}.
(tried for 10 seconds with 500 milliseconds interval)
Build info: version: '4.44.0', revision: 'da2039b'
System info: os.name: 'Windows 11', os.arch: 'amd64', os.version: '10.0', java.version: '21.0.10'
Driver info: org.openqa.selenium.chrome.ChromeDriver
Capabilities {acceptInsecureCerts: false, browserName: chrome, browserVersion: 149.0.7827.55, chrome: {chromedriverVersion: 148.0.7778.178 (d096af1c9e9..., userDataDir: C:\Users\DEVIKA~1\AppData\L...}, fedcm:accounts: true, goog:chromeOptions: {debuggerAddress: localhost:59277}, goog:processID: 21196, networkConnectionEnabled: false, pageLoadStrategy: normal, platformName: windows, proxy: Proxy(), se:cdp: ws://localhost:59277/devtoo..., se:cdpVersion: 149.0.7827.55, setWindowRect: true, strictFileInteractability: false, timeouts: {implicit: 0, pageLoad: 300000, script: 30000}, unhandledPromptBehavior: dismiss and notify, webauthn:extension:credBlob: true, webauthn:extension:largeBlob: true, webauthn:extension:minPinLength: true, webauthn:extension:prf: true, webauthn:virtualAuthenticators: true}
Session ID: a4f37968b3c0ec8c2933af4daed5d55b
2026-06-10 20:41:40 [TestNG-test-OrangeHRmTest-1] ERROR ActionDriver - Unable to enter the value:no such element: Unable to locate element: {"method":"xpath","selector":"//input[@placeholder='Username']"}
  (Session info: chrome=149.0.7827.55)
For documentation on this error, please visit: https://www.selenium.dev/documentation/webdriver/troubleshooting/errors#nosuchelementexception
Build info: version: '4.44.0', revision: 'da2039b'
System info: os.name: 'Windows 11', os.arch: 'amd64', os.version: '10.0', java.version: '21.0.10'
Driver info: org.openqa.selenium.chrome.ChromeDriver
Command: [755a9ee44f6d533f3c73c51e3f225e80, findElement {value=//input[@placeholder='Username'], using=xpath}]
Capabilities {acceptInsecureCerts: false, browserName: chrome, browserVersion: 149.0.7827.55, chrome: {chromedriverVersion: 148.0.7778.178 (d096af1c9e9..., userDataDir: C:\Users\DEVIKA~1\AppData\L...}, fedcm:accounts: true, goog:chromeOptions: {debuggerAddress: localhost:61119}, goog:processID: 18552, networkConnectionEnabled: false, pageLoadStrategy: normal, platformName: windows, proxy: Proxy(), se:cdp: ws://localhost:61119/devtoo..., se:cdpVersion: 149.0.7827.55, setWindowRect: true, strictFileInteractability: false, timeouts: {implicit: 0, pageLoad: 300000, script: 30000}, unhandledPromptBehavior: dismiss and notify, webauthn:extension:credBlob: true, webauthn:extension:largeBlob: true, webauthn:extension:minPinLength: true, webauthn:extension:prf: true, webauthn:virtualAuthenticators: true}
Session ID: 755a9ee44f6d533f3c73c51e3f225e80
2026-06-10 20:41:40 [TestNG-test-OrangeHRmTest-2] ERROR ActionDriver - Unable to enter the value:no such element: Unable to locate element: {"method":"xpath","selector":"//input[@placeholder='Username']"}
  (Session info: chrome=149.0.7827.55)
For documentation on this error, please visit: https://www.selenium.dev/documentation/webdriver/troubleshooting/errors#nosuchelementexception
Build info: version: '4.44.0', revision: 'da2039b'
System info: os.name: 'Windows 11', os.arch: 'amd64', os.version: '10.0', java.version: '21.0.10'
Driver info: org.openqa.selenium.chrome.ChromeDriver
Command: [a4f37968b3c0ec8c2933af4daed5d55b, findElement {value=//input[@placeholder='Username'], using=xpath}]
Capabilities {acceptInsecureCerts: false, browserName: chrome, browserVersion: 149.0.7827.55, chrome: {chromedriverVersion: 148.0.7778.178 (d096af1c9e9..., userDataDir: C:\Users\DEVIKA~1\AppData\L...}, fedcm:accounts: true, goog:chromeOptions: {debuggerAddress: localhost:59277}, goog:processID: 21196, networkConnectionEnabled: false, pageLoadStrategy: normal, platformName: windows, proxy: Proxy(), se:cdp: ws://localhost:59277/devtoo..., se:cdpVersion: 149.0.7827.55, setWindowRect: true, strictFileInteractability: false, timeouts: {implicit: 0, pageLoad: 300000, script: 30000}, unhandledPromptBehavior: dismiss and notify, webauthn:extension:credBlob: true, webauthn:extension:largeBlob: true, webauthn:extension:minPinLength: true, webauthn:extension:prf: true, webauthn:virtualAuthenticators: true}
Session ID: a4f37968b3c0ec8c2933af4daed5d55b
2026-06-10 20:41:50 [TestNG-test-OrangeHRmTest-1] ERROR ActionDriver - Element is not visible:Expected condition failed: waiting for visibility of element found by By.xpath: //input[@placeholder='Password'], but... org.openqa.selenium.NoSuchElementException: no such element: Unable to locate element: {"method":"xpath","selector":"//input[@placeholder='Password']"}.
(tried for 10 seconds with 500 milliseconds interval)
Build info: version: '4.44.0', revision: 'da2039b'
System info: os.name: 'Windows 11', os.arch: 'amd64', os.version: '10.0', java.version: '21.0.10'
Driver info: org.openqa.selenium.chrome.ChromeDriver
Capabilities {acceptInsecureCerts: false, browserName: chrome, browserVersion: 149.0.7827.55, chrome: {chromedriverVersion: 148.0.7778.178 (d096af1c9e9..., userDataDir: C:\Users\DEVIKA~1\AppData\L...}, fedcm:accounts: true, goog:chromeOptions: {debuggerAddress: localhost:61119}, goog:processID: 18552, networkConnectionEnabled: false, pageLoadStrategy: normal, platformName: windows, proxy: Proxy(), se:cdp: ws://localhost:61119/devtoo..., se:cdpVersion: 149.0.7827.55, setWindowRect: true, strictFileInteractability: false, timeouts: {implicit: 0, pageLoad: 300000, script: 30000}, unhandledPromptBehavior: dismiss and notify, webauthn:extension:credBlob: true, webauthn:extension:largeBlob: true, webauthn:extension:minPinLength: true, webauthn:extension:prf: true, webauthn:virtualAuthenticators: true}
Session ID: 755a9ee44f6d533f3c73c51e3f225e80
2026-06-10 20:41:50 [TestNG-test-OrangeHRmTest-2] ERROR ActionDriver - Element is not visible:Expected condition failed: waiting for visibility of element found by By.xpath: //input[@placeholder='Password'], but... org.openqa.selenium.NoSuchElementException: no such element: Unable to locate element: {"method":"xpath","selector":"//input[@placeholder='Password']"}.
(tried for 10 seconds with 500 milliseconds interval)
Build info: version: '4.44.0', revision: 'da2039b'
System info: os.name: 'Windows 11', os.arch: 'amd64', os.version: '10.0', java.version: '21.0.10'
Driver info: org.openqa.selenium.chrome.ChromeDriver
Capabilities {acceptInsecureCerts: false, browserName: chrome, browserVersion: 149.0.7827.55, chrome: {chromedriverVersion: 148.0.7778.178 (d096af1c9e9..., userDataDir: C:\Users\DEVIKA~1\AppData\L...}, fedcm:accounts: true, goog:chromeOptions: {debuggerAddress: localhost:59277}, goog:processID: 21196, networkConnectionEnabled: false, pageLoadStrategy: normal, platformName: windows, proxy: Proxy(), se:cdp: ws://localhost:59277/devtoo..., se:cdpVersion: 149.0.7827.55, setWindowRect: true, strictFileInteractability: false, timeouts: {implicit: 0, pageLoad: 300000, script: 30000}, unhandledPromptBehavior: dismiss and notify, webauthn:extension:credBlob: true, webauthn:extension:largeBlob: true, webauthn:extension:minPinLength: true, webauthn:extension:prf: true, webauthn:virtualAuthenticators: true}
Session ID: a4f37968b3c0ec8c2933af4daed5d55b
2026-06-10 20:42:00 [TestNG-test-OrangeHRmTest-1] ERROR ActionDriver - Unable to enter the value:no such element: Unable to locate element: {"method":"xpath","selector":"//input[@placeholder='Password']"}
  (Session info: chrome=149.0.7827.55)
For documentation on this error, please visit: https://www.selenium.dev/documentation/webdriver/troubleshooting/errors#nosuchelementexception
Build info: version: '4.44.0', revision: 'da2039b'
System info: os.name: 'Windows 11', os.arch: 'amd64', os.version: '10.0', java.version: '21.0.10'
Driver info: org.openqa.selenium.chrome.ChromeDriver
Command: [755a9ee44f6d533f3c73c51e3f225e80, findElement {value=//input[@placeholder='Password'], using=xpath}]
Capabilities {acceptInsecureCerts: false, browserName: chrome, browserVersion: 149.0.7827.55, chrome: {chromedriverVersion: 148.0.7778.178 (d096af1c9e9..., userDataDir: C:\Users\DEVIKA~1\AppData\L...}, fedcm:accounts: true, goog:chromeOptions: {debuggerAddress: localhost:61119}, goog:processID: 18552, networkConnectionEnabled: false, pageLoadStrategy: normal, platformName: windows, proxy: Proxy(), se:cdp: ws://localhost:61119/devtoo..., se:cdpVersion: 149.0.7827.55, setWindowRect: true, strictFileInteractability: false, timeouts: {implicit: 0, pageLoad: 300000, script: 30000}, unhandledPromptBehavior: dismiss and notify, webauthn:extension:credBlob: true, webauthn:extension:largeBlob: true, webauthn:extension:minPinLength: true, webauthn:extension:prf: true, webauthn:virtualAuthenticators: true}
Session ID: 755a9ee44f6d533f3c73c51e3f225e80
2026-06-10 20:42:00 [TestNG-test-OrangeHRmTest-2] ERROR ActionDriver - Unable to enter the value:no such element: Unable to locate element: {"method":"xpath","selector":"//input[@placeholder='Password']"}
  (Session info: chrome=149.0.7827.55)
For documentation on this error, please visit: https://www.selenium.dev/documentation/webdriver/troubleshooting/errors#nosuchelementexception
Build info: version: '4.44.0', revision: 'da2039b'
System info: os.name: 'Windows 11', os.arch: 'amd64', os.version: '10.0', java.version: '21.0.10'
Driver info: org.openqa.selenium.chrome.ChromeDriver
Command: [a4f37968b3c0ec8c2933af4daed5d55b, findElement {value=//input[@placeholder='Password'], using=xpath}]
Capabilities {acceptInsecureCerts: false, browserName: chrome, browserVersion: 149.0.7827.55, chrome: {chromedriverVersion: 148.0.7778.178 (d096af1c9e9..., userDataDir: C:\Users\DEVIKA~1\AppData\L...}, fedcm:accounts: true, goog:chromeOptions: {debuggerAddress: localhost:59277}, goog:processID: 21196, networkConnectionEnabled: false, pageLoadStrategy: normal, platformName: windows, proxy: Proxy(), se:cdp: ws://localhost:59277/devtoo..., se:cdpVersion: 149.0.7827.55, setWindowRect: true, strictFileInteractability: false, timeouts: {implicit: 0, pageLoad: 300000, script: 30000}, unhandledPromptBehavior: dismiss and notify, webauthn:extension:credBlob: true, webauthn:extension:largeBlob: true, webauthn:extension:minPinLength: true, webauthn:extension:prf: true, webauthn:virtualAuthenticators: true}
Session ID: a4f37968b3c0ec8c2933af4daed5d55b
2026-06-10 20:42:10 [TestNG-test-OrangeHRmTest-1] ERROR ActionDriver - Unable to describe the elementno such element: Unable to locate element: {"method":"xpath","selector":"//button[normalize-space()='Login']"}
  (Session info: chrome=149.0.7827.55)
For documentation on this error, please visit: https://www.selenium.dev/documentation/webdriver/troubleshooting/errors#nosuchelementexception
Build info: version: '4.44.0', revision: 'da2039b'
System info: os.name: 'Windows 11', os.arch: 'amd64', os.version: '10.0', java.version: '21.0.10'
Driver info: org.openqa.selenium.chrome.ChromeDriver
Command: [755a9ee44f6d533f3c73c51e3f225e80, findElement {value=//button[normalize-space()='Login'], using=xpath}]
Capabilities {acceptInsecureCerts: false, browserName: chrome, browserVersion: 149.0.7827.55, chrome: {chromedriverVersion: 148.0.7778.178 (d096af1c9e9..., userDataDir: C:\Users\DEVIKA~1\AppData\L...}, fedcm:accounts: true, goog:chromeOptions: {debuggerAddress: localhost:61119}, goog:processID: 18552, networkConnectionEnabled: false, pageLoadStrategy: normal, platformName: windows, proxy: Proxy(), se:cdp: ws://localhost:61119/devtoo..., se:cdpVersion: 149.0.7827.55, setWindowRect: true, strictFileInteractability: false, timeouts: {implicit: 0, pageLoad: 300000, script: 30000}, unhandledPromptBehavior: dismiss and notify, webauthn:extension:credBlob: true, webauthn:extension:largeBlob: true, webauthn:extension:minPinLength: true, webauthn:extension:prf: true, webauthn:virtualAuthenticators: true}
Session ID: 755a9ee44f6d533f3c73c51e3f225e80
2026-06-10 20:42:10 [TestNG-test-OrangeHRmTest-2] ERROR ActionDriver - Unable to describe the elementno such element: Unable to locate element: {"method":"xpath","selector":"//button[normalize-space()='Login']"}
  (Session info: chrome=149.0.7827.55)
For documentation on this error, please visit: https://www.selenium.dev/documentation/webdriver/troubleshooting/errors#nosuchelementexception
Build info: version: '4.44.0', revision: 'da2039b'
System info: os.name: 'Windows 11', os.arch: 'amd64', os.version: '10.0', java.version: '21.0.10'
Driver info: org.openqa.selenium.chrome.ChromeDriver
Command: [a4f37968b3c0ec8c2933af4daed5d55b, findElement {value=//button[normalize-space()='Login'], using=xpath}]
Capabilities {acceptInsecureCerts: false, browserName: chrome, browserVersion: 149.0.7827.55, chrome: {chromedriverVersion: 148.0.7778.178 (d096af1c9e9..., userDataDir: C:\Users\DEVIKA~1\AppData\L...}, fedcm:accounts: true, goog:chromeOptions: {debuggerAddress: localhost:59277}, goog:processID: 21196, networkConnectionEnabled: false, pageLoadStrategy: normal, platformName: windows, proxy: Proxy(), se:cdp: ws://localhost:59277/devtoo..., se:cdpVersion: 149.0.7827.55, setWindowRect: true, strictFileInteractability: false, timeouts: {implicit: 0, pageLoad: 300000, script: 30000}, unhandledPromptBehavior: dismiss and notify, webauthn:extension:credBlob: true, webauthn:extension:largeBlob: true, webauthn:extension:minPinLength: true, webauthn:extension:prf: true, webauthn:virtualAuthenticators: true}
Session ID: a4f37968b3c0ec8c2933af4daed5d55b
2026-06-10 20:42:20 [TestNG-test-OrangeHRmTest-1] ERROR ActionDriver - Element is not clickable: Expected condition failed: waiting for element found by By.xpath: //button[normalize-space()='Login'] to be clickable, but the element was not found: org.openqa.selenium.NoSuchElementException: no such element: Unable to locate element: {"method":"xpath","selector":"//button[normalize-space()='Login']"}.
(tried for 10 seconds with 500 milliseconds interval)
Build info: version: '4.44.0', revision: 'da2039b'
System info: os.name: 'Windows 11', os.arch: 'amd64', os.version: '10.0', java.version: '21.0.10'
Driver info: org.openqa.selenium.chrome.ChromeDriver
Capabilities {acceptInsecureCerts: false, browserName: chrome, browserVersion: 149.0.7827.55, chrome: {chromedriverVersion: 148.0.7778.178 (d096af1c9e9..., userDataDir: C:\Users\DEVIKA~1\AppData\L...}, fedcm:accounts: true, goog:chromeOptions: {debuggerAddress: localhost:61119}, goog:processID: 18552, networkConnectionEnabled: false, pageLoadStrategy: normal, platformName: windows, proxy: Proxy(), se:cdp: ws://localhost:61119/devtoo..., se:cdpVersion: 149.0.7827.55, setWindowRect: true, strictFileInteractability: false, timeouts: {implicit: 0, pageLoad: 300000, script: 30000}, unhandledPromptBehavior: dismiss and notify, webauthn:extension:credBlob: true, webauthn:extension:largeBlob: true, webauthn:extension:minPinLength: true, webauthn:extension:prf: true, webauthn:virtualAuthenticators: true}
Session ID: 755a9ee44f6d533f3c73c51e3f225e80
2026-06-10 20:42:20 [TestNG-test-OrangeHRmTest-2] ERROR ActionDriver - Element is not clickable: Expected condition failed: waiting for element found by By.xpath: //button[normalize-space()='Login'] to be clickable, but the element was not found: org.openqa.selenium.NoSuchElementException: no such element: Unable to locate element: {"method":"xpath","selector":"//button[normalize-space()='Login']"}.
(tried for 10 seconds with 500 milliseconds interval)
Build info: version: '4.44.0', revision: 'da2039b'
System info: os.name: 'Windows 11', os.arch: 'amd64', os.version: '10.0', java.version: '21.0.10'
Driver info: org.openqa.selenium.chrome.ChromeDriver
Capabilities {acceptInsecureCerts: false, browserName: chrome, browserVersion: 149.0.7827.55, chrome: {chromedriverVersion: 148.0.7778.178 (d096af1c9e9..., userDataDir: C:\Users\DEVIKA~1\AppData\L...}, fedcm:accounts: true, goog:chromeOptions: {debuggerAddress: localhost:59277}, goog:processID: 21196, networkConnectionEnabled: false, pageLoadStrategy: normal, platformName: windows, proxy: Proxy(), se:cdp: ws://localhost:59277/devtoo..., se:cdpVersion: 149.0.7827.55, setWindowRect: true, strictFileInteractability: false, timeouts: {implicit: 0, pageLoad: 300000, script: 30000}, unhandledPromptBehavior: dismiss and notify, webauthn:extension:credBlob: true, webauthn:extension:largeBlob: true, webauthn:extension:minPinLength: true, webauthn:extension:prf: true, webauthn:virtualAuthenticators: true}
Session ID: a4f37968b3c0ec8c2933af4daed5d55b
2026-06-10 20:42:29 [TestNG-test-OrangeHRmTest-2] ERROR ActionDriver - unable to click element
2026-06-10 20:42:31 [TestNG-test-OrangeHRmTest-1] ERROR ActionDriver - unable to click element
2026-06-10 20:42:39 [TestNG-test-OrangeHRmTest-2] ERROR ActionDriver - Element is not visible:Expected condition failed: waiting for visibility of element found by By.xpath: //div[@class='oxd-brand-banner']//img
(tried for 10 seconds with 500 milliseconds interval)
2026-06-10 20:42:39 [TestNG-test-OrangeHRmTest-2] ERROR ActionDriver - Unable to describe the elementno such window: target window already closed
from unknown error: web view not found
  (Session info: chrome=149.0.7827.55)
Build info: version: '4.44.0', revision: 'da2039b'
System info: os.name: 'Windows 11', os.arch: 'amd64', os.version: '10.0', java.version: '21.0.10'
Driver info: org.openqa.selenium.chrome.ChromeDriver
Command: [a4f37968b3c0ec8c2933af4daed5d55b, findElement {value=//div[@class='oxd-brand-banner']//img, using=xpath}]
Capabilities {acceptInsecureCerts: false, browserName: chrome, browserVersion: 149.0.7827.55, chrome: {chromedriverVersion: 148.0.7778.178 (d096af1c9e9..., userDataDir: C:\Users\DEVIKA~1\AppData\L...}, fedcm:accounts: true, goog:chromeOptions: {debuggerAddress: localhost:59277}, goog:processID: 21196, networkConnectionEnabled: false, pageLoadStrategy: normal, platformName: windows, proxy: Proxy(), se:cdp: ws://localhost:59277/devtoo..., se:cdpVersion: 149.0.7827.55, setWindowRect: true, strictFileInteractability: false, timeouts: {implicit: 0, pageLoad: 300000, script: 30000}, unhandledPromptBehavior: dismiss and notify, webauthn:extension:credBlob: true, webauthn:extension:largeBlob: true, webauthn:extension:minPinLength: true, webauthn:extension:prf: true, webauthn:virtualAuthenticators: true}
Session ID: a4f37968b3c0ec8c2933af4daed5d55b
2026-06-10 20:42:39 [TestNG-test-OrangeHRmTest-2] ERROR ActionDriver - Unable to describe the elementno such window: target window already closed
from unknown error: web view not found
  (Session info: chrome=149.0.7827.55)
Build info: version: '4.44.0', revision: 'da2039b'
System info: os.name: 'Windows 11', os.arch: 'amd64', os.version: '10.0', java.version: '21.0.10'
Driver info: org.openqa.selenium.chrome.ChromeDriver
Command: [a4f37968b3c0ec8c2933af4daed5d55b, findElement {value=//div[@class='oxd-brand-banner']//img, using=xpath}]
Capabilities {acceptInsecureCerts: false, browserName: chrome, browserVersion: 149.0.7827.55, chrome: {chromedriverVersion: 148.0.7778.178 (d096af1c9e9..., userDataDir: C:\Users\DEVIKA~1\AppData\L...}, fedcm:accounts: true, goog:chromeOptions: {debuggerAddress: localhost:59277}, goog:processID: 21196, networkConnectionEnabled: false, pageLoadStrategy: normal, platformName: windows, proxy: Proxy(), se:cdp: ws://localhost:59277/devtoo..., se:cdpVersion: 149.0.7827.55, setWindowRect: true, strictFileInteractability: false, timeouts: {implicit: 0, pageLoad: 300000, script: 30000}, unhandledPromptBehavior: dismiss and notify, webauthn:extension:credBlob: true, webauthn:extension:largeBlob: true, webauthn:extension:minPinLength: true, webauthn:extension:prf: true, webauthn:virtualAuthenticators: true}
Session ID: a4f37968b3c0ec8c2933af4daed5d55b
2026-06-10 20:42:39 [TestNG-test-OrangeHRmTest-2] ERROR ActionDriver - Unable to describe the elementno such window: target window already closed
from unknown error: web view not found
  (Session info: chrome=149.0.7827.55)
Build info: version: '4.44.0', revision: 'da2039b'
System info: os.name: 'Windows 11', os.arch: 'amd64', os.version: '10.0', java.version: '21.0.10'
Driver info: org.openqa.selenium.chrome.ChromeDriver
Command: [a4f37968b3c0ec8c2933af4daed5d55b, findElement {value=//div[@class='oxd-brand-banner']//img, using=xpath}]
Capabilities {acceptInsecureCerts: false, browserName: chrome, browserVersion: 149.0.7827.55, chrome: {chromedriverVersion: 148.0.7778.178 (d096af1c9e9..., userDataDir: C:\Users\DEVIKA~1\AppData\L...}, fedcm:accounts: true, goog:chromeOptions: {debuggerAddress: localhost:59277}, goog:processID: 21196, networkConnectionEnabled: false, pageLoadStrategy: normal, platformName: windows, proxy: Proxy(), se:cdp: ws://localhost:59277/devtoo..., se:cdpVersion: 149.0.7827.55, setWindowRect: true, strictFileInteractability: false, timeouts: {implicit: 0, pageLoad: 300000, script: 30000}, unhandledPromptBehavior: dismiss and notify, webauthn:extension:credBlob: true, webauthn:extension:largeBlob: true, webauthn:extension:minPinLength: true, webauthn:extension:prf: true, webauthn:virtualAuthenticators: true}
Session ID: a4f37968b3c0ec8c2933af4daed5d55b
2026-06-10 20:42:39 [TestNG-test-OrangeHRmTest-2] ERROR ActionDriver - Element is not Displayed:no such window: target window already closed
from unknown error: web view not found
  (Session info: chrome=149.0.7827.55)
Build info: version: '4.44.0', revision: 'da2039b'
System info: os.name: 'Windows 11', os.arch: 'amd64', os.version: '10.0', java.version: '21.0.10'
Driver info: org.openqa.selenium.chrome.ChromeDriver
Command: [a4f37968b3c0ec8c2933af4daed5d55b, findElement {value=//div[@class='oxd-brand-banner']//img, using=xpath}]
Capabilities {acceptInsecureCerts: false, browserName: chrome, browserVersion: 149.0.7827.55, chrome: {chromedriverVersion: 148.0.7778.178 (d096af1c9e9..., userDataDir: C:\Users\DEVIKA~1\AppData\L...}, fedcm:accounts: true, goog:chromeOptions: {debuggerAddress: localhost:59277}, goog:processID: 21196, networkConnectionEnabled: false, pageLoadStrategy: normal, platformName: windows, proxy: Proxy(), se:cdp: ws://localhost:59277/devtoo..., se:cdpVersion: 149.0.7827.55, setWindowRect: true, strictFileInteractability: false, timeouts: {implicit: 0, pageLoad: 300000, script: 30000}, unhandledPromptBehavior: dismiss and notify, webauthn:extension:credBlob: true, webauthn:extension:largeBlob: true, webauthn:extension:minPinLength: true, webauthn:extension:prf: true, webauthn:virtualAuthenticators: true}
Session ID: a4f37968b3c0ec8c2933af4daed5d55b
2026-06-10 20:42:39 [TestNG-test-OrangeHRmTest-2] ERROR ActionDriver - Unable to describe the elementno such window: target window already closed
from unknown error: web view not found
  (Session info: chrome=149.0.7827.55)
Build info: version: '4.44.0', revision: 'da2039b'
System info: os.name: 'Windows 11', os.arch: 'amd64', os.version: '10.0', java.version: '21.0.10'
Driver info: org.openqa.selenium.chrome.ChromeDriver
Command: [a4f37968b3c0ec8c2933af4daed5d55b, findElement {value=//div[@class='oxd-brand-banner']//img, using=xpath}]
Capabilities {acceptInsecureCerts: false, browserName: chrome, browserVersion: 149.0.7827.55, chrome: {chromedriverVersion: 148.0.7778.178 (d096af1c9e9..., userDataDir: C:\Users\DEVIKA~1\AppData\L...}, fedcm:accounts: true, goog:chromeOptions: {debuggerAddress: localhost:59277}, goog:processID: 21196, networkConnectionEnabled: false, pageLoadStrategy: normal, platformName: windows, proxy: Proxy(), se:cdp: ws://localhost:59277/devtoo..., se:cdpVersion: 149.0.7827.55, setWindowRect: true, strictFileInteractability: false, timeouts: {implicit: 0, pageLoad: 300000, script: 30000}, unhandledPromptBehavior: dismiss and notify, webauthn:extension:credBlob: true, webauthn:extension:largeBlob: true, webauthn:extension:minPinLength: true, webauthn:extension:prf: true, webauthn:virtualAuthenticators: true}
Session ID: a4f37968b3c0ec8c2933af4daed5d55b
2026-06-10 20:42:41 [TestNG-test-OrangeHRmTest-1] ERROR ActionDriver - Element is not visible:Expected condition failed: waiting for visibility of element found by By.xpath: //p[text() = 'Invalid credentials']
(tried for 10 seconds with 500 milliseconds interval)
2026-06-10 20:42:41 [TestNG-test-OrangeHRmTest-1] ERROR ActionDriver - unable to compare Textsno such window: target window already closed
from unknown error: web view not found
  (Session info: chrome=149.0.7827.55)
Build info: version: '4.44.0', revision: 'da2039b'
System info: os.name: 'Windows 11', os.arch: 'amd64', os.version: '10.0', java.version: '21.0.10'
Driver info: org.openqa.selenium.chrome.ChromeDriver
Command: [755a9ee44f6d533f3c73c51e3f225e80, findElement {value=//p[text() = 'Invalid credentials'], using=xpath}]
Capabilities {acceptInsecureCerts: false, browserName: chrome, browserVersion: 149.0.7827.55, chrome: {chromedriverVersion: 148.0.7778.178 (d096af1c9e9..., userDataDir: C:\Users\DEVIKA~1\AppData\L...}, fedcm:accounts: true, goog:chromeOptions: {debuggerAddress: localhost:61119}, goog:processID: 18552, networkConnectionEnabled: false, pageLoadStrategy: normal, platformName: windows, proxy: Proxy(), se:cdp: ws://localhost:61119/devtoo..., se:cdpVersion: 149.0.7827.55, setWindowRect: true, strictFileInteractability: false, timeouts: {implicit: 0, pageLoad: 300000, script: 30000}, unhandledPromptBehavior: dismiss and notify, webauthn:extension:credBlob: true, webauthn:extension:largeBlob: true, webauthn:extension:minPinLength: true, webauthn:extension:prf: true, webauthn:virtualAuthenticators: true}
Session ID: 755a9ee44f6d533f3c73c51e3f225e80
2026-06-10 20:43:56 [TestNG-test-OrangeHRmTest-1] ERROR Baseclass - This is an ERROR message
2026-06-10 20:43:56 [TestNG-test-OrangeHRmTest-1] FATAL Baseclass - This is a FATAL message
2026-06-10 20:44:13 [TestNG-test-OrangeHRmTest-2] ERROR Baseclass - This is an ERROR message
2026-06-10 20:44:13 [TestNG-test-OrangeHRmTest-2] FATAL Baseclass - This is a FATAL message
2026-06-10 20:44:48 [TestNG-test-OrangeHRmTest-2] ERROR Baseclass - This is an ERROR message
2026-06-10 20:44:48 [TestNG-test-OrangeHRmTest-2] FATAL Baseclass - This is a FATAL message
2026-06-10 20:44:49 [TestNG-test-OrangeHRmTest-1] ERROR Baseclass - This is an ERROR message
2026-06-10 20:44:49 [TestNG-test-OrangeHRmTest-1] FATAL Baseclass - This is a FATAL message
2026-06-10 20:45:02 [TestNG-test-OrangeHRmTest-1] ERROR Baseclass - This is an ERROR message
2026-06-10 20:45:02 [TestNG-test-OrangeHRmTest-1] FATAL Baseclass - This is a FATAL message
2026-06-10 20:47:41 [TestNG-test-OrangeHRmTest-2] ERROR Baseclass - This is an ERROR message
2026-06-10 20:47:41 [TestNG-test-OrangeHRmTest-2] FATAL Baseclass - This is a FATAL message
2026-06-10 20:48:15 [TestNG-test-OrangeHRmTest-2] ERROR Baseclass - This is an ERROR message
2026-06-10 20:48:15 [TestNG-test-OrangeHRmTest-2] FATAL Baseclass - This is a FATAL message
2026-06-10 20:48:15 [TestNG-test-OrangeHRmTest-1] ERROR Baseclass - This is an ERROR message
2026-06-10 20:48:15 [TestNG-test-OrangeHRmTest-1] FATAL Baseclass - This is a FATAL message
2026-06-10 20:48:34 [TestNG-test-OrangeHRmTest-2] ERROR Baseclass - This is an ERROR message
2026-06-10 20:48:34 [TestNG-test-OrangeHRmTest-2] FATAL Baseclass - This is a FATAL message
2026-06-10 20:48:38 [TestNG-test-OrangeHRmTest-1] ERROR Baseclass - This is an ERROR message
2026-06-10 20:48:38 [TestNG-test-OrangeHRmTest-1] FATAL Baseclass - This is a FATAL message
2026-06-10 20:48:43 [TestNG-test-OrangeHRmTest-2] ERROR ActionDriver - Texts are not matching:Invalid credentialsnot equals Invalid credentials1
2026-06-10 20:48:55 [TestNG-test-OrangeHRmTest-2] ERROR Baseclass - This is an ERROR message
2026-06-10 20:48:55 [TestNG-test-OrangeHRmTest-2] FATAL Baseclass - This is a FATAL message
2026-06-10 21:17:13 [TestNG-test-OrangeHRmTest-1] ERROR Baseclass - This is an ERROR message
2026-06-10 21:17:13 [TestNG-test-OrangeHRmTest-1] FATAL Baseclass - This is a FATAL message
2026-06-10 21:17:18 [TestNG-test-OrangeHRmTest-2] ERROR Baseclass - This is an ERROR message
2026-06-10 21:17:18 [TestNG-test-OrangeHRmTest-2] FATAL Baseclass - This is a FATAL message
2026-06-10 21:17:25 [TestNG-test-OrangeHRmTest-1] ERROR Baseclass - This is an ERROR message
2026-06-10 21:17:25 [TestNG-test-OrangeHRmTest-1] FATAL Baseclass - This is a FATAL message
2026-06-10 21:17:34 [TestNG-test-OrangeHRmTest-2] ERROR Baseclass - This is an ERROR message
2026-06-10 21:17:34 [TestNG-test-OrangeHRmTest-2] FATAL Baseclass - This is a FATAL message
2026-06-10 21:17:37 [TestNG-test-OrangeHRmTest-1] ERROR ActionDriver - Texts are not matching:Invalid credentialsnot equals Invalid credentials1
2026-06-10 21:17:51 [TestNG-test-OrangeHRmTest-1] ERROR Baseclass - This is an ERROR message
2026-06-10 21:17:51 [TestNG-test-OrangeHRmTest-1] FATAL Baseclass - This is a FATAL message
2026-06-10 21:19:55 [TestNG-test-OrangeHRmTest-1] ERROR Baseclass - This is an ERROR message
2026-06-10 21:19:55 [TestNG-test-OrangeHRmTest-1] FATAL Baseclass - This is a FATAL message
2026-06-10 21:20:02 [TestNG-test-OrangeHRmTest-2] ERROR Baseclass - This is an ERROR message
2026-06-10 21:20:02 [TestNG-test-OrangeHRmTest-2] FATAL Baseclass - This is a FATAL message
2026-06-10 21:20:10 [TestNG-test-OrangeHRmTest-2] ERROR Baseclass - This is an ERROR message
2026-06-10 21:20:10 [TestNG-test-OrangeHRmTest-2] FATAL Baseclass - This is a FATAL message
2026-06-10 21:20:20 [TestNG-test-OrangeHRmTest-2] ERROR ActionDriver - Texts are not matching:Invalid credentialsnot equals Invalid credentials1
2026-06-10 21:20:24 [TestNG-test-OrangeHRmTest-1] ERROR Baseclass - This is an ERROR message
2026-06-10 21:20:24 [TestNG-test-OrangeHRmTest-1] FATAL Baseclass - This is a FATAL message
2026-06-10 21:20:48 [TestNG-test-OrangeHRmTest-2] ERROR Baseclass - This is an ERROR message
2026-06-10 21:20:48 [TestNG-test-OrangeHRmTest-2] FATAL Baseclass - This is a FATAL message
2026-06-10 21:20:58 [TestNG-test-OrangeHRmTest-2] ERROR ActionDriver - Unable to describe the elementUnable to find element with locator By.xpath: //a[text()='Logout']
For documentation on this error, please visit: https://www.selenium.dev/documentation/webdriver/troubleshooting/errors#nosuchelementexception
Build info: version: '4.44.0', revision: 'da2039b'
System info: os.name: 'Windows 11', os.arch: 'amd64', os.version: '10.0', java.version: '21.0.10'
Driver info: driver.version: ActionDriver
2026-06-11 10:14:03 [TestNG-test-OrangeHRmTest-2] ERROR Baseclass - This is an ERROR message
2026-06-11 10:14:03 [TestNG-test-OrangeHRmTest-2] FATAL Baseclass - This is a FATAL message
2026-06-11 10:14:07 [TestNG-test-OrangeHRmTest-1] ERROR Baseclass - This is an ERROR message
2026-06-11 10:14:07 [TestNG-test-OrangeHRmTest-1] FATAL Baseclass - This is a FATAL message
2026-06-11 10:14:09 [TestNG-test-OrangeHRmTest-2] ERROR Baseclass - WebDriver is not initialized
2026-06-11 10:14:15 [TestNG-test-OrangeHRmTest-1] ERROR Baseclass - This is an ERROR message
2026-06-11 10:14:15 [TestNG-test-OrangeHRmTest-1] FATAL Baseclass - This is a FATAL message
2026-06-11 10:20:32 [TestNG-test-OrangeHRmTest-2] ERROR Baseclass - This is an ERROR message
2026-06-11 10:20:32 [TestNG-test-OrangeHRmTest-2] FATAL Baseclass - This is a FATAL message
2026-06-11 10:20:34 [TestNG-test-OrangeHRmTest-2] ERROR Baseclass - WebDriver is not initialized
2026-06-11 10:21:35 [TestNG-test-OrangeHRmTest-1] ERROR Baseclass - This is an ERROR message
2026-06-11 10:21:35 [TestNG-test-OrangeHRmTest-1] FATAL Baseclass - This is a FATAL message
2026-06-11 10:22:42 [TestNG-test-OrangeHRmTest-1] ERROR Baseclass - This is an ERROR message
2026-06-11 10:22:42 [TestNG-test-OrangeHRmTest-1] FATAL Baseclass - This is a FATAL message
2026-06-11 10:22:43 [TestNG-test-OrangeHRmTest-2] ERROR Baseclass - This is an ERROR message
2026-06-11 10:22:43 [TestNG-test-OrangeHRmTest-2] FATAL Baseclass - This is a FATAL message
2026-06-11 10:22:44 [TestNG-test-OrangeHRmTest-1] ERROR Baseclass - WebDriver is not initialized
2026-06-11 10:22:45 [TestNG-test-OrangeHRmTest-2] ERROR Baseclass - WebDriver is not initialized
2026-06-11 10:34:39 [TestNG-test-OrangeHRmTest-1] ERROR Baseclass - This is an ERROR message
2026-06-11 10:34:39 [TestNG-test-OrangeHRmTest-1] FATAL Baseclass - This is a FATAL message
2026-06-11 10:34:46 [TestNG-test-OrangeHRmTest-1] ERROR Baseclass - WebDriver is not initialized
2026-06-11 10:34:46 [TestNG-test-OrangeHRmTest-2] ERROR Baseclass - This is an ERROR message
2026-06-11 10:34:46 [TestNG-test-OrangeHRmTest-2] FATAL Baseclass - This is a FATAL message
2026-06-11 10:37:53 [TestNG-test-OrangeHRmTest-1] ERROR Baseclass - This is an ERROR message
2026-06-11 10:37:53 [TestNG-test-OrangeHRmTest-1] FATAL Baseclass - This is a FATAL message
2026-06-11 10:37:53 [TestNG-test-OrangeHRmTest-2] ERROR Baseclass - This is an ERROR message
2026-06-11 10:37:53 [TestNG-test-OrangeHRmTest-2] FATAL Baseclass - This is a FATAL message
2026-06-11 10:40:36 [TestNG-test-OrangeHRmTest-2] ERROR Baseclass - This is an ERROR message
2026-06-11 10:40:36 [TestNG-test-OrangeHRmTest-2] FATAL Baseclass - This is a FATAL message
2026-06-11 10:40:36 [TestNG-test-OrangeHRmTest-1] ERROR Baseclass - This is an ERROR message
2026-06-11 10:40:36 [TestNG-test-OrangeHRmTest-1] FATAL Baseclass - This is a FATAL message
2026-06-11 10:45:04 [TestNG-test-OrangeHRmTest-1] ERROR Baseclass - This is an ERROR message
2026-06-11 10:45:04 [TestNG-test-OrangeHRmTest-1] FATAL Baseclass - This is a FATAL message
2026-06-11 10:45:04 [TestNG-test-OrangeHRmTest-2] ERROR Baseclass - This is an ERROR message
2026-06-11 10:45:04 [TestNG-test-OrangeHRmTest-2] FATAL Baseclass - This is a FATAL message
2026-06-11 10:51:27 [TestNG-test-OrangeHRmTest-1] ERROR Baseclass - This is an ERROR message
2026-06-11 10:51:27 [TestNG-test-OrangeHRmTest-1] FATAL Baseclass - This is a FATAL message
2026-06-11 10:52:45 [TestNG-test-OrangeHRmTest-2] ERROR Baseclass - This is an ERROR message
2026-06-11 10:52:45 [TestNG-test-OrangeHRmTest-2] FATAL Baseclass - This is a FATAL message
2026-06-11 10:56:40 [TestNG-test-OrangeHRmTest-2] ERROR Baseclass - This is an ERROR message
2026-06-11 10:56:40 [TestNG-test-OrangeHRmTest-2] FATAL Baseclass - This is a FATAL message
2026-06-11 10:57:03 [TestNG-test-OrangeHRmTest-1] ERROR Baseclass - This is an ERROR message
2026-06-11 10:57:03 [TestNG-test-OrangeHRmTest-1] FATAL Baseclass - This is a FATAL message
2026-06-11 10:59:30 [TestNG-test-OrangeHRmTest-1] ERROR Baseclass - This is an ERROR message
2026-06-11 10:59:30 [TestNG-test-OrangeHRmTest-1] FATAL Baseclass - This is a FATAL message
2026-06-11 10:59:32 [TestNG-test-OrangeHRmTest-2] ERROR Baseclass - This is an ERROR message
2026-06-11 10:59:32 [TestNG-test-OrangeHRmTest-2] FATAL Baseclass - This is a FATAL message
2026-06-11 11:08:08 [TestNG-test-OrangeHRmTest-1] ERROR Baseclass - WebDriver is not initialized
2026-06-11 11:27:13 [TestNG-test-OrangeHRmTest-2] ERROR Baseclass - SETUP FAILED: unknown error: net::ERR_CONNECTION_TIMED_OUT
  (Session info: chrome=149.0.7827.55)
Build info: version: '4.44.0', revision: 'da2039b'
System info: os.name: 'Windows 11', os.arch: 'amd64', os.version: '10.0', java.version: '21.0.10'
Driver info: org.openqa.selenium.chrome.ChromeDriver
Command: [3c024ca325f2c499da4c2f734947f915, get {url=https://opensource-demo.orangehrmlive.com/}]
Capabilities {acceptInsecureCerts: false, browserName: chrome, browserVersion: 149.0.7827.55, chrome: {chromedriverVersion: 149.0.7827.55 (3188f8a607ae..., userDataDir: C:\Users\DEVIKA~1\AppData\L...}, fedcm:accounts: true, goog:chromeOptions: {debuggerAddress: localhost:62596}, goog:processID: 9844, networkConnectionEnabled: false, pageLoadStrategy: normal, platformName: windows, proxy: Proxy(), se:cdp: ws://localhost:62596/devtoo..., se:cdpVersion: 149.0.7827.55, setWindowRect: true, strictFileInteractability: false, timeouts: {implicit: 0, pageLoad: 300000, script: 30000}, unhandledPromptBehavior: dismiss and notify, webauthn:extension:credBlob: true, webauthn:extension:largeBlob: true, webauthn:extension:minPinLength: true, webauthn:extension:prf: true, webauthn:virtualAuthenticators: true}
Session ID: 3c024ca325f2c499da4c2f734947f915
2026-06-11 11:28:39 [TestNG-test-OrangeHRmTest-1] ERROR Baseclass - SETUP FAILED: unknown error: net::ERR_CONNECTION_TIMED_OUT
  (Session info: chrome=149.0.7827.55)
Build info: version: '4.44.0', revision: 'da2039b'
System info: os.name: 'Windows 11', os.arch: 'amd64', os.version: '10.0', java.version: '21.0.10'
Driver info: org.openqa.selenium.chrome.ChromeDriver
Command: [03bc0160074ef4e566e061075d88acb5, get {url=https://opensource-demo.orangehrmlive.com/}]
Capabilities {acceptInsecureCerts: false, browserName: chrome, browserVersion: 149.0.7827.55, chrome: {chromedriverVersion: 149.0.7827.55 (3188f8a607ae..., userDataDir: C:\Users\DEVIKA~1\AppData\L...}, fedcm:accounts: true, goog:chromeOptions: {debuggerAddress: localhost:56091}, goog:processID: 25008, networkConnectionEnabled: false, pageLoadStrategy: normal, platformName: windows, proxy: Proxy(), se:cdp: ws://localhost:56091/devtoo..., se:cdpVersion: 149.0.7827.55, setWindowRect: true, strictFileInteractability: false, timeouts: {implicit: 0, pageLoad: 300000, script: 30000}, unhandledPromptBehavior: dismiss and notify, webauthn:extension:credBlob: true, webauthn:extension:largeBlob: true, webauthn:extension:minPinLength: true, webauthn:extension:prf: true, webauthn:virtualAuthenticators: true}
Session ID: 03bc0160074ef4e566e061075d88acb5
2026-06-11 14:01:09 [main] ERROR ActionDriver - Unable to enter text: Expected condition failed: waiting for visibility of element found by By.xpath: //input[@placeholder='Username'], but... org.openqa.selenium.NoSuchElementException: Unable to find element with locator By.xpath: //input[@placeholder='Username'].
(tried for 10 seconds with 500 milliseconds interval)
Build info: version: '4.44.0', revision: 'da2039b'
System info: os.name: 'Windows 11', os.arch: 'amd64', os.version: '10.0', java.version: '21.0.10'
Driver info: org.openqa.selenium.chrome.ChromeDriver
Capabilities {acceptInsecureCerts: false, browserName: chrome, browserVersion: 149.0.7827.55, chrome: {chromedriverVersion: 149.0.7827.55 (3188f8a607ae..., userDataDir: C:\Users\DEVIKA~1\AppData\L...}, fedcm:accounts: true, goog:chromeOptions: {debuggerAddress: localhost:64379}, goog:processID: 18640, networkConnectionEnabled: false, pageLoadStrategy: normal, platformName: windows, proxy: Proxy(), se:cdp: ws://localhost:64379/devtoo..., se:cdpVersion: 149.0.7827.55, setWindowRect: true, strictFileInteractability: false, timeouts: {implicit: 0, pageLoad: 300000, script: 30000}, unhandledPromptBehavior: dismiss and notify, webauthn:extension:credBlob: true, webauthn:extension:largeBlob: true, webauthn:extension:minPinLength: true, webauthn:extension:prf: true, webauthn:virtualAuthenticators: true}
Session ID: 3ce2f5e6db9cd51288d530c0935d3d2a
2026-06-11 14:01:19 [main] ERROR ActionDriver - Unable to enter text: Expected condition failed: waiting for visibility of element found by By.xpath: //input[@placeholder='Password']
(tried for 10 seconds with 500 milliseconds interval)
2026-06-11 14:01:19 [main] ERROR ActionDriver - Element description failed: no such window: target window already closed
from unknown error: web view not found
  (Session info: chrome=149.0.7827.55)
Build info: version: '4.44.0', revision: 'da2039b'
System info: os.name: 'Windows 11', os.arch: 'amd64', os.version: '10.0', java.version: '21.0.10'
Driver info: org.openqa.selenium.chrome.ChromeDriver
Command: [3ce2f5e6db9cd51288d530c0935d3d2a, findElement {value=//button[normalize-space()='Login'], using=xpath}]
Capabilities {acceptInsecureCerts: false, browserName: chrome, browserVersion: 149.0.7827.55, chrome: {chromedriverVersion: 149.0.7827.55 (3188f8a607ae..., userDataDir: C:\Users\DEVIKA~1\AppData\L...}, fedcm:accounts: true, goog:chromeOptions: {debuggerAddress: localhost:64379}, goog:processID: 18640, networkConnectionEnabled: false, pageLoadStrategy: normal, platformName: windows, proxy: Proxy(), se:cdp: ws://localhost:64379/devtoo..., se:cdpVersion: 149.0.7827.55, setWindowRect: true, strictFileInteractability: false, timeouts: {implicit: 0, pageLoad: 300000, script: 30000}, unhandledPromptBehavior: dismiss and notify, webauthn:extension:credBlob: true, webauthn:extension:largeBlob: true, webauthn:extension:minPinLength: true, webauthn:extension:prf: true, webauthn:virtualAuthenticators: true}
Session ID: 3ce2f5e6db9cd51288d530c0935d3d2a
2026-06-11 14:01:29 [main] ERROR ActionDriver - Unable to click element: Unknown element | Expected condition failed: waiting for element found by By.xpath: //button[normalize-space()='Login'] to be clickable, but the element null.
(tried for 10 seconds with 500 milliseconds interval)
2026-06-11 14:01:42 [main] ERROR ActionDriver - Unable to enter text: Expected condition failed: waiting for visibility of element found by By.xpath: //input[@placeholder='Username']
(tried for 10 seconds with 500 milliseconds interval)
2026-06-11 14:01:52 [main] ERROR ActionDriver - Unable to enter text: Expected condition failed: waiting for visibility of element found by By.xpath: //input[@placeholder='Password']
(tried for 10 seconds with 500 milliseconds interval)
2026-06-11 14:01:52 [main] ERROR ActionDriver - Element description failed: no such window: target window already closed
from unknown error: web view not found
  (Session info: chrome=149.0.7827.55)
Build info: version: '4.44.0', revision: 'da2039b'
System info: os.name: 'Windows 11', os.arch: 'amd64', os.version: '10.0', java.version: '21.0.10'
Driver info: org.openqa.selenium.chrome.ChromeDriver
Command: [3ce2f5e6db9cd51288d530c0935d3d2a, findElement {value=//button[normalize-space()='Login'], using=xpath}]
Capabilities {acceptInsecureCerts: false, browserName: chrome, browserVersion: 149.0.7827.55, chrome: {chromedriverVersion: 149.0.7827.55 (3188f8a607ae..., userDataDir: C:\Users\DEVIKA~1\AppData\L...}, fedcm:accounts: true, goog:chromeOptions: {debuggerAddress: localhost:64379}, goog:processID: 18640, networkConnectionEnabled: false, pageLoadStrategy: normal, platformName: windows, proxy: Proxy(), se:cdp: ws://localhost:64379/devtoo..., se:cdpVersion: 149.0.7827.55, setWindowRect: true, strictFileInteractability: false, timeouts: {implicit: 0, pageLoad: 300000, script: 30000}, unhandledPromptBehavior: dismiss and notify, webauthn:extension:credBlob: true, webauthn:extension:largeBlob: true, webauthn:extension:minPinLength: true, webauthn:extension:prf: true, webauthn:virtualAuthenticators: true}
Session ID: 3ce2f5e6db9cd51288d530c0935d3d2a
2026-06-11 16:34:29 [main] ERROR Baseclass - SETUP FAILED: java.util.concurrent.TimeoutException
Build info: version: '4.44.0', revision: 'da2039b'
System info: os.name: 'Windows 11', os.arch: 'amd64', os.version: '10.0', java.version: '21.0.10'
Driver info: org.openqa.selenium.chrome.ChromeDriver
Command: [0910263649a9a747f7c0e2215ddc20ff, get {url=https://opensource-demo.orangehrmlive.com/}]
Capabilities {acceptInsecureCerts: false, browserName: chrome, browserVersion: 149.0.7827.103, chrome: {chromedriverVersion: 149.0.7827.55 (3188f8a607ae..., userDataDir: C:\Users\DEVIKA~1\AppData\L...}, fedcm:accounts: true, goog:chromeOptions: {debuggerAddress: localhost:50618}, goog:processID: 7708, networkConnectionEnabled: false, pageLoadStrategy: normal, platformName: windows, proxy: Proxy(), se:cdp: ws://localhost:50618/devtoo..., se:cdpVersion: 149.0.7827.103, setWindowRect: true, strictFileInteractability: false, timeouts: {implicit: 0, pageLoad: 300000, script: 30000}, unhandledPromptBehavior: dismiss and notify, webauthn:extension:credBlob: true, webauthn:extension:largeBlob: true, webauthn:extension:minPinLength: true, webauthn:extension:prf: true, webauthn:virtualAuthenticators: true}
Session ID: 0910263649a9a747f7c0e2215ddc20ff
2026-06-11 16:37:39 [main] ERROR ActionDriver - Unable to enter text: Expected condition failed: waiting for visibility of element found by By.xpath: //input[@placeholder='Username']
(tried for 10 seconds with 500 milliseconds interval)
2026-06-11 16:37:49 [main] ERROR ActionDriver - Unable to enter text: Expected condition failed: waiting for visibility of element found by By.xpath: //input[@placeholder='Password']
(tried for 10 seconds with 500 milliseconds interval)
2026-06-11 16:37:49 [main] ERROR ActionDriver - Element description failed: no such window: target window already closed
from unknown error: web view not found
  (Session info: chrome=149.0.7827.103)
Build info: version: '4.44.0', revision: 'da2039b'
System info: os.name: 'Windows 11', os.arch: 'amd64', os.version: '10.0', java.version: '21.0.10'
Driver info: org.openqa.selenium.chrome.ChromeDriver
Command: [d95a9f995c1c05cdb3ed58d811e03180, findElement {using=xpath, value=//button[normalize-space()='Login']}]
Capabilities {acceptInsecureCerts: false, browserName: chrome, browserVersion: 149.0.7827.103, chrome: {chromedriverVersion: 149.0.7827.55 (3188f8a607ae..., userDataDir: C:\Users\DEVIKA~1\AppData\L...}, fedcm:accounts: true, goog:chromeOptions: {debuggerAddress: localhost:49689}, goog:processID: 8944, networkConnectionEnabled: false, pageLoadStrategy: normal, platformName: windows, proxy: Proxy(), se:cdp: ws://localhost:49689/devtoo..., se:cdpVersion: 149.0.7827.103, setWindowRect: true, strictFileInteractability: false, timeouts: {implicit: 0, pageLoad: 300000, script: 30000}, unhandledPromptBehavior: dismiss and notify, webauthn:extension:credBlob: true, webauthn:extension:largeBlob: true, webauthn:extension:minPinLength: true, webauthn:extension:prf: true, webauthn:virtualAuthenticators: true}
Session ID: d95a9f995c1c05cdb3ed58d811e03180
2026-06-11 16:39:45 [TestNG-test-OrangeHRmTest-2] ERROR ActionDriver - Unable to enter text: Expected condition failed: waiting for visibility of element found by By.xpath: //input[@placeholder='Username'], but... org.openqa.selenium.NoSuchElementException: no such element: Unable to locate element: {"method":"xpath","selector":"//input[@placeholder='Username']"}.
(tried for 10 seconds with 500 milliseconds interval)
Build info: version: '4.44.0', revision: 'da2039b'
System info: os.name: 'Windows 11', os.arch: 'amd64', os.version: '10.0', java.version: '21.0.10'
Driver info: org.openqa.selenium.chrome.ChromeDriver
Capabilities {acceptInsecureCerts: false, browserName: chrome, browserVersion: 149.0.7827.103, chrome: {chromedriverVersion: 149.0.7827.55 (3188f8a607ae..., userDataDir: C:\Users\DEVIKA~1\AppData\L...}, fedcm:accounts: true, goog:chromeOptions: {debuggerAddress: localhost:59655}, goog:processID: 5892, networkConnectionEnabled: false, pageLoadStrategy: normal, platformName: windows, proxy: Proxy(), se:cdp: ws://localhost:59655/devtoo..., se:cdpVersion: 149.0.7827.103, setWindowRect: true, strictFileInteractability: false, timeouts: {implicit: 0, pageLoad: 300000, script: 30000}, unhandledPromptBehavior: dismiss and notify, webauthn:extension:credBlob: true, webauthn:extension:largeBlob: true, webauthn:extension:minPinLength: true, webauthn:extension:prf: true, webauthn:virtualAuthenticators: true}
Session ID: 2bc8a37e0122958076c7ba61ba41c931
2026-06-11 16:40:05 [TestNG-test-OrangeHRmTest-2] ERROR ActionDriver - Unable to enter text: Expected condition failed: waiting for visibility of element found by By.xpath: //input[@placeholder='Password'], but... org.openqa.selenium.NoSuchElementException: no such element: Unable to locate element: {"method":"xpath","selector":"//input[@placeholder='Password']"}.
(tried for 10 seconds with 500 milliseconds interval)
Build info: version: '4.44.0', revision: 'da2039b'
System info: os.name: 'Windows 11', os.arch: 'amd64', os.version: '10.0', java.version: '21.0.10'
Driver info: org.openqa.selenium.chrome.ChromeDriver
Capabilities {acceptInsecureCerts: false, browserName: chrome, browserVersion: 149.0.7827.103, chrome: {chromedriverVersion: 149.0.7827.55 (3188f8a607ae..., userDataDir: C:\Users\DEVIKA~1\AppData\L...}, fedcm:accounts: true, goog:chromeOptions: {debuggerAddress: localhost:59655}, goog:processID: 5892, networkConnectionEnabled: false, pageLoadStrategy: normal, platformName: windows, proxy: Proxy(), se:cdp: ws://localhost:59655/devtoo..., se:cdpVersion: 149.0.7827.103, setWindowRect: true, strictFileInteractability: false, timeouts: {implicit: 0, pageLoad: 300000, script: 30000}, unhandledPromptBehavior: dismiss and notify, webauthn:extension:credBlob: true, webauthn:extension:largeBlob: true, webauthn:extension:minPinLength: true, webauthn:extension:prf: true, webauthn:virtualAuthenticators: true}
Session ID: 2bc8a37e0122958076c7ba61ba41c931
2026-06-11 16:40:15 [TestNG-test-OrangeHRmTest-2] ERROR ActionDriver - Element description failed: invalid session id: session deleted as the browser has closed the connection
from disconnected: unable to send message to renderer
  (Session info: chrome=149.0.7827.103)
Build info: version: '4.44.0', revision: 'da2039b'
System info: os.name: 'Windows 11', os.arch: 'amd64', os.version: '10.0', java.version: '21.0.10'
Driver info: org.openqa.selenium.chrome.ChromeDriver
Command: [2bc8a37e0122958076c7ba61ba41c931, findElement {using=xpath, value=//button[normalize-space()='Login']}]
Capabilities {acceptInsecureCerts: false, browserName: chrome, browserVersion: 149.0.7827.103, chrome: {chromedriverVersion: 149.0.7827.55 (3188f8a607ae..., userDataDir: C:\Users\DEVIKA~1\AppData\L...}, fedcm:accounts: true, goog:chromeOptions: {debuggerAddress: localhost:59655}, goog:processID: 5892, networkConnectionEnabled: false, pageLoadStrategy: normal, platformName: windows, proxy: Proxy(), se:cdp: ws://localhost:59655/devtoo..., se:cdpVersion: 149.0.7827.103, setWindowRect: true, strictFileInteractability: false, timeouts: {implicit: 0, pageLoad: 300000, script: 30000}, unhandledPromptBehavior: dismiss and notify, webauthn:extension:credBlob: true, webauthn:extension:largeBlob: true, webauthn:extension:minPinLength: true, webauthn:extension:prf: true, webauthn:virtualAuthenticators: true}
Session ID: 2bc8a37e0122958076c7ba61ba41c931
2026-06-11 16:40:15 [TestNG-test-OrangeHRmTest-2] ERROR ActionDriver - Unable to click element: Unknown element | invalid session id
Build info: version: '4.44.0', revision: 'da2039b'
System info: os.name: 'Windows 11', os.arch: 'amd64', os.version: '10.0', java.version: '21.0.10'
Driver info: org.openqa.selenium.chrome.ChromeDriver
Command: [2bc8a37e0122958076c7ba61ba41c931, findElement {using=xpath, value=//button[normalize-space()='Login']}]
Capabilities {acceptInsecureCerts: false, browserName: chrome, browserVersion: 149.0.7827.103, chrome: {chromedriverVersion: 149.0.7827.55 (3188f8a607ae..., userDataDir: C:\Users\DEVIKA~1\AppData\L...}, fedcm:accounts: true, goog:chromeOptions: {debuggerAddress: localhost:59655}, goog:processID: 5892, networkConnectionEnabled: false, pageLoadStrategy: normal, platformName: windows, proxy: Proxy(), se:cdp: ws://localhost:59655/devtoo..., se:cdpVersion: 149.0.7827.103, setWindowRect: true, strictFileInteractability: false, timeouts: {implicit: 0, pageLoad: 300000, script: 30000}, unhandledPromptBehavior: dismiss and notify, webauthn:extension:credBlob: true, webauthn:extension:largeBlob: true, webauthn:extension:minPinLength: true, webauthn:extension:prf: true, webauthn:virtualAuthenticators: true}
Session ID: 2bc8a37e0122958076c7ba61ba41c931
2026-06-11 16:40:15 [TestNG-test-OrangeHRmTest-2] ERROR ActionDriver - Element description failed: invalid session id
Build info: version: '4.44.0', revision: 'da2039b'
System info: os.name: 'Windows 11', os.arch: 'amd64', os.version: '10.0', java.version: '21.0.10'
Driver info: org.openqa.selenium.chrome.ChromeDriver
Command: [2bc8a37e0122958076c7ba61ba41c931, findElement {using=xpath, value=//div[@class='oxd-brand-banner']//img}]
Capabilities {acceptInsecureCerts: false, browserName: chrome, browserVersion: 149.0.7827.103, chrome: {chromedriverVersion: 149.0.7827.55 (3188f8a607ae..., userDataDir: C:\Users\DEVIKA~1\AppData\L...}, fedcm:accounts: true, goog:chromeOptions: {debuggerAddress: localhost:59655}, goog:processID: 5892, networkConnectionEnabled: false, pageLoadStrategy: normal, platformName: windows, proxy: Proxy(), se:cdp: ws://localhost:59655/devtoo..., se:cdpVersion: 149.0.7827.103, setWindowRect: true, strictFileInteractability: false, timeouts: {implicit: 0, pageLoad: 300000, script: 30000}, unhandledPromptBehavior: dismiss and notify, webauthn:extension:credBlob: true, webauthn:extension:largeBlob: true, webauthn:extension:minPinLength: true, webauthn:extension:prf: true, webauthn:virtualAuthenticators: true}
Session ID: 2bc8a37e0122958076c7ba61ba41c931
2026-06-11 16:43:59 [TestNG-test-OrangeHRmTest-3] ERROR ActionDriver - Element description failed: no such window: target window already closed
from unknown error: web view not found
  (Session info: chrome=149.0.7827.103)
Build info: version: '4.44.0', revision: 'da2039b'
System info: os.name: 'Windows 11', os.arch: 'amd64', os.version: '10.0', java.version: '21.0.10'
Driver info: org.openqa.selenium.chrome.ChromeDriver
Command: [0c175328699365ffc771eba75e0ca0e4, findElement {using=xpath, value=//span[normalize-space()='Admin']}]
Capabilities {acceptInsecureCerts: false, browserName: chrome, browserVersion: 149.0.7827.103, chrome: {chromedriverVersion: 149.0.7827.55 (3188f8a607ae..., userDataDir: C:\Users\DEVIKA~1\AppData\L...}, fedcm:accounts: true, goog:chromeOptions: {debuggerAddress: localhost:56779}, goog:processID: 11272, networkConnectionEnabled: false, pageLoadStrategy: normal, platformName: windows, proxy: Proxy(), se:cdp: ws://localhost:56779/devtoo..., se:cdpVersion: 149.0.7827.103, setWindowRect: true, strictFileInteractability: false, timeouts: {implicit: 0, pageLoad: 300000, script: 30000}, unhandledPromptBehavior: dismiss and notify, webauthn:extension:credBlob: true, webauthn:extension:largeBlob: true, webauthn:extension:minPinLength: true, webauthn:extension:prf: true, webauthn:virtualAuthenticators: true}
Session ID: 0c175328699365ffc771eba75e0ca0e4
2026-06-11 16:44:00 [TestNG-test-OrangeHRmTest-1] ERROR ActionDriver - Unable to enter text: invalid session id: session deleted as the browser has closed the connection
from disconnected: unable to send message to renderer
  (Session info: chrome=149.0.7827.103)
Build info: version: '4.44.0', revision: 'da2039b'
System info: os.name: 'Windows 11', os.arch: 'amd64', os.version: '10.0', java.version: '21.0.10'
Driver info: org.openqa.selenium.chrome.ChromeDriver
Command: [8b0184525a32c1ff98f728bb8fdf987d, findElement {using=xpath, value=//input[@placeholder='Username']}]
Capabilities {acceptInsecureCerts: false, browserName: chrome, browserVersion: 149.0.7827.103, chrome: {chromedriverVersion: 149.0.7827.55 (3188f8a607ae..., userDataDir: C:\Users\DEVIKA~1\AppData\L...}, fedcm:accounts: true, goog:chromeOptions: {debuggerAddress: localhost:60368}, goog:processID: 12032, networkConnectionEnabled: false, pageLoadStrategy: normal, platformName: windows, proxy: Proxy(), se:cdp: ws://localhost:60368/devtoo..., se:cdpVersion: 149.0.7827.103, setWindowRect: true, strictFileInteractability: false, timeouts: {implicit: 0, pageLoad: 300000, script: 30000}, unhandledPromptBehavior: dismiss and notify, webauthn:extension:credBlob: true, webauthn:extension:largeBlob: true, webauthn:extension:minPinLength: true, webauthn:extension:prf: true, webauthn:virtualAuthenticators: true}
Session ID: 8b0184525a32c1ff98f728bb8fdf987d
2026-06-11 16:44:00 [TestNG-test-OrangeHRmTest-1] ERROR ActionDriver - Unable to enter text: invalid session id
Build info: version: '4.44.0', revision: 'da2039b'
System info: os.name: 'Windows 11', os.arch: 'amd64', os.version: '10.0', java.version: '21.0.10'
Driver info: org.openqa.selenium.chrome.ChromeDriver
Command: [8b0184525a32c1ff98f728bb8fdf987d, findElement {using=xpath, value=//input[@placeholder='Password']}]
Capabilities {acceptInsecureCerts: false, browserName: chrome, browserVersion: 149.0.7827.103, chrome: {chromedriverVersion: 149.0.7827.55 (3188f8a607ae..., userDataDir: C:\Users\DEVIKA~1\AppData\L...}, fedcm:accounts: true, goog:chromeOptions: {debuggerAddress: localhost:60368}, goog:processID: 12032, networkConnectionEnabled: false, pageLoadStrategy: normal, platformName: windows, proxy: Proxy(), se:cdp: ws://localhost:60368/devtoo..., se:cdpVersion: 149.0.7827.103, setWindowRect: true, strictFileInteractability: false, timeouts: {implicit: 0, pageLoad: 300000, script: 30000}, unhandledPromptBehavior: dismiss and notify, webauthn:extension:credBlob: true, webauthn:extension:largeBlob: true, webauthn:extension:minPinLength: true, webauthn:extension:prf: true, webauthn:virtualAuthenticators: true}
Session ID: 8b0184525a32c1ff98f728bb8fdf987d
2026-06-11 16:44:00 [TestNG-test-OrangeHRmTest-1] ERROR ActionDriver - Element description failed: invalid session id
Build info: version: '4.44.0', revision: 'da2039b'
System info: os.name: 'Windows 11', os.arch: 'amd64', os.version: '10.0', java.version: '21.0.10'
Driver info: org.openqa.selenium.chrome.ChromeDriver
Command: [8b0184525a32c1ff98f728bb8fdf987d, findElement {using=xpath, value=//button[normalize-space()='Login']}]
Capabilities {acceptInsecureCerts: false, browserName: chrome, browserVersion: 149.0.7827.103, chrome: {chromedriverVersion: 149.0.7827.55 (3188f8a607ae..., userDataDir: C:\Users\DEVIKA~1\AppData\L...}, fedcm:accounts: true, goog:chromeOptions: {debuggerAddress: localhost:60368}, goog:processID: 12032, networkConnectionEnabled: false, pageLoadStrategy: normal, platformName: windows, proxy: Proxy(), se:cdp: ws://localhost:60368/devtoo..., se:cdpVersion: 149.0.7827.103, setWindowRect: true, strictFileInteractability: false, timeouts: {implicit: 0, pageLoad: 300000, script: 30000}, unhandledPromptBehavior: dismiss and notify, webauthn:extension:credBlob: true, webauthn:extension:largeBlob: true, webauthn:extension:minPinLength: true, webauthn:extension:prf: true, webauthn:virtualAuthenticators: true}
Session ID: 8b0184525a32c1ff98f728bb8fdf987d
2026-06-11 16:44:00 [TestNG-test-OrangeHRmTest-1] ERROR ActionDriver - Unable to click element: Unknown element | invalid session id
Build info: version: '4.44.0', revision: 'da2039b'
System info: os.name: 'Windows 11', os.arch: 'amd64', os.version: '10.0', java.version: '21.0.10'
Driver info: org.openqa.selenium.chrome.ChromeDriver
Command: [8b0184525a32c1ff98f728bb8fdf987d, findElement {using=xpath, value=//button[normalize-space()='Login']}]
Capabilities {acceptInsecureCerts: false, browserName: chrome, browserVersion: 149.0.7827.103, chrome: {chromedriverVersion: 149.0.7827.55 (3188f8a607ae..., userDataDir: C:\Users\DEVIKA~1\AppData\L...}, fedcm:accounts: true, goog:chromeOptions: {debuggerAddress: localhost:60368}, goog:processID: 12032, networkConnectionEnabled: false, pageLoadStrategy: normal, platformName: windows, proxy: Proxy(), se:cdp: ws://localhost:60368/devtoo..., se:cdpVersion: 149.0.7827.103, setWindowRect: true, strictFileInteractability: false, timeouts: {implicit: 0, pageLoad: 300000, script: 30000}, unhandledPromptBehavior: dismiss and notify, webauthn:extension:credBlob: true, webauthn:extension:largeBlob: true, webauthn:extension:minPinLength: true, webauthn:extension:prf: true, webauthn:virtualAuthenticators: true}
Session ID: 8b0184525a32c1ff98f728bb8fdf987d
2026-06-11 16:44:00 [TestNG-test-OrangeHRmTest-1] ERROR ActionDriver - Element description failed: invalid session id
Build info: version: '4.44.0', revision: 'da2039b'
System info: os.name: 'Windows 11', os.arch: 'amd64', os.version: '10.0', java.version: '21.0.10'
Driver info: org.openqa.selenium.chrome.ChromeDriver
Command: [8b0184525a32c1ff98f728bb8fdf987d, findElement {using=xpath, value=//div[@class='oxd-brand-banner']//img}]
Capabilities {acceptInsecureCerts: false, browserName: chrome, browserVersion: 149.0.7827.103, chrome: {chromedriverVersion: 149.0.7827.55 (3188f8a607ae..., userDataDir: C:\Users\DEVIKA~1\AppData\L...}, fedcm:accounts: true, goog:chromeOptions: {debuggerAddress: localhost:60368}, goog:processID: 12032, networkConnectionEnabled: false, pageLoadStrategy: normal, platformName: windows, proxy: Proxy(), se:cdp: ws://localhost:60368/devtoo..., se:cdpVersion: 149.0.7827.103, setWindowRect: true, strictFileInteractability: false, timeouts: {implicit: 0, pageLoad: 300000, script: 30000}, unhandledPromptBehavior: dismiss and notify, webauthn:extension:credBlob: true, webauthn:extension:largeBlob: true, webauthn:extension:minPinLength: true, webauthn:extension:prf: true, webauthn:virtualAuthenticators: true}
Session ID: 8b0184525a32c1ff98f728bb8fdf987d
2026-06-11 16:45:36 [TestNG-test-OrangeHRmTest-1] ERROR ActionDriver - Unable to enter text: Expected condition failed: waiting for visibility of element found by By.xpath: //input[@placeholder='Username'], but... org.openqa.selenium.NoSuchElementException: no such element: Unable to locate element: {"method":"xpath","selector":"//input[@placeholder='Username']"}.
(tried for 10 seconds with 500 milliseconds interval)
Build info: version: '4.44.0', revision: 'da2039b'
System info: os.name: 'Windows 11', os.arch: 'amd64', os.version: '10.0', java.version: '21.0.10'
Driver info: org.openqa.selenium.chrome.ChromeDriver
Capabilities {acceptInsecureCerts: false, browserName: chrome, browserVersion: 149.0.7827.103, chrome: {chromedriverVersion: 149.0.7827.55 (3188f8a607ae..., userDataDir: C:\Users\DEVIKA~1\AppData\L...}, fedcm:accounts: true, goog:chromeOptions: {debuggerAddress: localhost:65075}, goog:processID: 17768, networkConnectionEnabled: false, pageLoadStrategy: normal, platformName: windows, proxy: Proxy(), se:cdp: ws://localhost:65075/devtoo..., se:cdpVersion: 149.0.7827.103, setWindowRect: true, strictFileInteractability: false, timeouts: {implicit: 0, pageLoad: 300000, script: 30000}, unhandledPromptBehavior: dismiss and notify, webauthn:extension:credBlob: true, webauthn:extension:largeBlob: true, webauthn:extension:minPinLength: true, webauthn:extension:prf: true, webauthn:virtualAuthenticators: true}
Session ID: ac931c1684352846676a75b4c507a668
2026-06-11 16:45:44 [TestNG-test-OrangeHRmTest-1] ERROR ActionDriver - Unable to enter text: invalid session id: session deleted as the browser has closed the connection
from disconnected: unable to send message to renderer
  (Session info: chrome=149.0.7827.103)
Build info: version: '4.44.0', revision: 'da2039b'
System info: os.name: 'Windows 11', os.arch: 'amd64', os.version: '10.0', java.version: '21.0.10'
Driver info: org.openqa.selenium.chrome.ChromeDriver
Command: [ac931c1684352846676a75b4c507a668, findElement {value=//input[@placeholder='Password'], using=xpath}]
Capabilities {acceptInsecureCerts: false, browserName: chrome, browserVersion: 149.0.7827.103, chrome: {chromedriverVersion: 149.0.7827.55 (3188f8a607ae..., userDataDir: C:\Users\DEVIKA~1\AppData\L...}, fedcm:accounts: true, goog:chromeOptions: {debuggerAddress: localhost:65075}, goog:processID: 17768, networkConnectionEnabled: false, pageLoadStrategy: normal, platformName: windows, proxy: Proxy(), se:cdp: ws://localhost:65075/devtoo..., se:cdpVersion: 149.0.7827.103, setWindowRect: true, strictFileInteractability: false, timeouts: {implicit: 0, pageLoad: 300000, script: 30000}, unhandledPromptBehavior: dismiss and notify, webauthn:extension:credBlob: true, webauthn:extension:largeBlob: true, webauthn:extension:minPinLength: true, webauthn:extension:prf: true, webauthn:virtualAuthenticators: true}
Session ID: ac931c1684352846676a75b4c507a668
2026-06-11 16:45:44 [TestNG-test-OrangeHRmTest-1] ERROR ActionDriver - Element description failed: invalid session id
Build info: version: '4.44.0', revision: 'da2039b'
System info: os.name: 'Windows 11', os.arch: 'amd64', os.version: '10.0', java.version: '21.0.10'
Driver info: org.openqa.selenium.chrome.ChromeDriver
Command: [ac931c1684352846676a75b4c507a668, findElement {value=//button[normalize-space()='Login'], using=xpath}]
Capabilities {acceptInsecureCerts: false, browserName: chrome, browserVersion: 149.0.7827.103, chrome: {chromedriverVersion: 149.0.7827.55 (3188f8a607ae..., userDataDir: C:\Users\DEVIKA~1\AppData\L...}, fedcm:accounts: true, goog:chromeOptions: {debuggerAddress: localhost:65075}, goog:processID: 17768, networkConnectionEnabled: false, pageLoadStrategy: normal, platformName: windows, proxy: Proxy(), se:cdp: ws://localhost:65075/devtoo..., se:cdpVersion: 149.0.7827.103, setWindowRect: true, strictFileInteractability: false, timeouts: {implicit: 0, pageLoad: 300000, script: 30000}, unhandledPromptBehavior: dismiss and notify, webauthn:extension:credBlob: true, webauthn:extension:largeBlob: true, webauthn:extension:minPinLength: true, webauthn:extension:prf: true, webauthn:virtualAuthenticators: true}
Session ID: ac931c1684352846676a75b4c507a668
2026-06-11 16:45:44 [TestNG-test-OrangeHRmTest-1] ERROR ActionDriver - Unable to click element: Unknown element | invalid session id
Build info: version: '4.44.0', revision: 'da2039b'
System info: os.name: 'Windows 11', os.arch: 'amd64', os.version: '10.0', java.version: '21.0.10'
Driver info: org.openqa.selenium.chrome.ChromeDriver
Command: [ac931c1684352846676a75b4c507a668, findElement {value=//button[normalize-space()='Login'], using=xpath}]
Capabilities {acceptInsecureCerts: false, browserName: chrome, browserVersion: 149.0.7827.103, chrome: {chromedriverVersion: 149.0.7827.55 (3188f8a607ae..., userDataDir: C:\Users\DEVIKA~1\AppData\L...}, fedcm:accounts: true, goog:chromeOptions: {debuggerAddress: localhost:65075}, goog:processID: 17768, networkConnectionEnabled: false, pageLoadStrategy: normal, platformName: windows, proxy: Proxy(), se:cdp: ws://localhost:65075/devtoo..., se:cdpVersion: 149.0.7827.103, setWindowRect: true, strictFileInteractability: false, timeouts: {implicit: 0, pageLoad: 300000, script: 30000}, unhandledPromptBehavior: dismiss and notify, webauthn:extension:credBlob: true, webauthn:extension:largeBlob: true, webauthn:extension:minPinLength: true, webauthn:extension:prf: true, webauthn:virtualAuthenticators: true}
Session ID: ac931c1684352846676a75b4c507a668
2026-06-11 16:45:44 [TestNG-test-OrangeHRmTest-1] ERROR ActionDriver - Element description failed: invalid session id
Build info: version: '4.44.0', revision: 'da2039b'
System info: os.name: 'Windows 11', os.arch: 'amd64', os.version: '10.0', java.version: '21.0.10'
Driver info: org.openqa.selenium.chrome.ChromeDriver
Command: [ac931c1684352846676a75b4c507a668, findElement {value=//div[@class='oxd-brand-banner']//img, using=xpath}]
Capabilities {acceptInsecureCerts: false, browserName: chrome, browserVersion: 149.0.7827.103, chrome: {chromedriverVersion: 149.0.7827.55 (3188f8a607ae..., userDataDir: C:\Users\DEVIKA~1\AppData\L...}, fedcm:accounts: true, goog:chromeOptions: {debuggerAddress: localhost:65075}, goog:processID: 17768, networkConnectionEnabled: false, pageLoadStrategy: normal, platformName: windows, proxy: Proxy(), se:cdp: ws://localhost:65075/devtoo..., se:cdpVersion: 149.0.7827.103, setWindowRect: true, strictFileInteractability: false, timeouts: {implicit: 0, pageLoad: 300000, script: 30000}, unhandledPromptBehavior: dismiss and notify, webauthn:extension:credBlob: true, webauthn:extension:largeBlob: true, webauthn:extension:minPinLength: true, webauthn:extension:prf: true, webauthn:virtualAuthenticators: true}
Session ID: ac931c1684352846676a75b4c507a668
2026-06-11 16:49:04 [main] ERROR ActionDriver - Unable to enter text: Expected condition failed: waiting for visibility of element found by By.xpath: //input[@placeholder='Username'], but... org.openqa.selenium.NoSuchElementException: no such element: Unable to locate element: {"method":"xpath","selector":"//input[@placeholder='Username']"}.
(tried for 10 seconds with 500 milliseconds interval)
Build info: version: '4.44.0', revision: 'da2039b'
System info: os.name: 'Windows 11', os.arch: 'amd64', os.version: '10.0', java.version: '21.0.10'
Driver info: org.openqa.selenium.chrome.ChromeDriver
Capabilities {acceptInsecureCerts: false, browserName: chrome, browserVersion: 149.0.7827.103, chrome: {chromedriverVersion: 149.0.7827.55 (3188f8a607ae..., userDataDir: C:\Users\DEVIKA~1\AppData\L...}, fedcm:accounts: true, goog:chromeOptions: {debuggerAddress: localhost:60227}, goog:processID: 10144, networkConnectionEnabled: false, pageLoadStrategy: normal, platformName: windows, proxy: Proxy(), se:cdp: ws://localhost:60227/devtoo..., se:cdpVersion: 149.0.7827.103, setWindowRect: true, strictFileInteractability: false, timeouts: {implicit: 0, pageLoad: 300000, script: 30000}, unhandledPromptBehavior: dismiss and notify, webauthn:extension:credBlob: true, webauthn:extension:largeBlob: true, webauthn:extension:minPinLength: true, webauthn:extension:prf: true, webauthn:virtualAuthenticators: true}
Session ID: 4fb9e16b527dd9a39ac13d51e5f00ed2
2026-06-11 16:49:15 [main] ERROR ActionDriver - Unable to enter text: Expected condition failed: waiting for visibility of element found by By.xpath: //input[@placeholder='Password'], but... org.openqa.selenium.NoSuchElementException: no such element: Unable to locate element: {"method":"xpath","selector":"//input[@placeholder='Password']"}.
(tried for 10 seconds with 500 milliseconds interval)
Build info: version: '4.44.0', revision: 'da2039b'
System info: os.name: 'Windows 11', os.arch: 'amd64', os.version: '10.0', java.version: '21.0.10'
Driver info: org.openqa.selenium.chrome.ChromeDriver
Capabilities {acceptInsecureCerts: false, browserName: chrome, browserVersion: 149.0.7827.103, chrome: {chromedriverVersion: 149.0.7827.55 (3188f8a607ae..., userDataDir: C:\Users\DEVIKA~1\AppData\L...}, fedcm:accounts: true, goog:chromeOptions: {debuggerAddress: localhost:60227}, goog:processID: 10144, networkConnectionEnabled: false, pageLoadStrategy: normal, platformName: windows, proxy: Proxy(), se:cdp: ws://localhost:60227/devtoo..., se:cdpVersion: 149.0.7827.103, setWindowRect: true, strictFileInteractability: false, timeouts: {implicit: 0, pageLoad: 300000, script: 30000}, unhandledPromptBehavior: dismiss and notify, webauthn:extension:credBlob: true, webauthn:extension:largeBlob: true, webauthn:extension:minPinLength: true, webauthn:extension:prf: true, webauthn:virtualAuthenticators: true}
Session ID: 4fb9e16b527dd9a39ac13d51e5f00ed2
2026-06-11 16:49:15 [main] ERROR ActionDriver - Element description failed: invalid session id
Build info: version: '4.44.0', revision: 'da2039b'
System info: os.name: 'Windows 11', os.arch: 'amd64', os.version: '10.0', java.version: '21.0.10'
Driver info: org.openqa.selenium.chrome.ChromeDriver
Command: [4fb9e16b527dd9a39ac13d51e5f00ed2, findElement {value=//button[normalize-space()='Login'], using=xpath}]
Capabilities {acceptInsecureCerts: false, browserName: chrome, browserVersion: 149.0.7827.103, chrome: {chromedriverVersion: 149.0.7827.55 (3188f8a607ae..., userDataDir: C:\Users\DEVIKA~1\AppData\L...}, fedcm:accounts: true, goog:chromeOptions: {debuggerAddress: localhost:60227}, goog:processID: 10144, networkConnectionEnabled: false, pageLoadStrategy: normal, platformName: windows, proxy: Proxy(), se:cdp: ws://localhost:60227/devtoo..., se:cdpVersion: 149.0.7827.103, setWindowRect: true, strictFileInteractability: false, timeouts: {implicit: 0, pageLoad: 300000, script: 30000}, unhandledPromptBehavior: dismiss and notify, webauthn:extension:credBlob: true, webauthn:extension:largeBlob: true, webauthn:extension:minPinLength: true, webauthn:extension:prf: true, webauthn:virtualAuthenticators: true}
Session ID: 4fb9e16b527dd9a39ac13d51e5f00ed2
2026-06-11 16:49:15 [main] ERROR ActionDriver - Unable to click element: Unknown element | invalid session id
Build info: version: '4.44.0', revision: 'da2039b'
System info: os.name: 'Windows 11', os.arch: 'amd64', os.version: '10.0', java.version: '21.0.10'
Driver info: org.openqa.selenium.chrome.ChromeDriver
Command: [4fb9e16b527dd9a39ac13d51e5f00ed2, findElement {value=//button[normalize-space()='Login'], using=xpath}]
Capabilities {acceptInsecureCerts: false, browserName: chrome, browserVersion: 149.0.7827.103, chrome: {chromedriverVersion: 149.0.7827.55 (3188f8a607ae..., userDataDir: C:\Users\DEVIKA~1\AppData\L...}, fedcm:accounts: true, goog:chromeOptions: {debuggerAddress: localhost:60227}, goog:processID: 10144, networkConnectionEnabled: false, pageLoadStrategy: normal, platformName: windows, proxy: Proxy(), se:cdp: ws://localhost:60227/devtoo..., se:cdpVersion: 149.0.7827.103, setWindowRect: true, strictFileInteractability: false, timeouts: {implicit: 0, pageLoad: 300000, script: 30000}, unhandledPromptBehavior: dismiss and notify, webauthn:extension:credBlob: true, webauthn:extension:largeBlob: true, webauthn:extension:minPinLength: true, webauthn:extension:prf: true, webauthn:virtualAuthenticators: true}
Session ID: 4fb9e16b527dd9a39ac13d51e5f00ed2
2026-06-11 16:49:15 [main] ERROR ActionDriver - Element description failed: invalid session id
Build info: version: '4.44.0', revision: 'da2039b'
System info: os.name: 'Windows 11', os.arch: 'amd64', os.version: '10.0', java.version: '21.0.10'
Driver info: org.openqa.selenium.chrome.ChromeDriver
Command: [4fb9e16b527dd9a39ac13d51e5f00ed2, findElement {value=//div[@class='oxd-brand-banner']//img, using=xpath}]
Capabilities {acceptInsecureCerts: false, browserName: chrome, browserVersion: 149.0.7827.103, chrome: {chromedriverVersion: 149.0.7827.55 (3188f8a607ae..., userDataDir: C:\Users\DEVIKA~1\AppData\L...}, fedcm:accounts: true, goog:chromeOptions: {debuggerAddress: localhost:60227}, goog:processID: 10144, networkConnectionEnabled: false, pageLoadStrategy: normal, platformName: windows, proxy: Proxy(), se:cdp: ws://localhost:60227/devtoo..., se:cdpVersion: 149.0.7827.103, setWindowRect: true, strictFileInteractability: false, timeouts: {implicit: 0, pageLoad: 300000, script: 30000}, unhandledPromptBehavior: dismiss and notify, webauthn:extension:credBlob: true, webauthn:extension:largeBlob: true, webauthn:extension:minPinLength: true, webauthn:extension:prf: true, webauthn:virtualAuthenticators: true}
Session ID: 4fb9e16b527dd9a39ac13d51e5f00ed2
2026-06-11 16:54:29 [main] ERROR ActionDriver - Unable to enter text: Expected condition failed: waiting for visibility of element found by By.xpath: //input[@placeholder='Username'], but... org.openqa.selenium.NoSuchElementException: no such element: Unable to locate element: {"method":"xpath","selector":"//input[@placeholder='Username']"}.
(tried for 10 seconds with 500 milliseconds interval)
Build info: version: '4.44.0', revision: 'da2039b'
System info: os.name: 'Windows 11', os.arch: 'amd64', os.version: '10.0', java.version: '21.0.10'
Driver info: org.openqa.selenium.chrome.ChromeDriver
Capabilities {acceptInsecureCerts: false, browserName: chrome, browserVersion: 149.0.7827.103, chrome: {chromedriverVersion: 149.0.7827.55 (3188f8a607ae..., userDataDir: C:\Users\DEVIKA~1\AppData\L...}, fedcm:accounts: true, goog:chromeOptions: {debuggerAddress: localhost:57851}, goog:processID: 19696, networkConnectionEnabled: false, pageLoadStrategy: normal, platformName: windows, proxy: Proxy(), se:cdp: ws://localhost:57851/devtoo..., se:cdpVersion: 149.0.7827.103, setWindowRect: true, strictFileInteractability: false, timeouts: {implicit: 0, pageLoad: 300000, script: 30000}, unhandledPromptBehavior: dismiss and notify, webauthn:extension:credBlob: true, webauthn:extension:largeBlob: true, webauthn:extension:minPinLength: true, webauthn:extension:prf: true, webauthn:virtualAuthenticators: true}
Session ID: 7c04ff9adc04b5fbfb8d2bcd210d09d5
2026-06-11 16:54:49 [main] ERROR ActionDriver - Unable to enter text: Expected condition failed: waiting for visibility of element found by By.xpath: //input[@placeholder='Password'], but... org.openqa.selenium.NoSuchElementException: no such element: Unable to locate element: {"method":"xpath","selector":"//input[@placeholder='Password']"}.
(tried for 10 seconds with 500 milliseconds interval)
Build info: version: '4.44.0', revision: 'da2039b'
System info: os.name: 'Windows 11', os.arch: 'amd64', os.version: '10.0', java.version: '21.0.10'
Driver info: org.openqa.selenium.chrome.ChromeDriver
Capabilities {acceptInsecureCerts: false, browserName: chrome, browserVersion: 149.0.7827.103, chrome: {chromedriverVersion: 149.0.7827.55 (3188f8a607ae..., userDataDir: C:\Users\DEVIKA~1\AppData\L...}, fedcm:accounts: true, goog:chromeOptions: {debuggerAddress: localhost:57851}, goog:processID: 19696, networkConnectionEnabled: false, pageLoadStrategy: normal, platformName: windows, proxy: Proxy(), se:cdp: ws://localhost:57851/devtoo..., se:cdpVersion: 149.0.7827.103, setWindowRect: true, strictFileInteractability: false, timeouts: {implicit: 0, pageLoad: 300000, script: 30000}, unhandledPromptBehavior: dismiss and notify, webauthn:extension:credBlob: true, webauthn:extension:largeBlob: true, webauthn:extension:minPinLength: true, webauthn:extension:prf: true, webauthn:virtualAuthenticators: true}
Session ID: 7c04ff9adc04b5fbfb8d2bcd210d09d5
2026-06-11 16:54:49 [main] ERROR ActionDriver - Element description failed: invalid session id: session deleted as the browser has closed the connection
from disconnected: unable to send message to renderer
  (Session info: chrome=149.0.7827.103)
Build info: version: '4.44.0', revision: 'da2039b'
System info: os.name: 'Windows 11', os.arch: 'amd64', os.version: '10.0', java.version: '21.0.10'
Driver info: org.openqa.selenium.chrome.ChromeDriver
Command: [7c04ff9adc04b5fbfb8d2bcd210d09d5, findElement {value=//button[normalize-space()='Login'], using=xpath}]
Capabilities {acceptInsecureCerts: false, browserName: chrome, browserVersion: 149.0.7827.103, chrome: {chromedriverVersion: 149.0.7827.55 (3188f8a607ae..., userDataDir: C:\Users\DEVIKA~1\AppData\L...}, fedcm:accounts: true, goog:chromeOptions: {debuggerAddress: localhost:57851}, goog:processID: 19696, networkConnectionEnabled: false, pageLoadStrategy: normal, platformName: windows, proxy: Proxy(), se:cdp: ws://localhost:57851/devtoo..., se:cdpVersion: 149.0.7827.103, setWindowRect: true, strictFileInteractability: false, timeouts: {implicit: 0, pageLoad: 300000, script: 30000}, unhandledPromptBehavior: dismiss and notify, webauthn:extension:credBlob: true, webauthn:extension:largeBlob: true, webauthn:extension:minPinLength: true, webauthn:extension:prf: true, webauthn:virtualAuthenticators: true}
Session ID: 7c04ff9adc04b5fbfb8d2bcd210d09d5
2026-06-11 16:54:50 [main] ERROR ActionDriver - Unable to click element: Unknown element | invalid session id
Build info: version: '4.44.0', revision: 'da2039b'
System info: os.name: 'Windows 11', os.arch: 'amd64', os.version: '10.0', java.version: '21.0.10'
Driver info: org.openqa.selenium.chrome.ChromeDriver
Command: [7c04ff9adc04b5fbfb8d2bcd210d09d5, findElement {value=//button[normalize-space()='Login'], using=xpath}]
Capabilities {acceptInsecureCerts: false, browserName: chrome, browserVersion: 149.0.7827.103, chrome: {chromedriverVersion: 149.0.7827.55 (3188f8a607ae..., userDataDir: C:\Users\DEVIKA~1\AppData\L...}, fedcm:accounts: true, goog:chromeOptions: {debuggerAddress: localhost:57851}, goog:processID: 19696, networkConnectionEnabled: false, pageLoadStrategy: normal, platformName: windows, proxy: Proxy(), se:cdp: ws://localhost:57851/devtoo..., se:cdpVersion: 149.0.7827.103, setWindowRect: true, strictFileInteractability: false, timeouts: {implicit: 0, pageLoad: 300000, script: 30000}, unhandledPromptBehavior: dismiss and notify, webauthn:extension:credBlob: true, webauthn:extension:largeBlob: true, webauthn:extension:minPinLength: true, webauthn:extension:prf: true, webauthn:virtualAuthenticators: true}
Session ID: 7c04ff9adc04b5fbfb8d2bcd210d09d5
2026-06-11 16:54:50 [main] ERROR ActionDriver - Element description failed: invalid session id
Build info: version: '4.44.0', revision: 'da2039b'
System info: os.name: 'Windows 11', os.arch: 'amd64', os.version: '10.0', java.version: '21.0.10'
Driver info: org.openqa.selenium.chrome.ChromeDriver
Command: [7c04ff9adc04b5fbfb8d2bcd210d09d5, findElement {value=//div[@class='oxd-brand-banner']//img, using=xpath}]
Capabilities {acceptInsecureCerts: false, browserName: chrome, browserVersion: 149.0.7827.103, chrome: {chromedriverVersion: 149.0.7827.55 (3188f8a607ae..., userDataDir: C:\Users\DEVIKA~1\AppData\L...}, fedcm:accounts: true, goog:chromeOptions: {debuggerAddress: localhost:57851}, goog:processID: 19696, networkConnectionEnabled: false, pageLoadStrategy: normal, platformName: windows, proxy: Proxy(), se:cdp: ws://localhost:57851/devtoo..., se:cdpVersion: 149.0.7827.103, setWindowRect: true, strictFileInteractability: false, timeouts: {implicit: 0, pageLoad: 300000, script: 30000}, unhandledPromptBehavior: dismiss and notify, webauthn:extension:credBlob: true, webauthn:extension:largeBlob: true, webauthn:extension:minPinLength: true, webauthn:extension:prf: true, webauthn:virtualAuthenticators: true}
Session ID: 7c04ff9adc04b5fbfb8d2bcd210d09d5
2026-06-11 17:06:16 [main] ERROR ActionDriver - Unable to enter text: Expected condition failed: waiting for visibility of element found by By.xpath: //input[@placeholder='Username'], but... org.openqa.selenium.NoSuchElementException: Unable to find element with locator By.xpath: //input[@placeholder='Username'].
(tried for 10 seconds with 500 milliseconds interval)
Build info: version: '4.44.0', revision: 'da2039b'
System info: os.name: 'Windows 11', os.arch: 'amd64', os.version: '10.0', java.version: '21.0.10'
Driver info: org.openqa.selenium.chrome.ChromeDriver
Capabilities {acceptInsecureCerts: false, browserName: chrome, browserVersion: 149.0.7827.103, chrome: {chromedriverVersion: 149.0.7827.55 (3188f8a607ae..., userDataDir: C:\Users\DEVIKA~1\AppData\L...}, fedcm:accounts: true, goog:chromeOptions: {debuggerAddress: localhost:59443}, goog:processID: 18856, networkConnectionEnabled: false, pageLoadStrategy: normal, platformName: windows, proxy: Proxy(), se:cdp: ws://localhost:59443/devtoo..., se:cdpVersion: 149.0.7827.103, setWindowRect: true, strictFileInteractability: false, timeouts: {implicit: 0, pageLoad: 300000, script: 30000}, unhandledPromptBehavior: dismiss and notify, webauthn:extension:credBlob: true, webauthn:extension:largeBlob: true, webauthn:extension:minPinLength: true, webauthn:extension:prf: true, webauthn:virtualAuthenticators: true}
Session ID: adee37a077c04e590435081cf52b0e88
2026-06-11 17:06:26 [main] ERROR ActionDriver - Unable to enter text: Expected condition failed: waiting for visibility of element found by By.xpath: //input[@placeholder='Password']
(tried for 10 seconds with 500 milliseconds interval)
2026-06-11 17:06:26 [main] ERROR ActionDriver - Element description failed: no such window: target window already closed
from unknown error: web view not found
  (Session info: chrome=149.0.7827.103)
Build info: version: '4.44.0', revision: 'da2039b'
System info: os.name: 'Windows 11', os.arch: 'amd64', os.version: '10.0', java.version: '21.0.10'
Driver info: org.openqa.selenium.chrome.ChromeDriver
Command: [adee37a077c04e590435081cf52b0e88, findElement {using=xpath, value=//button[normalize-space()='Login']}]
Capabilities {acceptInsecureCerts: false, browserName: chrome, browserVersion: 149.0.7827.103, chrome: {chromedriverVersion: 149.0.7827.55 (3188f8a607ae..., userDataDir: C:\Users\DEVIKA~1\AppData\L...}, fedcm:accounts: true, goog:chromeOptions: {debuggerAddress: localhost:59443}, goog:processID: 18856, networkConnectionEnabled: false, pageLoadStrategy: normal, platformName: windows, proxy: Proxy(), se:cdp: ws://localhost:59443/devtoo..., se:cdpVersion: 149.0.7827.103, setWindowRect: true, strictFileInteractability: false, timeouts: {implicit: 0, pageLoad: 300000, script: 30000}, unhandledPromptBehavior: dismiss and notify, webauthn:extension:credBlob: true, webauthn:extension:largeBlob: true, webauthn:extension:minPinLength: true, webauthn:extension:prf: true, webauthn:virtualAuthenticators: true}
Session ID: adee37a077c04e590435081cf52b0e88
2026-06-11 17:06:36 [main] ERROR ActionDriver - Unable to click element: Unknown element | Expected condition failed: waiting for element found by By.xpath: //button[normalize-space()='Login'] to be clickable, but the element null.
(tried for 10 seconds with 500 milliseconds interval)
2026-06-11 17:06:47 [main] ERROR ActionDriver - Compare text failed: Expected condition failed: waiting for visibility of element found by By.xpath: //p[text() = 'Invalid credentials']
(tried for 10 seconds with 500 milliseconds interval)
2026-06-11 17:12:03 [main] ERROR Baseclass - SETUP FAILED: unknown error: JavaScript code failed
from unknown command: 'Runtime.evaluate' wasn't found
  (Session info: chrome=149.0.7827.103)
Build info: version: '4.44.0', revision: 'da2039b'
System info: os.name: 'Windows 11', os.arch: 'amd64', os.version: '10.0', java.version: '21.0.10'
Driver info: org.openqa.selenium.chrome.ChromeDriver
Command: [2db4e5481068cd8e101d19b709794d4d, maximizeCurrentWindow {}]
Capabilities {acceptInsecureCerts: false, browserName: chrome, browserVersion: 149.0.7827.103, chrome: {chromedriverVersion: 149.0.7827.55 (3188f8a607ae..., userDataDir: C:\Users\DEVIKA~1\AppData\L...}, fedcm:accounts: true, goog:chromeOptions: {debuggerAddress: localhost:50765}, goog:processID: 2968, networkConnectionEnabled: false, pageLoadStrategy: normal, platformName: windows, proxy: Proxy(), se:cdp: ws://localhost:50765/devtoo..., se:cdpVersion: 149.0.7827.103, setWindowRect: true, strictFileInteractability: false, timeouts: {implicit: 0, pageLoad: 300000, script: 30000}, unhandledPromptBehavior: dismiss and notify, webauthn:extension:credBlob: true, webauthn:extension:largeBlob: true, webauthn:extension:minPinLength: true, webauthn:extension:prf: true, webauthn:virtualAuthenticators: true}
Session ID: 2db4e5481068cd8e101d19b709794d4d
2026-06-11 17:17:48 [main] ERROR ActionDriver - Unable to enter text: Expected condition failed: waiting for visibility of element found by By.xpath: //input[@placeholder='Username'], but... org.openqa.selenium.NoSuchElementException: no such element: Unable to locate element: {"method":"xpath","selector":"//input[@placeholder='Username']"}.
(tried for 10 seconds with 500 milliseconds interval)
Build info: version: '4.44.0', revision: 'da2039b'
System info: os.name: 'Windows 11', os.arch: 'amd64', os.version: '10.0', java.version: '21.0.10'
Driver info: org.openqa.selenium.chrome.ChromeDriver
Capabilities {acceptInsecureCerts: false, browserName: chrome, browserVersion: 149.0.7827.103, chrome: {chromedriverVersion: 149.0.7827.55 (3188f8a607ae..., userDataDir: C:\Users\DEVIKA~1\AppData\L...}, fedcm:accounts: true, goog:chromeOptions: {debuggerAddress: localhost:65252}, goog:processID: 9780, networkConnectionEnabled: false, pageLoadStrategy: normal, platformName: windows, proxy: Proxy(), se:cdp: ws://localhost:65252/devtoo..., se:cdpVersion: 149.0.7827.103, setWindowRect: true, strictFileInteractability: false, timeouts: {implicit: 0, pageLoad: 300000, script: 30000}, unhandledPromptBehavior: dismiss and notify, webauthn:extension:credBlob: true, webauthn:extension:largeBlob: true, webauthn:extension:minPinLength: true, webauthn:extension:prf: true, webauthn:virtualAuthenticators: true}
Session ID: 5cbf9dd79e8701c7e2ea1e1cd309ef57
2026-06-11 17:17:48 [main] ERROR ActionDriver - Unable to enter text: invalid session id
Build info: version: '4.44.0', revision: 'da2039b'
System info: os.name: 'Windows 11', os.arch: 'amd64', os.version: '10.0', java.version: '21.0.10'
Driver info: org.openqa.selenium.chrome.ChromeDriver
Command: [5cbf9dd79e8701c7e2ea1e1cd309ef57, findElement {value=//input[@placeholder='Password'], using=xpath}]
Capabilities {acceptInsecureCerts: false, browserName: chrome, browserVersion: 149.0.7827.103, chrome: {chromedriverVersion: 149.0.7827.55 (3188f8a607ae..., userDataDir: C:\Users\DEVIKA~1\AppData\L...}, fedcm:accounts: true, goog:chromeOptions: {debuggerAddress: localhost:65252}, goog:processID: 9780, networkConnectionEnabled: false, pageLoadStrategy: normal, platformName: windows, proxy: Proxy(), se:cdp: ws://localhost:65252/devtoo..., se:cdpVersion: 149.0.7827.103, setWindowRect: true, strictFileInteractability: false, timeouts: {implicit: 0, pageLoad: 300000, script: 30000}, unhandledPromptBehavior: dismiss and notify, webauthn:extension:credBlob: true, webauthn:extension:largeBlob: true, webauthn:extension:minPinLength: true, webauthn:extension:prf: true, webauthn:virtualAuthenticators: true}
Session ID: 5cbf9dd79e8701c7e2ea1e1cd309ef57
2026-06-11 17:17:48 [main] ERROR ActionDriver - Element description failed: invalid session id
Build info: version: '4.44.0', revision: 'da2039b'
System info: os.name: 'Windows 11', os.arch: 'amd64', os.version: '10.0', java.version: '21.0.10'
Driver info: org.openqa.selenium.chrome.ChromeDriver
Command: [5cbf9dd79e8701c7e2ea1e1cd309ef57, findElement {value=//button[normalize-space()='Login'], using=xpath}]
Capabilities {acceptInsecureCerts: false, browserName: chrome, browserVersion: 149.0.7827.103, chrome: {chromedriverVersion: 149.0.7827.55 (3188f8a607ae..., userDataDir: C:\Users\DEVIKA~1\AppData\L...}, fedcm:accounts: true, goog:chromeOptions: {debuggerAddress: localhost:65252}, goog:processID: 9780, networkConnectionEnabled: false, pageLoadStrategy: normal, platformName: windows, proxy: Proxy(), se:cdp: ws://localhost:65252/devtoo..., se:cdpVersion: 149.0.7827.103, setWindowRect: true, strictFileInteractability: false, timeouts: {implicit: 0, pageLoad: 300000, script: 30000}, unhandledPromptBehavior: dismiss and notify, webauthn:extension:credBlob: true, webauthn:extension:largeBlob: true, webauthn:extension:minPinLength: true, webauthn:extension:prf: true, webauthn:virtualAuthenticators: true}
Session ID: 5cbf9dd79e8701c7e2ea1e1cd309ef57
2026-06-11 17:17:48 [main] ERROR ActionDriver - Unable to click element: Unknown element | invalid session id
Build info: version: '4.44.0', revision: 'da2039b'
System info: os.name: 'Windows 11', os.arch: 'amd64', os.version: '10.0', java.version: '21.0.10'
Driver info: org.openqa.selenium.chrome.ChromeDriver
Command: [5cbf9dd79e8701c7e2ea1e1cd309ef57, findElement {value=//button[normalize-space()='Login'], using=xpath}]
Capabilities {acceptInsecureCerts: false, browserName: chrome, browserVersion: 149.0.7827.103, chrome: {chromedriverVersion: 149.0.7827.55 (3188f8a607ae..., userDataDir: C:\Users\DEVIKA~1\AppData\L...}, fedcm:accounts: true, goog:chromeOptions: {debuggerAddress: localhost:65252}, goog:processID: 9780, networkConnectionEnabled: false, pageLoadStrategy: normal, platformName: windows, proxy: Proxy(), se:cdp: ws://localhost:65252/devtoo..., se:cdpVersion: 149.0.7827.103, setWindowRect: true, strictFileInteractability: false, timeouts: {implicit: 0, pageLoad: 300000, script: 30000}, unhandledPromptBehavior: dismiss and notify, webauthn:extension:credBlob: true, webauthn:extension:largeBlob: true, webauthn:extension:minPinLength: true, webauthn:extension:prf: true, webauthn:virtualAuthenticators: true}
Session ID: 5cbf9dd79e8701c7e2ea1e1cd309ef57
2026-06-11 17:17:48 [main] ERROR ActionDriver - Element description failed: invalid session id
Build info: version: '4.44.0', revision: 'da2039b'
System info: os.name: 'Windows 11', os.arch: 'amd64', os.version: '10.0', java.version: '21.0.10'
Driver info: org.openqa.selenium.chrome.ChromeDriver
Command: [5cbf9dd79e8701c7e2ea1e1cd309ef57, findElement {value=//div[@class='oxd-brand-banner']//img, using=xpath}]
Capabilities {acceptInsecureCerts: false, browserName: chrome, browserVersion: 149.0.7827.103, chrome: {chromedriverVersion: 149.0.7827.55 (3188f8a607ae..., userDataDir: C:\Users\DEVIKA~1\AppData\L...}, fedcm:accounts: true, goog:chromeOptions: {debuggerAddress: localhost:65252}, goog:processID: 9780, networkConnectionEnabled: false, pageLoadStrategy: normal, platformName: windows, proxy: Proxy(), se:cdp: ws://localhost:65252/devtoo..., se:cdpVersion: 149.0.7827.103, setWindowRect: true, strictFileInteractability: false, timeouts: {implicit: 0, pageLoad: 300000, script: 30000}, unhandledPromptBehavior: dismiss and notify, webauthn:extension:credBlob: true, webauthn:extension:largeBlob: true, webauthn:extension:minPinLength: true, webauthn:extension:prf: true, webauthn:virtualAuthenticators: true}
Session ID: 5cbf9dd79e8701c7e2ea1e1cd309ef57
2026-06-11 17:26:29 [main] ERROR ActionDriver - Unable to enter text: Expected condition failed: waiting for visibility of element found by By.xpath: //input[@placeholder='Username'], but... org.openqa.selenium.NoSuchElementException: no such element: Unable to locate element: {"method":"xpath","selector":"//input[@placeholder='Username']"}.
(tried for 10 seconds with 500 milliseconds interval)
Build info: version: '4.44.0', revision: 'da2039b'
System info: os.name: 'Windows 11', os.arch: 'amd64', os.version: '10.0', java.version: '21.0.10'
Driver info: org.openqa.selenium.chrome.ChromeDriver
Capabilities {acceptInsecureCerts: false, browserName: chrome, browserVersion: 149.0.7827.103, chrome: {chromedriverVersion: 149.0.7827.55 (3188f8a607ae..., userDataDir: C:\Users\DEVIKA~1\AppData\L...}, fedcm:accounts: true, goog:chromeOptions: {debuggerAddress: localhost:62312}, goog:processID: 13380, networkConnectionEnabled: false, pageLoadStrategy: normal, platformName: windows, proxy: Proxy(), se:cdp: ws://localhost:62312/devtoo..., se:cdpVersion: 149.0.7827.103, setWindowRect: true, strictFileInteractability: false, timeouts: {implicit: 0, pageLoad: 300000, script: 30000}, unhandledPromptBehavior: dismiss and notify, webauthn:extension:credBlob: true, webauthn:extension:largeBlob: true, webauthn:extension:minPinLength: true, webauthn:extension:prf: true, webauthn:virtualAuthenticators: true}
Session ID: c8ae2cdb7c8b4d1c896094a2c3ab8309
2026-06-11 17:26:35 [main] ERROR ActionDriver - Unable to enter text: invalid session id: session deleted as the browser has closed the connection
from disconnected: unable to send message to renderer
  (Session info: chrome=149.0.7827.103)
Build info: version: '4.44.0', revision: 'da2039b'
System info: os.name: 'Windows 11', os.arch: 'amd64', os.version: '10.0', java.version: '21.0.10'
Driver info: org.openqa.selenium.chrome.ChromeDriver
Command: [c8ae2cdb7c8b4d1c896094a2c3ab8309, findElement {value=//input[@placeholder='Password'], using=xpath}]
Capabilities {acceptInsecureCerts: false, browserName: chrome, browserVersion: 149.0.7827.103, chrome: {chromedriverVersion: 149.0.7827.55 (3188f8a607ae..., userDataDir: C:\Users\DEVIKA~1\AppData\L...}, fedcm:accounts: true, goog:chromeOptions: {debuggerAddress: localhost:62312}, goog:processID: 13380, networkConnectionEnabled: false, pageLoadStrategy: normal, platformName: windows, proxy: Proxy(), se:cdp: ws://localhost:62312/devtoo..., se:cdpVersion: 149.0.7827.103, setWindowRect: true, strictFileInteractability: false, timeouts: {implicit: 0, pageLoad: 300000, script: 30000}, unhandledPromptBehavior: dismiss and notify, webauthn:extension:credBlob: true, webauthn:extension:largeBlob: true, webauthn:extension:minPinLength: true, webauthn:extension:prf: true, webauthn:virtualAuthenticators: true}
Session ID: c8ae2cdb7c8b4d1c896094a2c3ab8309
2026-06-11 17:26:35 [main] ERROR ActionDriver - Element description failed: invalid session id
Build info: version: '4.44.0', revision: 'da2039b'
System info: os.name: 'Windows 11', os.arch: 'amd64', os.version: '10.0', java.version: '21.0.10'
Driver info: org.openqa.selenium.chrome.ChromeDriver
Command: [c8ae2cdb7c8b4d1c896094a2c3ab8309, findElement {value=//button[normalize-space()='Login'], using=xpath}]
Capabilities {acceptInsecureCerts: false, browserName: chrome, browserVersion: 149.0.7827.103, chrome: {chromedriverVersion: 149.0.7827.55 (3188f8a607ae..., userDataDir: C:\Users\DEVIKA~1\AppData\L...}, fedcm:accounts: true, goog:chromeOptions: {debuggerAddress: localhost:62312}, goog:processID: 13380, networkConnectionEnabled: false, pageLoadStrategy: normal, platformName: windows, proxy: Proxy(), se:cdp: ws://localhost:62312/devtoo..., se:cdpVersion: 149.0.7827.103, setWindowRect: true, strictFileInteractability: false, timeouts: {implicit: 0, pageLoad: 300000, script: 30000}, unhandledPromptBehavior: dismiss and notify, webauthn:extension:credBlob: true, webauthn:extension:largeBlob: true, webauthn:extension:minPinLength: true, webauthn:extension:prf: true, webauthn:virtualAuthenticators: true}
Session ID: c8ae2cdb7c8b4d1c896094a2c3ab8309
2026-06-11 17:26:35 [main] ERROR ActionDriver - Unable to click element: Unknown element | invalid session id
Build info: version: '4.44.0', revision: 'da2039b'
System info: os.name: 'Windows 11', os.arch: 'amd64', os.version: '10.0', java.version: '21.0.10'
Driver info: org.openqa.selenium.chrome.ChromeDriver
Command: [c8ae2cdb7c8b4d1c896094a2c3ab8309, findElement {value=//button[normalize-space()='Login'], using=xpath}]
Capabilities {acceptInsecureCerts: false, browserName: chrome, browserVersion: 149.0.7827.103, chrome: {chromedriverVersion: 149.0.7827.55 (3188f8a607ae..., userDataDir: C:\Users\DEVIKA~1\AppData\L...}, fedcm:accounts: true, goog:chromeOptions: {debuggerAddress: localhost:62312}, goog:processID: 13380, networkConnectionEnabled: false, pageLoadStrategy: normal, platformName: windows, proxy: Proxy(), se:cdp: ws://localhost:62312/devtoo..., se:cdpVersion: 149.0.7827.103, setWindowRect: true, strictFileInteractability: false, timeouts: {implicit: 0, pageLoad: 300000, script: 30000}, unhandledPromptBehavior: dismiss and notify, webauthn:extension:credBlob: true, webauthn:extension:largeBlob: true, webauthn:extension:minPinLength: true, webauthn:extension:prf: true, webauthn:virtualAuthenticators: true}
Session ID: c8ae2cdb7c8b4d1c896094a2c3ab8309
2026-06-11 17:26:35 [main] ERROR ActionDriver - Element description failed: invalid session id
Build info: version: '4.44.0', revision: 'da2039b'
System info: os.name: 'Windows 11', os.arch: 'amd64', os.version: '10.0', java.version: '21.0.10'
Driver info: org.openqa.selenium.chrome.ChromeDriver
Command: [c8ae2cdb7c8b4d1c896094a2c3ab8309, findElement {value=//div[@class='oxd-brand-banner']//img, using=xpath}]
Capabilities {acceptInsecureCerts: false, browserName: chrome, browserVersion: 149.0.7827.103, chrome: {chromedriverVersion: 149.0.7827.55 (3188f8a607ae..., userDataDir: C:\Users\DEVIKA~1\AppData\L...}, fedcm:accounts: true, goog:chromeOptions: {debuggerAddress: localhost:62312}, goog:processID: 13380, networkConnectionEnabled: false, pageLoadStrategy: normal, platformName: windows, proxy: Proxy(), se:cdp: ws://localhost:62312/devtoo..., se:cdpVersion: 149.0.7827.103, setWindowRect: true, strictFileInteractability: false, timeouts: {implicit: 0, pageLoad: 300000, script: 30000}, unhandledPromptBehavior: dismiss and notify, webauthn:extension:credBlob: true, webauthn:extension:largeBlob: true, webauthn:extension:minPinLength: true, webauthn:extension:prf: true, webauthn:virtualAuthenticators: true}
Session ID: c8ae2cdb7c8b4d1c896094a2c3ab8309
2026-06-11 17:26:36 [main] ERROR Baseclass - Test FAILED: verifyOrangeHRMLogo
2026-06-11 17:31:53 [main] ERROR ActionDriver - Unable to enter text: Expected condition failed: waiting for visibility of element found by By.xpath: //input[@placeholder='Username']
(tried for 10 seconds with 500 milliseconds interval)
2026-06-11 17:32:04 [main] ERROR ActionDriver - Unable to enter text: Expected condition failed: waiting for visibility of element found by By.xpath: //input[@placeholder='Password']
(tried for 10 seconds with 500 milliseconds interval)
2026-06-11 17:32:04 [main] ERROR ActionDriver - Element description failed: no such window: target window already closed
from unknown error: web view not found
  (Session info: chrome=149.0.7827.103)
Build info: version: '4.44.0', revision: 'da2039b'
System info: os.name: 'Windows 11', os.arch: 'amd64', os.version: '10.0', java.version: '21.0.10'
Driver info: org.openqa.selenium.chrome.ChromeDriver
Command: [39255cf61a33d08360eb71ee960fb2c5, findElement {value=//button[normalize-space()='Login'], using=xpath}]
Capabilities {acceptInsecureCerts: false, browserName: chrome, browserVersion: 149.0.7827.103, chrome: {chromedriverVersion: 149.0.7827.55 (3188f8a607ae..., userDataDir: C:\Users\DEVIKA~1\AppData\L...}, fedcm:accounts: true, goog:chromeOptions: {debuggerAddress: localhost:52593}, goog:processID: 21860, networkConnectionEnabled: false, pageLoadStrategy: normal, platformName: windows, proxy: Proxy(), se:cdp: ws://localhost:52593/devtoo..., se:cdpVersion: 149.0.7827.103, setWindowRect: true, strictFileInteractability: false, timeouts: {implicit: 0, pageLoad: 300000, script: 30000}, unhandledPromptBehavior: dismiss and notify, webauthn:extension:credBlob: true, webauthn:extension:largeBlob: true, webauthn:extension:minPinLength: true, webauthn:extension:prf: true, webauthn:virtualAuthenticators: true}
Session ID: 39255cf61a33d08360eb71ee960fb2c5
2026-06-11 17:39:09 [main] ERROR ActionDriver - Compare text failed: Expected condition failed: waiting for visibility of element found by By.xpath: //p[contains(text(),'Invalid credentials')], but... org.openqa.selenium.NoSuchElementException: no such element: Unable to locate element: {"method":"xpath","selector":"//p[contains(text(),'Invalid credentials')]"}.
(tried for 10 seconds with 500 milliseconds interval)
Build info: version: '4.44.0', revision: 'da2039b'
System info: os.name: 'Windows 11', os.arch: 'amd64', os.version: '10.0', java.version: '21.0.10'
Driver info: org.openqa.selenium.chrome.ChromeDriver
Capabilities {acceptInsecureCerts: false, browserName: chrome, browserVersion: 149.0.7827.103, chrome: {chromedriverVersion: 149.0.7827.55 (3188f8a607ae..., userDataDir: C:\Users\DEVIKA~1\AppData\L...}, fedcm:accounts: true, goog:chromeOptions: {debuggerAddress: localhost:62176}, goog:processID: 14572, networkConnectionEnabled: false, pageLoadStrategy: normal, platformName: windows, proxy: Proxy(), se:cdp: ws://localhost:62176/devtoo..., se:cdpVersion: 149.0.7827.103, setWindowRect: true, strictFileInteractability: false, timeouts: {implicit: 0, pageLoad: 300000, script: 30000}, unhandledPromptBehavior: dismiss and notify, webauthn:extension:credBlob: true, webauthn:extension:largeBlob: true, webauthn:extension:minPinLength: true, webauthn:extension:prf: true, webauthn:virtualAuthenticators: true}
Session ID: 7ab12c4e6fe8dd6a08ead22de5e2bbfb
2026-06-11 17:39:11 [main] ERROR Baseclass - Test FAILED: invalidLoginTest
2026-06-11 17:40:23 [main] ERROR ActionDriver - Unable to enter text: Expected condition failed: waiting for visibility of element found by By.xpath: //input[@placeholder='Username'], but... org.openqa.selenium.NoSuchElementException: Unable to find element with locator By.xpath: //input[@placeholder='Username'].
(tried for 10 seconds with 500 milliseconds interval)
Build info: version: '4.44.0', revision: 'da2039b'
System info: os.name: 'Windows 11', os.arch: 'amd64', os.version: '10.0', java.version: '21.0.10'
Driver info: org.openqa.selenium.chrome.ChromeDriver
Capabilities {acceptInsecureCerts: false, browserName: chrome, browserVersion: 149.0.7827.103, chrome: {chromedriverVersion: 149.0.7827.55 (3188f8a607ae..., userDataDir: C:\Users\DEVIKA~1\AppData\L...}, fedcm:accounts: true, goog:chromeOptions: {debuggerAddress: localhost:64174}, goog:processID: 18480, networkConnectionEnabled: false, pageLoadStrategy: normal, platformName: windows, proxy: Proxy(), se:cdp: ws://localhost:64174/devtoo..., se:cdpVersion: 149.0.7827.103, setWindowRect: true, strictFileInteractability: false, timeouts: {implicit: 0, pageLoad: 300000, script: 30000}, unhandledPromptBehavior: dismiss and notify, webauthn:extension:credBlob: true, webauthn:extension:largeBlob: true, webauthn:extension:minPinLength: true, webauthn:extension:prf: true, webauthn:virtualAuthenticators: true}
Session ID: c93c141db91b500681271b061114603d
2026-06-11 17:40:33 [main] ERROR ActionDriver - Unable to enter text: Expected condition failed: waiting for visibility of element found by By.xpath: //input[@placeholder='Password']
(tried for 10 seconds with 500 milliseconds interval)
2026-06-11 17:40:33 [main] ERROR ActionDriver - Element description failed: no such window: target window already closed
from unknown error: web view not found
  (Session info: chrome=149.0.7827.103)
Build info: version: '4.44.0', revision: 'da2039b'
System info: os.name: 'Windows 11', os.arch: 'amd64', os.version: '10.0', java.version: '21.0.10'
Driver info: org.openqa.selenium.chrome.ChromeDriver
Command: [c93c141db91b500681271b061114603d, findElement {using=xpath, value=//button[normalize-space()='Login']}]
Capabilities {acceptInsecureCerts: false, browserName: chrome, browserVersion: 149.0.7827.103, chrome: {chromedriverVersion: 149.0.7827.55 (3188f8a607ae..., userDataDir: C:\Users\DEVIKA~1\AppData\L...}, fedcm:accounts: true, goog:chromeOptions: {debuggerAddress: localhost:64174}, goog:processID: 18480, networkConnectionEnabled: false, pageLoadStrategy: normal, platformName: windows, proxy: Proxy(), se:cdp: ws://localhost:64174/devtoo..., se:cdpVersion: 149.0.7827.103, setWindowRect: true, strictFileInteractability: false, timeouts: {implicit: 0, pageLoad: 300000, script: 30000}, unhandledPromptBehavior: dismiss and notify, webauthn:extension:credBlob: true, webauthn:extension:largeBlob: true, webauthn:extension:minPinLength: true, webauthn:extension:prf: true, webauthn:virtualAuthenticators: true}
Session ID: c93c141db91b500681271b061114603d
2026-06-11 17:40:43 [main] ERROR ActionDriver - Unable to click element: Unknown element | Expected condition failed: waiting for element found by By.xpath: //button[normalize-space()='Login'] to be clickable, but the element null.
(tried for 10 seconds with 500 milliseconds interval)
2026-06-11 17:40:53 [main] ERROR ActionDriver - Element description failed: no such window: target window already closed
from unknown error: web view not found
  (Session info: chrome=149.0.7827.103)
Build info: version: '4.44.0', revision: 'da2039b'
System info: os.name: 'Windows 11', os.arch: 'amd64', os.version: '10.0', java.version: '21.0.10'
Driver info: org.openqa.selenium.chrome.ChromeDriver
Command: [c93c141db91b500681271b061114603d, findElement {using=xpath, value=//span[normalize-space()='Admin']}]
Capabilities {acceptInsecureCerts: false, browserName: chrome, browserVersion: 149.0.7827.103, chrome: {chromedriverVersion: 149.0.7827.55 (3188f8a607ae..., userDataDir: C:\Users\DEVIKA~1\AppData\L...}, fedcm:accounts: true, goog:chromeOptions: {debuggerAddress: localhost:64174}, goog:processID: 18480, networkConnectionEnabled: false, pageLoadStrategy: normal, platformName: windows, proxy: Proxy(), se:cdp: ws://localhost:64174/devtoo..., se:cdpVersion: 149.0.7827.103, setWindowRect: true, strictFileInteractability: false, timeouts: {implicit: 0, pageLoad: 300000, script: 30000}, unhandledPromptBehavior: dismiss and notify, webauthn:extension:credBlob: true, webauthn:extension:largeBlob: true, webauthn:extension:minPinLength: true, webauthn:extension:prf: true, webauthn:virtualAuthenticators: true}
Session ID: c93c141db91b500681271b061114603d
2026-06-11 17:40:55 [main] ERROR Baseclass - Test FAILED: verifyValidLoginTest
2026-06-11 17:41:13 [main] ERROR ActionDriver - Unable to enter text: invalid session id: session deleted as the browser has closed the connection
from disconnected: unable to send message to renderer
  (Session info: chrome=149.0.7827.103)
Build info: version: '4.44.0', revision: 'da2039b'
System info: os.name: 'Windows 11', os.arch: 'amd64', os.version: '10.0', java.version: '21.0.10'
Driver info: org.openqa.selenium.chrome.ChromeDriver
Command: [008daeb55b81fc9c37de631e61c4f9b2, findElement {using=xpath, value=//input[@placeholder='Username']}]
Capabilities {acceptInsecureCerts: false, browserName: chrome, browserVersion: 149.0.7827.103, chrome: {chromedriverVersion: 149.0.7827.55 (3188f8a607ae..., userDataDir: C:\Users\DEVIKA~1\AppData\L...}, fedcm:accounts: true, goog:chromeOptions: {debuggerAddress: localhost:64944}, goog:processID: 13244, networkConnectionEnabled: false, pageLoadStrategy: normal, platformName: windows, proxy: Proxy(), se:cdp: ws://localhost:64944/devtoo..., se:cdpVersion: 149.0.7827.103, setWindowRect: true, strictFileInteractability: false, timeouts: {implicit: 0, pageLoad: 300000, script: 30000}, unhandledPromptBehavior: dismiss and notify, webauthn:extension:credBlob: true, webauthn:extension:largeBlob: true, webauthn:extension:minPinLength: true, webauthn:extension:prf: true, webauthn:virtualAuthenticators: true}
Session ID: 008daeb55b81fc9c37de631e61c4f9b2
2026-06-11 17:41:13 [main] ERROR ActionDriver - Unable to enter text: invalid session id
Build info: version: '4.44.0', revision: 'da2039b'
System info: os.name: 'Windows 11', os.arch: 'amd64', os.version: '10.0', java.version: '21.0.10'
Driver info: org.openqa.selenium.chrome.ChromeDriver
Command: [008daeb55b81fc9c37de631e61c4f9b2, findElement {using=xpath, value=//input[@placeholder='Password']}]
Capabilities {acceptInsecureCerts: false, browserName: chrome, browserVersion: 149.0.7827.103, chrome: {chromedriverVersion: 149.0.7827.55 (3188f8a607ae..., userDataDir: C:\Users\DEVIKA~1\AppData\L...}, fedcm:accounts: true, goog:chromeOptions: {debuggerAddress: localhost:64944}, goog:processID: 13244, networkConnectionEnabled: false, pageLoadStrategy: normal, platformName: windows, proxy: Proxy(), se:cdp: ws://localhost:64944/devtoo..., se:cdpVersion: 149.0.7827.103, setWindowRect: true, strictFileInteractability: false, timeouts: {implicit: 0, pageLoad: 300000, script: 30000}, unhandledPromptBehavior: dismiss and notify, webauthn:extension:credBlob: true, webauthn:extension:largeBlob: true, webauthn:extension:minPinLength: true, webauthn:extension:prf: true, webauthn:virtualAuthenticators: true}
Session ID: 008daeb55b81fc9c37de631e61c4f9b2
2026-06-11 17:41:13 [main] ERROR ActionDriver - Element description failed: invalid session id
Build info: version: '4.44.0', revision: 'da2039b'
System info: os.name: 'Windows 11', os.arch: 'amd64', os.version: '10.0', java.version: '21.0.10'
Driver info: org.openqa.selenium.chrome.ChromeDriver
Command: [008daeb55b81fc9c37de631e61c4f9b2, findElement {using=xpath, value=//button[normalize-space()='Login']}]
Capabilities {acceptInsecureCerts: false, browserName: chrome, browserVersion: 149.0.7827.103, chrome: {chromedriverVersion: 149.0.7827.55 (3188f8a607ae..., userDataDir: C:\Users\DEVIKA~1\AppData\L...}, fedcm:accounts: true, goog:chromeOptions: {debuggerAddress: localhost:64944}, goog:processID: 13244, networkConnectionEnabled: false, pageLoadStrategy: normal, platformName: windows, proxy: Proxy(), se:cdp: ws://localhost:64944/devtoo..., se:cdpVersion: 149.0.7827.103, setWindowRect: true, strictFileInteractability: false, timeouts: {implicit: 0, pageLoad: 300000, script: 30000}, unhandledPromptBehavior: dismiss and notify, webauthn:extension:credBlob: true, webauthn:extension:largeBlob: true, webauthn:extension:minPinLength: true, webauthn:extension:prf: true, webauthn:virtualAuthenticators: true}
Session ID: 008daeb55b81fc9c37de631e61c4f9b2
2026-06-11 17:41:13 [main] ERROR ActionDriver - Unable to click element: Unknown element | invalid session id
Build info: version: '4.44.0', revision: 'da2039b'
System info: os.name: 'Windows 11', os.arch: 'amd64', os.version: '10.0', java.version: '21.0.10'
Driver info: org.openqa.selenium.chrome.ChromeDriver
Command: [008daeb55b81fc9c37de631e61c4f9b2, findElement {using=xpath, value=//button[normalize-space()='Login']}]
Capabilities {acceptInsecureCerts: false, browserName: chrome, browserVersion: 149.0.7827.103, chrome: {chromedriverVersion: 149.0.7827.55 (3188f8a607ae..., userDataDir: C:\Users\DEVIKA~1\AppData\L...}, fedcm:accounts: true, goog:chromeOptions: {debuggerAddress: localhost:64944}, goog:processID: 13244, networkConnectionEnabled: false, pageLoadStrategy: normal, platformName: windows, proxy: Proxy(), se:cdp: ws://localhost:64944/devtoo..., se:cdpVersion: 149.0.7827.103, setWindowRect: true, strictFileInteractability: false, timeouts: {implicit: 0, pageLoad: 300000, script: 30000}, unhandledPromptBehavior: dismiss and notify, webauthn:extension:credBlob: true, webauthn:extension:largeBlob: true, webauthn:extension:minPinLength: true, webauthn:extension:prf: true, webauthn:virtualAuthenticators: true}
Session ID: 008daeb55b81fc9c37de631e61c4f9b2
2026-06-11 17:41:13 [main] ERROR ActionDriver - Element description failed: invalid session id
Build info: version: '4.44.0', revision: 'da2039b'
System info: os.name: 'Windows 11', os.arch: 'amd64', os.version: '10.0', java.version: '21.0.10'
Driver info: org.openqa.selenium.chrome.ChromeDriver
Command: [008daeb55b81fc9c37de631e61c4f9b2, findElement {using=xpath, value=//div[@class='oxd-brand-banner']//img}]
Capabilities {acceptInsecureCerts: false, browserName: chrome, browserVersion: 149.0.7827.103, chrome: {chromedriverVersion: 149.0.7827.55 (3188f8a607ae..., userDataDir: C:\Users\DEVIKA~1\AppData\L...}, fedcm:accounts: true, goog:chromeOptions: {debuggerAddress: localhost:64944}, goog:processID: 13244, networkConnectionEnabled: false, pageLoadStrategy: normal, platformName: windows, proxy: Proxy(), se:cdp: ws://localhost:64944/devtoo..., se:cdpVersion: 149.0.7827.103, setWindowRect: true, strictFileInteractability: false, timeouts: {implicit: 0, pageLoad: 300000, script: 30000}, unhandledPromptBehavior: dismiss and notify, webauthn:extension:credBlob: true, webauthn:extension:largeBlob: true, webauthn:extension:minPinLength: true, webauthn:extension:prf: true, webauthn:virtualAuthenticators: true}
Session ID: 008daeb55b81fc9c37de631e61c4f9b2
2026-06-11 17:41:14 [main] ERROR Baseclass - Test FAILED: verifyOrangeHRMLogo
2026-06-11 20:41:53 [TestNG-tests-2] ERROR ActionDriver - Element is not visible:Expected condition failed: waiting for visibility of element found by By.name: username, but... org.openqa.selenium.NoSuchElementException: no such element: Unable to locate element: {"method":"css selector","selector":"*[name='username']"}.
(tried for 10 seconds with 500 milliseconds interval)
Build info: version: '4.44.0', revision: 'da2039b'
System info: os.name: 'Windows 11', os.arch: 'amd64', os.version: '10.0', java.version: '21.0.10'
Driver info: org.openqa.selenium.edge.EdgeDriver
Capabilities {acceptInsecureCerts: false, browserName: MicrosoftEdge, browserVersion: 149.0.4022.62, fedcm:accounts: true, goog:processID: 28200, ms:edgeOptions: {debuggerAddress: localhost:62656}, msedge: {msedgedriverVersion: 149.0.4022.62 (068a180137b0..., userDataDir: C:\Users\DEVIKA~1\AppData\L...}, networkConnectionEnabled: false, pageLoadStrategy: normal, platformName: windows, proxy: Proxy(), se:cdp: ws://localhost:62656/devtoo..., se:cdpVersion: 149.0.4022.62, setWindowRect: true, strictFileInteractability: false, timeouts: {implicit: 0, pageLoad: 300000, script: 30000}, unhandledPromptBehavior: dismiss and notify, webauthn:extension:credBlob: true, webauthn:extension:largeBlob: true, webauthn:extension:minPinLength: true, webauthn:extension:prf: true, webauthn:virtualAuthenticators: true}
Session ID: f83dca3f376db313a765612c4f56ca00
2026-06-11 20:42:44 [TestNG-tests-2] ERROR ActionDriver - Unable to enter the value:no such element: Unable to locate element: {"method":"css selector","selector":"*[name='username']"}
  (Session info: MicrosoftEdge=149.0.4022.62)
For documentation on this error, please visit: https://www.selenium.dev/documentation/webdriver/troubleshooting/errors#nosuchelementexception
Build info: version: '4.44.0', revision: 'da2039b'
System info: os.name: 'Windows 11', os.arch: 'amd64', os.version: '10.0', java.version: '21.0.10'
Driver info: org.openqa.selenium.edge.EdgeDriver
Command: [f83dca3f376db313a765612c4f56ca00, findElement {value=username, using=name}]
Capabilities {acceptInsecureCerts: false, browserName: MicrosoftEdge, browserVersion: 149.0.4022.62, fedcm:accounts: true, goog:processID: 28200, ms:edgeOptions: {debuggerAddress: localhost:62656}, msedge: {msedgedriverVersion: 149.0.4022.62 (068a180137b0..., userDataDir: C:\Users\DEVIKA~1\AppData\L...}, networkConnectionEnabled: false, pageLoadStrategy: normal, platformName: windows, proxy: Proxy(), se:cdp: ws://localhost:62656/devtoo..., se:cdpVersion: 149.0.4022.62, setWindowRect: true, strictFileInteractability: false, timeouts: {implicit: 0, pageLoad: 300000, script: 30000}, unhandledPromptBehavior: dismiss and notify, webauthn:extension:credBlob: true, webauthn:extension:largeBlob: true, webauthn:extension:minPinLength: true, webauthn:extension:prf: true, webauthn:virtualAuthenticators: true}
Session ID: f83dca3f376db313a765612c4f56ca00
2026-06-11 20:42:54 [TestNG-tests-2] ERROR ActionDriver - Element is not visible:Expected condition failed: waiting for visibility of element found by By.cssSelector: input[type='password'], but... org.openqa.selenium.NoSuchElementException: no such element: Unable to locate element: {"method":"css selector","selector":"input[type='password']"}.
(tried for 10 seconds with 500 milliseconds interval)
Build info: version: '4.44.0', revision: 'da2039b'
System info: os.name: 'Windows 11', os.arch: 'amd64', os.version: '10.0', java.version: '21.0.10'
Driver info: org.openqa.selenium.edge.EdgeDriver
Capabilities {acceptInsecureCerts: false, browserName: MicrosoftEdge, browserVersion: 149.0.4022.62, fedcm:accounts: true, goog:processID: 28200, ms:edgeOptions: {debuggerAddress: localhost:62656}, msedge: {msedgedriverVersion: 149.0.4022.62 (068a180137b0..., userDataDir: C:\Users\DEVIKA~1\AppData\L...}, networkConnectionEnabled: false, pageLoadStrategy: normal, platformName: windows, proxy: Proxy(), se:cdp: ws://localhost:62656/devtoo..., se:cdpVersion: 149.0.4022.62, setWindowRect: true, strictFileInteractability: false, timeouts: {implicit: 0, pageLoad: 300000, script: 30000}, unhandledPromptBehavior: dismiss and notify, webauthn:extension:credBlob: true, webauthn:extension:largeBlob: true, webauthn:extension:minPinLength: true, webauthn:extension:prf: true, webauthn:virtualAuthenticators: true}
Session ID: f83dca3f376db313a765612c4f56ca00
2026-06-11 20:43:44 [TestNG-tests-2] ERROR ActionDriver - Unable to enter the value:no such element: Unable to locate element: {"method":"css selector","selector":"input[type='password']"}
  (Session info: MicrosoftEdge=149.0.4022.62)
For documentation on this error, please visit: https://www.selenium.dev/documentation/webdriver/troubleshooting/errors#nosuchelementexception
Build info: version: '4.44.0', revision: 'da2039b'
System info: os.name: 'Windows 11', os.arch: 'amd64', os.version: '10.0', java.version: '21.0.10'
Driver info: org.openqa.selenium.edge.EdgeDriver
Command: [f83dca3f376db313a765612c4f56ca00, findElement {value=input[type='password'], using=css selector}]
Capabilities {acceptInsecureCerts: false, browserName: MicrosoftEdge, browserVersion: 149.0.4022.62, fedcm:accounts: true, goog:processID: 28200, ms:edgeOptions: {debuggerAddress: localhost:62656}, msedge: {msedgedriverVersion: 149.0.4022.62 (068a180137b0..., userDataDir: C:\Users\DEVIKA~1\AppData\L...}, networkConnectionEnabled: false, pageLoadStrategy: normal, platformName: windows, proxy: Proxy(), se:cdp: ws://localhost:62656/devtoo..., se:cdpVersion: 149.0.4022.62, setWindowRect: true, strictFileInteractability: false, timeouts: {implicit: 0, pageLoad: 300000, script: 30000}, unhandledPromptBehavior: dismiss and notify, webauthn:extension:credBlob: true, webauthn:extension:largeBlob: true, webauthn:extension:minPinLength: true, webauthn:extension:prf: true, webauthn:virtualAuthenticators: true}
Session ID: f83dca3f376db313a765612c4f56ca00
2026-06-12 08:36:16 [TestNG-tests-1] ERROR ActionDriver - element is not clickable: invalid session id
Build info: version: '4.44.0', revision: 'da2039b'
System info: os.name: 'Windows 11', os.arch: 'amd64', os.version: '10.0', java.version: '21.0.10'
Driver info: org.openqa.selenium.chrome.ChromeDriver
Command: [fd8bf24549d3a678593e5519d5620e66, findElement {value=//button[normalize-space()=' Login '], using=xpath}]
Capabilities {acceptInsecureCerts: false, browserName: chrome, browserVersion: 149.0.7827.103, chrome: {chromedriverVersion: 149.0.7827.115 (daf70f9ddee..., userDataDir: C:\Users\DEVIKA~1\AppData\L...}, fedcm:accounts: true, goog:chromeOptions: {debuggerAddress: localhost:55004}, goog:processID: 4508, networkConnectionEnabled: false, pageLoadStrategy: normal, platformName: windows, proxy: Proxy(), se:cdp: ws://localhost:55004/devtoo..., se:cdpVersion: 149.0.7827.103, setWindowRect: true, strictFileInteractability: false, timeouts: {implicit: 0, pageLoad: 300000, script: 30000}, unhandledPromptBehavior: dismiss and notify, webauthn:extension:credBlob: true, webauthn:extension:largeBlob: true, webauthn:extension:minPinLength: true, webauthn:extension:prf: true, webauthn:virtualAuthenticators: true}
Session ID: fd8bf24549d3a678593e5519d5620e66
2026-06-12 08:36:34 [TestNG-tests-2] ERROR ActionDriver - element is not clickable: Expected condition failed: waiting for element found by By.xpath: //button[normalize-space()=' Login '] to be clickable, but the element was not found: org.openqa.selenium.NoSuchElementException: no such element: Unable to locate element: {"method":"xpath","selector":"//button[normalize-space()=' Login ']"}.
(tried for 10 seconds with 500 milliseconds interval)
Build info: version: '4.44.0', revision: 'da2039b'
System info: os.name: 'Windows 11', os.arch: 'amd64', os.version: '10.0', java.version: '21.0.10'
Driver info: org.openqa.selenium.edge.EdgeDriver
Capabilities {acceptInsecureCerts: false, browserName: MicrosoftEdge, browserVersion: 149.0.4022.62, fedcm:accounts: true, goog:processID: 15968, ms:edgeOptions: {debuggerAddress: localhost:50755}, msedge: {msedgedriverVersion: 149.0.4022.62 (068a180137b0..., userDataDir: C:\Users\DEVIKA~1\AppData\L...}, networkConnectionEnabled: false, pageLoadStrategy: normal, platformName: windows, proxy: Proxy(), se:cdp: ws://localhost:50755/devtoo..., se:cdpVersion: 149.0.4022.62, setWindowRect: true, strictFileInteractability: false, timeouts: {implicit: 0, pageLoad: 300000, script: 30000}, unhandledPromptBehavior: dismiss and notify, webauthn:extension:credBlob: true, webauthn:extension:largeBlob: true, webauthn:extension:minPinLength: true, webauthn:extension:prf: true, webauthn:virtualAuthenticators: true}
Session ID: 15e80cbbe8fa8b165d8ba10299e4327b
2026-06-12 08:38:56 [TestNG-tests-1] ERROR ActionDriver - element is not clickable: invalid selector: Unable to locate an element with the xpath expression //text()=' Login '] because of the following error:
SyntaxError: Failed to execute 'evaluate' on 'Document': The string '//text()=' Login ']' is not a valid XPath expression.
  (Session info: chrome=149.0.7827.103)
For documentation on this error, please visit: https://www.selenium.dev/documentation/webdriver/troubleshooting/errors#invalidselectorexception
Build info: version: '4.44.0', revision: 'da2039b'
System info: os.name: 'Windows 11', os.arch: 'amd64', os.version: '10.0', java.version: '21.0.10'
Driver info: org.openqa.selenium.chrome.ChromeDriver
Command: [d086e4128b365e0fba2860efd7ced22c, findElement {using=xpath, value=//text()=' Login ']}]
Capabilities {acceptInsecureCerts: false, browserName: chrome, browserVersion: 149.0.7827.103, chrome: {chromedriverVersion: 149.0.7827.115 (daf70f9ddee..., userDataDir: C:\Users\DEVIKA~1\AppData\L...}, fedcm:accounts: true, goog:chromeOptions: {debuggerAddress: localhost:62651}, goog:processID: 17980, networkConnectionEnabled: false, pageLoadStrategy: normal, platformName: windows, proxy: Proxy(), se:cdp: ws://localhost:62651/devtoo..., se:cdpVersion: 149.0.7827.103, setWindowRect: true, strictFileInteractability: false, timeouts: {implicit: 0, pageLoad: 300000, script: 30000}, unhandledPromptBehavior: dismiss and notify, webauthn:extension:credBlob: true, webauthn:extension:largeBlob: true, webauthn:extension:minPinLength: true, webauthn:extension:prf: true, webauthn:virtualAuthenticators: true}
Session ID: d086e4128b365e0fba2860efd7ced22c
2026-06-12 08:39:01 [TestNG-tests-2] ERROR ActionDriver - element is not clickable: invalid selector: Unable to locate an element with the xpath expression //text()=' Login '] because of the following error:
SyntaxError: Failed to execute 'evaluate' on 'Document': The string '//text()=' Login ']' is not a valid XPath expression.
  (Session info: MicrosoftEdge=149.0.4022.62)
For documentation on this error, please visit: https://www.selenium.dev/documentation/webdriver/troubleshooting/errors#invalidselectorexception
Build info: version: '4.44.0', revision: 'da2039b'
System info: os.name: 'Windows 11', os.arch: 'amd64', os.version: '10.0', java.version: '21.0.10'
Driver info: org.openqa.selenium.edge.EdgeDriver
Command: [c041fab0b4a2043c0b1b21b9f9fb75fd, findElement {using=xpath, value=//text()=' Login ']}]
Capabilities {acceptInsecureCerts: false, browserName: MicrosoftEdge, browserVersion: 149.0.4022.62, fedcm:accounts: true, goog:processID: 9652, ms:edgeOptions: {debuggerAddress: localhost:55538}, msedge: {msedgedriverVersion: 149.0.4022.62 (068a180137b0..., userDataDir: C:\Users\DEVIKA~1\AppData\L...}, networkConnectionEnabled: false, pageLoadStrategy: normal, platformName: windows, proxy: Proxy(), se:cdp: ws://localhost:55538/devtoo..., se:cdpVersion: 149.0.4022.62, setWindowRect: true, strictFileInteractability: false, timeouts: {implicit: 0, pageLoad: 300000, script: 30000}, unhandledPromptBehavior: dismiss and notify, webauthn:extension:credBlob: true, webauthn:extension:largeBlob: true, webauthn:extension:minPinLength: true, webauthn:extension:prf: true, webauthn:virtualAuthenticators: true}
Session ID: c041fab0b4a2043c0b1b21b9f9fb75fd
2026-06-12 09:12:38 [TestNG-tests-2] ERROR ActionDriver - element is not clickable: invalid selector: Unable to locate an element with the xpath expression //button[normalize-spacet()=' Login '] because of the following error:
SyntaxError: Failed to execute 'evaluate' on 'Document': The string '//button[normalize-spacet()=' Login ']' is not a valid XPath expression.
  (Session info: MicrosoftEdge=149.0.4022.62)
For documentation on this error, please visit: https://www.selenium.dev/documentation/webdriver/troubleshooting/errors#invalidselectorexception
Build info: version: '4.44.0', revision: 'da2039b'
System info: os.name: 'Windows 11', os.arch: 'amd64', os.version: '10.0', java.version: '21.0.10'
Driver info: org.openqa.selenium.edge.EdgeDriver
Command: [04d850774e5dab7dd6afb97d1edff3dc, findElement {using=xpath, value=//button[normalize-spacet()=' Login ']}]
Capabilities {acceptInsecureCerts: false, browserName: MicrosoftEdge, browserVersion: 149.0.4022.62, fedcm:accounts: true, goog:processID: 15480, ms:edgeOptions: {debuggerAddress: localhost:57333}, msedge: {msedgedriverVersion: 149.0.4022.62 (068a180137b0..., userDataDir: C:\Users\DEVIKA~1\AppData\L...}, networkConnectionEnabled: false, pageLoadStrategy: normal, platformName: windows, proxy: Proxy(), se:cdp: ws://localhost:57333/devtoo..., se:cdpVersion: 149.0.4022.62, setWindowRect: true, strictFileInteractability: false, timeouts: {implicit: 0, pageLoad: 300000, script: 30000}, unhandledPromptBehavior: dismiss and notify, webauthn:extension:credBlob: true, webauthn:extension:largeBlob: true, webauthn:extension:minPinLength: true, webauthn:extension:prf: true, webauthn:virtualAuthenticators: true}
Session ID: 04d850774e5dab7dd6afb97d1edff3dc
2026-06-12 09:12:41 [TestNG-tests-1] ERROR ActionDriver - element is not clickable: invalid selector: Unable to locate an element with the xpath expression //button[normalize-spacet()=' Login '] because of the following error:
SyntaxError: Failed to execute 'evaluate' on 'Document': The string '//button[normalize-spacet()=' Login ']' is not a valid XPath expression.
  (Session info: chrome=149.0.7827.103)
For documentation on this error, please visit: https://www.selenium.dev/documentation/webdriver/troubleshooting/errors#invalidselectorexception
Build info: version: '4.44.0', revision: 'da2039b'
System info: os.name: 'Windows 11', os.arch: 'amd64', os.version: '10.0', java.version: '21.0.10'
Driver info: org.openqa.selenium.chrome.ChromeDriver
Command: [2dd8d8ceb55ecbf7a1ebf374cfc826fa, findElement {using=xpath, value=//button[normalize-spacet()=' Login ']}]
Capabilities {acceptInsecureCerts: false, browserName: chrome, browserVersion: 149.0.7827.103, chrome: {chromedriverVersion: 149.0.7827.115 (daf70f9ddee..., userDataDir: C:\Users\DEVIKA~1\AppData\L...}, fedcm:accounts: true, goog:chromeOptions: {debuggerAddress: localhost:57334}, goog:processID: 25384, networkConnectionEnabled: false, pageLoadStrategy: normal, platformName: windows, proxy: Proxy(), se:cdp: ws://localhost:57334/devtoo..., se:cdpVersion: 149.0.7827.103, setWindowRect: true, strictFileInteractability: false, timeouts: {implicit: 0, pageLoad: 300000, script: 30000}, unhandledPromptBehavior: dismiss and notify, webauthn:extension:credBlob: true, webauthn:extension:largeBlob: true, webauthn:extension:minPinLength: true, webauthn:extension:prf: true, webauthn:virtualAuthenticators: true}
Session ID: 2dd8d8ceb55ecbf7a1ebf374cfc826fa
2026-06-12 09:12:50 [TestNG-tests-2] ERROR ActionDriver - element is not clickable: invalid selector: Unable to locate an element with the xpath expression //button[normalize-spacet()=' Login '] because of the following error:
SyntaxError: Failed to execute 'evaluate' on 'Document': The string '//button[normalize-spacet()=' Login ']' is not a valid XPath expression.
  (Session info: MicrosoftEdge=149.0.4022.62)
For documentation on this error, please visit: https://www.selenium.dev/documentation/webdriver/troubleshooting/errors#invalidselectorexception
Build info: version: '4.44.0', revision: 'da2039b'
System info: os.name: 'Windows 11', os.arch: 'amd64', os.version: '10.0', java.version: '21.0.10'
Driver info: org.openqa.selenium.edge.EdgeDriver
Command: [44244f51b9e0edeaa6c573c60c71708b, findElement {using=xpath, value=//button[normalize-spacet()=' Login ']}]
Capabilities {acceptInsecureCerts: false, browserName: MicrosoftEdge, browserVersion: 149.0.4022.62, fedcm:accounts: true, goog:processID: 18584, ms:edgeOptions: {debuggerAddress: localhost:51042}, msedge: {msedgedriverVersion: 149.0.4022.62 (068a180137b0..., userDataDir: C:\Users\DEVIKA~1\AppData\L...}, networkConnectionEnabled: false, pageLoadStrategy: normal, platformName: windows, proxy: Proxy(), se:cdp: ws://localhost:51042/devtoo..., se:cdpVersion: 149.0.4022.62, setWindowRect: true, strictFileInteractability: false, timeouts: {implicit: 0, pageLoad: 300000, script: 30000}, unhandledPromptBehavior: dismiss and notify, webauthn:extension:credBlob: true, webauthn:extension:largeBlob: true, webauthn:extension:minPinLength: true, webauthn:extension:prf: true, webauthn:virtualAuthenticators: true}
Session ID: 44244f51b9e0edeaa6c573c60c71708b
2026-06-12 09:12:52 [TestNG-tests-1] ERROR ActionDriver - element is not clickable: invalid selector: Unable to locate an element with the xpath expression //button[normalize-spacet()=' Login '] because of the following error:
SyntaxError: Failed to execute 'evaluate' on 'Document': The string '//button[normalize-spacet()=' Login ']' is not a valid XPath expression.
  (Session info: chrome=149.0.7827.103)
For documentation on this error, please visit: https://www.selenium.dev/documentation/webdriver/troubleshooting/errors#invalidselectorexception
Build info: version: '4.44.0', revision: 'da2039b'
System info: os.name: 'Windows 11', os.arch: 'amd64', os.version: '10.0', java.version: '21.0.10'
Driver info: org.openqa.selenium.chrome.ChromeDriver
Command: [7dcbc258df28ec0d27e1c6462c61b321, findElement {using=xpath, value=//button[normalize-spacet()=' Login ']}]
Capabilities {acceptInsecureCerts: false, browserName: chrome, browserVersion: 149.0.7827.103, chrome: {chromedriverVersion: 149.0.7827.115 (daf70f9ddee..., userDataDir: C:\Users\DEVIKA~1\AppData\L...}, fedcm:accounts: true, goog:chromeOptions: {debuggerAddress: localhost:55328}, goog:processID: 13220, networkConnectionEnabled: false, pageLoadStrategy: normal, platformName: windows, proxy: Proxy(), se:cdp: ws://localhost:55328/devtoo..., se:cdpVersion: 149.0.7827.103, setWindowRect: true, strictFileInteractability: false, timeouts: {implicit: 0, pageLoad: 300000, script: 30000}, unhandledPromptBehavior: dismiss and notify, webauthn:extension:credBlob: true, webauthn:extension:largeBlob: true, webauthn:extension:minPinLength: true, webauthn:extension:prf: true, webauthn:virtualAuthenticators: true}
Session ID: 7dcbc258df28ec0d27e1c6462c61b321
2026-06-12 09:13:42 [TestNG-tests-2] ERROR ActionDriver - element is not clickable: invalid selector: Unable to locate an element with the xpath expression //button[normalize-spacet()=' Login '] because of the following error:
SyntaxError: Failed to execute 'evaluate' on 'Document': The string '//button[normalize-spacet()=' Login ']' is not a valid XPath expression.
  (Session info: MicrosoftEdge=149.0.4022.62)
For documentation on this error, please visit: https://www.selenium.dev/documentation/webdriver/troubleshooting/errors#invalidselectorexception
Build info: version: '4.44.0', revision: 'da2039b'
System info: os.name: 'Windows 11', os.arch: 'amd64', os.version: '10.0', java.version: '21.0.10'
Driver info: org.openqa.selenium.edge.EdgeDriver
Command: [ea42918996c5314923fa4712762ae624, findElement {value=//button[normalize-spacet()=' Login '], using=xpath}]
Capabilities {acceptInsecureCerts: false, browserName: MicrosoftEdge, browserVersion: 149.0.4022.62, fedcm:accounts: true, goog:processID: 4940, ms:edgeOptions: {debuggerAddress: localhost:52055}, msedge: {msedgedriverVersion: 149.0.4022.62 (068a180137b0..., userDataDir: C:\Users\DEVIKA~1\AppData\L...}, networkConnectionEnabled: false, pageLoadStrategy: normal, platformName: windows, proxy: Proxy(), se:cdp: ws://localhost:52055/devtoo..., se:cdpVersion: 149.0.4022.62, setWindowRect: true, strictFileInteractability: false, timeouts: {implicit: 0, pageLoad: 300000, script: 30000}, unhandledPromptBehavior: dismiss and notify, webauthn:extension:credBlob: true, webauthn:extension:largeBlob: true, webauthn:extension:minPinLength: true, webauthn:extension:prf: true, webauthn:virtualAuthenticators: true}
Session ID: ea42918996c5314923fa4712762ae624
2026-06-12 09:13:44 [TestNG-tests-1] ERROR ActionDriver - element is not clickable: invalid selector: Unable to locate an element with the xpath expression //button[normalize-spacet()=' Login '] because of the following error:
SyntaxError: Failed to execute 'evaluate' on 'Document': The string '//button[normalize-spacet()=' Login ']' is not a valid XPath expression.
  (Session info: chrome=149.0.7827.103)
For documentation on this error, please visit: https://www.selenium.dev/documentation/webdriver/troubleshooting/errors#invalidselectorexception
Build info: version: '4.44.0', revision: 'da2039b'
System info: os.name: 'Windows 11', os.arch: 'amd64', os.version: '10.0', java.version: '21.0.10'
Driver info: org.openqa.selenium.chrome.ChromeDriver
Command: [f77fa57a9cda7bc8e1918925026a7846, findElement {value=//button[normalize-spacet()=' Login '], using=xpath}]
Capabilities {acceptInsecureCerts: false, browserName: chrome, browserVersion: 149.0.7827.103, chrome: {chromedriverVersion: 149.0.7827.115 (daf70f9ddee..., userDataDir: C:\Users\DEVIKA~1\AppData\L...}, fedcm:accounts: true, goog:chromeOptions: {debuggerAddress: localhost:52056}, goog:processID: 24840, networkConnectionEnabled: false, pageLoadStrategy: normal, platformName: windows, proxy: Proxy(), se:cdp: ws://localhost:52056/devtoo..., se:cdpVersion: 149.0.7827.103, setWindowRect: true, strictFileInteractability: false, timeouts: {implicit: 0, pageLoad: 300000, script: 30000}, unhandledPromptBehavior: dismiss and notify, webauthn:extension:credBlob: true, webauthn:extension:largeBlob: true, webauthn:extension:minPinLength: true, webauthn:extension:prf: true, webauthn:virtualAuthenticators: true}
Session ID: f77fa57a9cda7bc8e1918925026a7846
2026-06-12 09:13:52 [TestNG-tests-2] ERROR ActionDriver - element is not clickable: invalid selector: Unable to locate an element with the xpath expression //button[normalize-spacet()=' Login '] because of the following error:
SyntaxError: Failed to execute 'evaluate' on 'Document': The string '//button[normalize-spacet()=' Login ']' is not a valid XPath expression.
  (Session info: MicrosoftEdge=149.0.4022.62)
For documentation on this error, please visit: https://www.selenium.dev/documentation/webdriver/troubleshooting/errors#invalidselectorexception
Build info: version: '4.44.0', revision: 'da2039b'
System info: os.name: 'Windows 11', os.arch: 'amd64', os.version: '10.0', java.version: '21.0.10'
Driver info: org.openqa.selenium.edge.EdgeDriver
Command: [007e439ee8c936dc18dd5f77517f9c8d, findElement {value=//button[normalize-spacet()=' Login '], using=xpath}]
Capabilities {acceptInsecureCerts: false, browserName: MicrosoftEdge, browserVersion: 149.0.4022.62, fedcm:accounts: true, goog:processID: 24016, ms:edgeOptions: {debuggerAddress: localhost:52807}, msedge: {msedgedriverVersion: 149.0.4022.62 (068a180137b0..., userDataDir: C:\Users\DEVIKA~1\AppData\L...}, networkConnectionEnabled: false, pageLoadStrategy: normal, platformName: windows, proxy: Proxy(), se:cdp: ws://localhost:52807/devtoo..., se:cdpVersion: 149.0.4022.62, setWindowRect: true, strictFileInteractability: false, timeouts: {implicit: 0, pageLoad: 300000, script: 30000}, unhandledPromptBehavior: dismiss and notify, webauthn:extension:credBlob: true, webauthn:extension:largeBlob: true, webauthn:extension:minPinLength: true, webauthn:extension:prf: true, webauthn:virtualAuthenticators: true}
Session ID: 007e439ee8c936dc18dd5f77517f9c8d
2026-06-12 09:13:56 [TestNG-tests-1] ERROR ActionDriver - element is not clickable: invalid selector: Unable to locate an element with the xpath expression //button[normalize-spacet()=' Login '] because of the following error:
SyntaxError: Failed to execute 'evaluate' on 'Document': The string '//button[normalize-spacet()=' Login ']' is not a valid XPath expression.
  (Session info: chrome=149.0.7827.103)
For documentation on this error, please visit: https://www.selenium.dev/documentation/webdriver/troubleshooting/errors#invalidselectorexception
Build info: version: '4.44.0', revision: 'da2039b'
System info: os.name: 'Windows 11', os.arch: 'amd64', os.version: '10.0', java.version: '21.0.10'
Driver info: org.openqa.selenium.chrome.ChromeDriver
Command: [0f2f78913783b26ce141575348ee47d4, findElement {value=//button[normalize-spacet()=' Login '], using=xpath}]
Capabilities {acceptInsecureCerts: false, browserName: chrome, browserVersion: 149.0.7827.103, chrome: {chromedriverVersion: 149.0.7827.115 (daf70f9ddee..., userDataDir: C:\Users\DEVIKA~1\AppData\L...}, fedcm:accounts: true, goog:chromeOptions: {debuggerAddress: localhost:59827}, goog:processID: 22580, networkConnectionEnabled: false, pageLoadStrategy: normal, platformName: windows, proxy: Proxy(), se:cdp: ws://localhost:59827/devtoo..., se:cdpVersion: 149.0.7827.103, setWindowRect: true, strictFileInteractability: false, timeouts: {implicit: 0, pageLoad: 300000, script: 30000}, unhandledPromptBehavior: dismiss and notify, webauthn:extension:credBlob: true, webauthn:extension:largeBlob: true, webauthn:extension:minPinLength: true, webauthn:extension:prf: true, webauthn:virtualAuthenticators: true}
Session ID: 0f2f78913783b26ce141575348ee47d4
2026-06-12 09:17:31 [TestNG-tests-1] ERROR ActionDriver - Unable to compare Texts:Cannot invoke "com.aventstack.extentreports.ExtentTest.pass(String)" because the return value of "com.orangehrm.utilities.ExtentManager.getTest()" is null
2026-06-12 09:17:34 [TestNG-tests-2] ERROR ActionDriver - Unable to compare Texts:Cannot invoke "com.aventstack.extentreports.ExtentTest.pass(String)" because the return value of "com.orangehrm.utilities.ExtentManager.getTest()" is null
2026-06-12 09:17:47 [TestNG-tests-1] ERROR ActionDriver - Element is not displayed: Cannot invoke "com.aventstack.extentreports.ExtentTest.pass(String)" because the return value of "com.orangehrm.utilities.ExtentManager.getTest()" is null
2026-06-12 09:17:56 [TestNG-tests-2] ERROR ActionDriver - Element is not visible:Expected condition failed: waiting for visibility of element found by By.xpath: //span[text()='Admin']
(tried for 10 seconds with 500 milliseconds interval)
Build info: version: '4.44.0', revision: 'da2039b'
System info: os.name: 'Windows 11', os.arch: 'amd64', os.version: '10.0', java.version: '21.0.10'
Driver info: org.openqa.selenium.edge.EdgeDriver
Capabilities {acceptInsecureCerts: false, browserName: MicrosoftEdge, browserVersion: 149.0.4022.62, fedcm:accounts: true, goog:processID: 18112, ms:edgeOptions: {debuggerAddress: localhost:51230}, msedge: {msedgedriverVersion: 149.0.4022.62 (068a180137b0..., userDataDir: C:\Users\DEVIKA~1\AppData\L...}, networkConnectionEnabled: false, pageLoadStrategy: normal, platformName: windows, proxy: Proxy(), se:cdp: ws://localhost:51230/devtoo..., se:cdpVersion: 149.0.4022.62, setWindowRect: true, strictFileInteractability: false, timeouts: {implicit: 0, pageLoad: 300000, script: 30000}, unhandledPromptBehavior: dismiss and notify, webauthn:extension:credBlob: true, webauthn:extension:largeBlob: true, webauthn:extension:minPinLength: true, webauthn:extension:prf: true, webauthn:virtualAuthenticators: true}
Session ID: 480b414fa5f3c6eb1c15078eabe9252c
2026-06-12 09:17:56 [TestNG-tests-2] ERROR ActionDriver - Element is not displayed: Cannot invoke "com.aventstack.extentreports.ExtentTest.pass(String)" because the return value of "com.orangehrm.utilities.ExtentManager.getTest()" is null
2026-06-12 09:25:57 [TestNG-tests-2] ERROR ActionDriver - Element is not visible:Expected condition failed: waiting for visibility of element found by By.xpath: //span[text()='Admin']
(tried for 10 seconds with 500 milliseconds interval)
Build info: version: '4.44.0', revision: 'da2039b'
System info: os.name: 'Windows 11', os.arch: 'amd64', os.version: '10.0', java.version: '21.0.10'
Driver info: org.openqa.selenium.edge.EdgeDriver
Capabilities {acceptInsecureCerts: false, browserName: MicrosoftEdge, browserVersion: 149.0.4022.62, fedcm:accounts: true, goog:processID: 6444, ms:edgeOptions: {debuggerAddress: localhost:53625}, msedge: {msedgedriverVersion: 149.0.4022.62 (068a180137b0..., userDataDir: C:\Users\DEVIKA~1\AppData\L...}, networkConnectionEnabled: false, pageLoadStrategy: normal, platformName: windows, proxy: Proxy(), se:cdp: ws://localhost:53625/devtoo..., se:cdpVersion: 149.0.4022.62, setWindowRect: true, strictFileInteractability: false, timeouts: {implicit: 0, pageLoad: 300000, script: 30000}, unhandledPromptBehavior: dismiss and notify, webauthn:extension:credBlob: true, webauthn:extension:largeBlob: true, webauthn:extension:minPinLength: true, webauthn:extension:prf: true, webauthn:virtualAuthenticators: true}
Session ID: 84ac087dc63d158cfbb3bf26c55ba8d4
2026-06-12 09:28:50 [TestNG-tests-2] ERROR ActionDriver - Element is not visible:Expected condition failed: waiting for visibility of element found by By.xpath: //span[text()='Admin']
(tried for 20 seconds with 500 milliseconds interval)
Build info: version: '4.44.0', revision: 'da2039b'
System info: os.name: 'Windows 11', os.arch: 'amd64', os.version: '10.0', java.version: '21.0.10'
Driver info: org.openqa.selenium.edge.EdgeDriver
Capabilities {acceptInsecureCerts: false, browserName: MicrosoftEdge, browserVersion: 149.0.4022.62, fedcm:accounts: true, goog:processID: 26224, ms:edgeOptions: {debuggerAddress: localhost:61905}, msedge: {msedgedriverVersion: 149.0.4022.62 (068a180137b0..., userDataDir: C:\Users\DEVIKA~1\AppData\L...}, networkConnectionEnabled: false, pageLoadStrategy: normal, platformName: windows, proxy: Proxy(), se:cdp: ws://localhost:61905/devtoo..., se:cdpVersion: 149.0.4022.62, setWindowRect: true, strictFileInteractability: false, timeouts: {implicit: 0, pageLoad: 300000, script: 30000}, unhandledPromptBehavior: dismiss and notify, webauthn:extension:credBlob: true, webauthn:extension:largeBlob: true, webauthn:extension:minPinLength: true, webauthn:extension:prf: true, webauthn:virtualAuthenticators: true}
Session ID: 42ecb12b5f0c42f62707fe7ca5735060
2026-06-12 09:34:58 [TestNG-tests-2] ERROR ActionDriver - Element is not visible:Expected condition failed: waiting for visibility of element found by By.xpath: //span[text()='Admin']
(tried for 20 seconds with 500 milliseconds interval)
Build info: version: '4.44.0', revision: 'da2039b'
System info: os.name: 'Windows 11', os.arch: 'amd64', os.version: '10.0', java.version: '21.0.10'
Driver info: org.openqa.selenium.edge.EdgeDriver
Capabilities {acceptInsecureCerts: false, browserName: MicrosoftEdge, browserVersion: 149.0.4022.62, fedcm:accounts: true, goog:processID: 16248, ms:edgeOptions: {debuggerAddress: localhost:56298}, msedge: {msedgedriverVersion: 149.0.4022.62 (068a180137b0..., userDataDir: C:\Users\DEVIKA~1\AppData\L...}, networkConnectionEnabled: false, pageLoadStrategy: normal, platformName: windows, proxy: Proxy(), se:cdp: ws://localhost:56298/devtoo..., se:cdpVersion: 149.0.4022.62, setWindowRect: true, strictFileInteractability: false, timeouts: {implicit: 0, pageLoad: 300000, script: 30000}, unhandledPromptBehavior: dismiss and notify, webauthn:extension:credBlob: true, webauthn:extension:largeBlob: true, webauthn:extension:minPinLength: true, webauthn:extension:prf: true, webauthn:virtualAuthenticators: true}
Session ID: 9e1fe7d8ef319697d4582ef4d04a2a55
2026-06-12 09:38:39 [TestNG-tests-1] ERROR ActionDriver - Element is not visible:Expected condition failed: waiting for visibility of element found by By.xpath: //span[text()='Admin']
(tried for 20 seconds with 500 milliseconds interval)
Build info: version: '4.44.0', revision: 'da2039b'
System info: os.name: 'Windows 11', os.arch: 'amd64', os.version: '10.0', java.version: '21.0.10'
Driver info: org.openqa.selenium.chrome.ChromeDriver
Capabilities {acceptInsecureCerts: false, browserName: chrome, browserVersion: 149.0.7827.103, chrome: {chromedriverVersion: 149.0.7827.115 (daf70f9ddee..., userDataDir: C:\Users\DEVIKA~1\AppData\L...}, fedcm:accounts: true, goog:chromeOptions: {debuggerAddress: localhost:50496}, goog:processID: 12248, networkConnectionEnabled: false, pageLoadStrategy: normal, platformName: windows, proxy: Proxy(), se:cdp: ws://localhost:50496/devtoo..., se:cdpVersion: 149.0.7827.103, setWindowRect: true, strictFileInteractability: false, timeouts: {implicit: 0, pageLoad: 300000, script: 30000}, unhandledPromptBehavior: dismiss and notify, webauthn:extension:credBlob: true, webauthn:extension:largeBlob: true, webauthn:extension:minPinLength: true, webauthn:extension:prf: true, webauthn:virtualAuthenticators: true}
Session ID: 708fb5f862a6894b7368ab38db867798
2026-06-12 09:38:43 [TestNG-tests-2] ERROR ActionDriver - Element is not visible:Expected condition failed: waiting for visibility of element found by By.xpath: //span[text()='Admin']
(tried for 20 seconds with 500 milliseconds interval)
Build info: version: '4.44.0', revision: 'da2039b'
System info: os.name: 'Windows 11', os.arch: 'amd64', os.version: '10.0', java.version: '21.0.10'
Driver info: org.openqa.selenium.edge.EdgeDriver
Capabilities {acceptInsecureCerts: false, browserName: MicrosoftEdge, browserVersion: 149.0.4022.62, fedcm:accounts: true, goog:processID: 13560, ms:edgeOptions: {debuggerAddress: localhost:60999}, msedge: {msedgedriverVersion: 149.0.4022.62 (068a180137b0..., userDataDir: C:\Users\DEVIKA~1\AppData\L...}, networkConnectionEnabled: false, pageLoadStrategy: normal, platformName: windows, proxy: Proxy(), se:cdp: ws://localhost:60999/devtoo..., se:cdpVersion: 149.0.4022.62, setWindowRect: true, strictFileInteractability: false, timeouts: {implicit: 0, pageLoad: 300000, script: 30000}, unhandledPromptBehavior: dismiss and notify, webauthn:extension:credBlob: true, webauthn:extension:largeBlob: true, webauthn:extension:minPinLength: true, webauthn:extension:prf: true, webauthn:virtualAuthenticators: true}
Session ID: 709cf3dbd90b416ce8485c71eb7a88fa
2026-06-12 12:01:57 [TestNG-tests-2] ERROR ActionDriver - Element is not visible:Expected condition failed: waiting for visibility of element found by By.name: username, but... org.openqa.selenium.NoSuchElementException: Unable to find element with locator By.name: username.
(tried for 20 seconds with 500 milliseconds interval)
Build info: version: '4.44.0', revision: 'da2039b'
System info: os.name: 'Windows 11', os.arch: 'amd64', os.version: '10.0', java.version: '21.0.10'
Driver info: org.openqa.selenium.edge.EdgeDriver
Capabilities {acceptInsecureCerts: false, browserName: MicrosoftEdge, browserVersion: 149.0.4022.62, fedcm:accounts: true, goog:processID: 24000, ms:edgeOptions: {debuggerAddress: localhost:49934}, msedge: {msedgedriverVersion: 149.0.4022.62 (068a180137b0..., userDataDir: C:\Users\DEVIKA~1\AppData\L...}, networkConnectionEnabled: false, pageLoadStrategy: normal, platformName: windows, proxy: Proxy(), se:cdp: ws://localhost:49934/devtoo..., se:cdpVersion: 149.0.4022.62, setWindowRect: true, strictFileInteractability: false, timeouts: {implicit: 0, pageLoad: 300000, script: 30000}, unhandledPromptBehavior: dismiss and notify, webauthn:extension:credBlob: true, webauthn:extension:largeBlob: true, webauthn:extension:minPinLength: true, webauthn:extension:prf: true, webauthn:virtualAuthenticators: true}
Session ID: e622385be347f8de18a05f69cf4fa5ae
2026-06-12 12:01:57 [TestNG-tests-2] ERROR ActionDriver - Unable to enter the value:no such window: target window already closed
from unknown error: web view not found
  (Session info: MicrosoftEdge=149.0.4022.62)
Build info: version: '4.44.0', revision: 'da2039b'
System info: os.name: 'Windows 11', os.arch: 'amd64', os.version: '10.0', java.version: '21.0.10'
Driver info: org.openqa.selenium.edge.EdgeDriver
Command: [e622385be347f8de18a05f69cf4fa5ae, findElement {value=username, using=name}]
Capabilities {acceptInsecureCerts: false, browserName: MicrosoftEdge, browserVersion: 149.0.4022.62, fedcm:accounts: true, goog:processID: 24000, ms:edgeOptions: {debuggerAddress: localhost:49934}, msedge: {msedgedriverVersion: 149.0.4022.62 (068a180137b0..., userDataDir: C:\Users\DEVIKA~1\AppData\L...}, networkConnectionEnabled: false, pageLoadStrategy: normal, platformName: windows, proxy: Proxy(), se:cdp: ws://localhost:49934/devtoo..., se:cdpVersion: 149.0.4022.62, setWindowRect: true, strictFileInteractability: false, timeouts: {implicit: 0, pageLoad: 300000, script: 30000}, unhandledPromptBehavior: dismiss and notify, webauthn:extension:credBlob: true, webauthn:extension:largeBlob: true, webauthn:extension:minPinLength: true, webauthn:extension:prf: true, webauthn:virtualAuthenticators: true}
Session ID: e622385be347f8de18a05f69cf4fa5ae
